transaction_id,user_id,merchant_id,transaction_date,amount,panier_moyen_user,ecart_panier_moyen_pct,day_period,delai_precedente_minutes,payment_method,cond_montant,cond_night,cond_delai,cond_crypto,nb_conditions,is_suspicious
TX0128520,U05522,M00243,2024-12-21T03:55:09.000+01:00,28279.41,4098.89,589.93,Night,,CRYPTO,1,1,0,1,3,1
TX0125590,U04730,M00557,2025-06-30T00:09:42.000+02:00,28156.15,1823.48,1444.09,Night,1.33,CRYPTO,1,1,1,1,4,1
TX0048605,U04169,M00297,2025-03-04T23:10:47.000+01:00,24894.33,914.59,2621.92,Night,762.0,CRYPTO,1,1,0,1,3,1
TX0112552,U04544,M00466,2024-06-04T02:26:36.000+02:00,23680.67,991.79,2287.67,Night,,CRYPTO,1,1,0,1,3,1
TX0045646,U02127,M00216,2024-05-12T01:03:19.000+02:00,22558.34,1003.0,2149.08,Night,5017.73,CRYPTO,1,1,0,1,3,1
TX0013617,U10366,M00206,2024-06-28T22:16:58.000+02:00,22136.92,5945.47,272.33,Night,525.2,CRYPTO,0,1,0,1,2,1
TX0107156,U11357,M00225,2025-02-23T22:37:37.000+01:00,22069.37,1666.09,1224.62,Night,174.85,CRYPTO,1,1,0,1,3,1
TX0078071,U04234,M00392,2024-12-08T22:31:15.000+01:00,21901.01,2712.14,707.52,Night,349.13,CRYPTO,1,1,0,1,3,1
TX0039334,U04524,M00557,2024-12-27T02:07:46.000+01:00,21408.95,11685.0,83.22,Night,,CRYPTO,0,1,0,1,2,1
TX0059347,U10614,M00284,2024-02-17T03:04:04.000+01:00,20970.89,1649.1,1171.66,Night,1935.15,CRYPTO,1,1,0,1,3,1
TX0073112,U00098,M00266,2024-10-30T10:08:15.000+01:00,20821.67,1421.02,1365.26,Morning,2.95,CASH,1,0,1,0,2,1
TX0078917,U02480,M00158,2024-05-18T03:18:16.000+02:00,20658.63,2306.87,795.53,Night,1041.35,CRYPTO,1,1,0,1,3,1
TX0047030,U08330,M00456,2025-06-30T22:27:26.000+02:00,20042.5,832.24,2308.25,Night,667.57,CRYPTO,1,1,0,1,3,1
TX0088984,U08608,M00258,2025-06-26T00:34:53.000+02:00,19590.48,2184.37,796.85,Night,10522.58,CRYPTO,1,1,0,1,3,1
TX0104573,U04993,M00463,2025-11-10T00:05:33.000+01:00,19466.03,5649.63,244.55,Night,7231.12,CRYPTO,0,1,0,1,2,1
TX0003942,U02781,M00258,2025-09-17T02:26:07.000+02:00,19402.55,3039.4,538.37,Night,8113.33,CRYPTO,1,1,0,1,3,1
TX0101973,U07973,M00559,2024-05-23T00:28:40.000+02:00,19266.54,2149.77,796.21,Night,5942.42,CRYPTO,1,1,0,1,3,1
TX0054657,U03953,M00389,2024-11-01T03:26:00.000+01:00,19166.95,1117.97,1614.45,Night,,CRYPTO,1,1,0,1,3,1
TX0091013,U06106,M00199,2025-05-14T02:48:17.000+02:00,19158.39,1237.33,1448.37,Night,15334.38,CRYPTO,1,1,0,1,3,1
TX0010275,U09369,M00262,2024-03-18T00:23:06.000+01:00,19039.24,1201.06,1485.2,Night,6632.32,CRYPTO,1,1,0,1,3,1
TX0103272,U11865,M00315,2025-12-04T23:17:30.000+01:00,18291.7,2122.83,761.67,Night,385.12,CRYPTO,1,1,0,1,3,1
TX0065441,U08040,M00442,2024-10-22T00:28:47.000+02:00,18060.18,3796.66,375.69,Night,179219.55,CRYPTO,1,1,0,1,3,1
TX0066082,U08841,M00472,2024-05-27T02:17:36.000+02:00,16828.19,1267.84,1227.31,Night,6340.1,CRYPTO,1,1,0,1,3,1
TX0114618,U02803,M00038,2025-04-06T03:08:29.000+02:00,16072.56,795.86,1919.51,Night,9473.72,CRYPTO,1,1,0,1,3,1
TX0134219,U02116,M00592,2024-03-29T04:00:34.000+01:00,16069.46,1161.68,1283.29,Night,74.23,CRYPTO,1,1,0,1,3,1
TX0082099,U10760,M00529,2025-05-19T02:22:23.000+02:00,16039.27,1430.49,1021.24,Night,4674.27,CRYPTO,1,1,0,1,3,1
TX0054954,U03224,M00289,2025-10-23T03:58:46.000+02:00,15809.51,763.15,1971.6,Night,10474.9,CRYPTO,1,1,0,1,3,1
TX0069211,U09076,M00559,2025-01-20T23:18:50.000+01:00,15642.3,1526.65,924.62,Night,756.93,CRYPTO,1,1,0,1,3,1
TX0105161,U03872,M00102,2024-06-17T02:24:49.000+02:00,15495.33,3455.06,348.48,Night,160480.27,CRYPTO,1,1,0,1,3,1
TX0000603,U11865,M00407,2025-06-20T04:24:27.000+02:00,15459.97,2122.83,628.27,Night,4942.38,CRYPTO,1,1,0,1,3,1
TX0030172,U11062,M00264,2025-02-25T00:29:02.000+01:00,15424.63,2227.39,592.5,Night,6767.05,CRYPTO,1,1,0,1,3,1
TX0048796,U04925,M00266,2024-10-21T23:37:25.000+02:00,15071.15,730.58,1962.9,Night,991.3,CRYPTO,1,1,0,1,3,1
TX0088283,U00817,M00112,2025-03-14T03:07:53.000+01:00,14898.41,1361.71,994.1,Night,2060.4,CRYPTO,1,1,0,1,3,1
TX0082852,U11103,M00448,2024-11-18T00:22:22.000+01:00,14619.86,2009.11,627.68,Night,9817.6,CRYPTO,1,1,0,1,3,1
TX0073980,U07541,M00035,2025-08-21T01:27:26.000+02:00,14274.28,719.08,1885.07,Night,16462.37,CRYPTO,1,1,0,1,3,1
TX0019487,U06338,M00068,2025-03-04T04:36:25.000+01:00,13374.88,2038.89,555.99,Night,266746.1,CRYPTO,1,1,0,1,3,1
TX0050194,U03565,M00084,2025-08-09T00:12:20.000+02:00,13305.24,514.93,2483.9,Night,781.97,CRYPTO,1,1,0,1,3,1
TX0104443,U08626,M00520,2024-08-18T22:23:02.000+02:00,13172.98,1394.35,844.74,Night,385.77,CRYPTO,1,1,0,1,3,1
TX0045034,U03606,M00556,2024-07-27T01:31:55.000+02:00,13095.93,1522.02,760.43,Night,22157.88,CRYPTO,1,1,0,1,3,1
TX0116835,U04199,M00508,2025-02-22T23:56:56.000+01:00,13009.54,1179.26,1003.19,Night,790.45,CRYPTO,1,1,0,1,3,1
TX0124753,U08841,M00075,2024-02-16T22:01:28.000+01:00,12878.43,1267.84,915.78,Night,825.33,CRYPTO,1,1,0,1,3,1
TX0083142,U00594,M00336,2024-02-24T00:06:38.000+01:00,12835.61,1544.39,731.11,Night,19652.92,CRYPTO,1,1,0,1,3,1
TX0043164,U00828,M00038,2025-01-13T02:08:47.000+01:00,12810.89,1266.51,911.51,Night,20340.08,CRYPTO,1,1,0,1,3,1
TX0112943,U08264,M00233,2024-02-27T04:12:01.000+01:00,12574.11,1638.27,667.52,Night,6756.73,CRYPTO,1,1,0,1,3,1
TX0038561,U06987,M00204,2024-06-07T04:06:56.000+02:00,12419.82,1477.16,740.79,Night,,CRYPTO,1,1,0,1,3,1
TX0108303,U04772,M00592,2025-07-03T03:10:53.000+02:00,12395.36,1363.0,809.42,Night,189658.5,CRYPTO,1,1,0,1,3,1
TX0061067,U03400,M00339,2024-04-02T03:57:20.000+02:00,12393.45,1050.82,1079.41,Night,18.95,CRYPTO,1,1,0,1,3,1
TX0084150,U06503,M00018,2025-09-06T03:40:07.000+02:00,12132.97,1083.57,1019.73,Night,97214.83,CRYPTO,1,1,0,1,3,1
TX0072341,U07950,M00545,2025-02-11T22:53:30.000+01:00,12007.1,1968.33,510.01,Night,767.68,CRYPTO,1,1,0,1,3,1
TX0075211,U11146,M00158,2024-07-06T02:59:36.000+02:00,12001.68,1571.93,663.5,Night,8335.67,CRYPTO,1,1,0,1,3,1
TX0060454,U11086,M00407,2025-06-07T01:53:09.000+02:00,11613.53,1039.88,1016.82,Night,14837.65,CRYPTO,1,1,0,1,3,1
TX0107897,U03007,M00525,2024-12-08T03:24:54.000+01:00,11342.64,928.23,1121.96,Night,82.28,CRYPTO,1,1,0,1,3,1
TX0006464,U09669,M00122,2024-11-26T03:36:01.000+01:00,11299.0,1394.12,710.47,Night,13688.63,CRYPTO,1,1,0,1,3,1
TX0103372,U03031,M00415,2025-03-06T02:12:45.000+01:00,11175.17,1318.97,747.27,Night,5231.23,CRYPTO,1,1,0,1,3,1
TX0015697,U04466,M00084,2024-09-20T04:45:23.000+02:00,10962.78,1974.44,455.23,Night,19359.12,CRYPTO,1,1,0,1,3,1
TX0071690,U08986,M00048,2024-11-01T01:35:11.000+01:00,10763.09,1025.81,949.22,Night,143523.63,CRYPTO,1,1,0,1,3,1
TX0044026,U06734,M00392,2024-09-26T03:30:06.000+02:00,10720.4,1753.59,511.34,Night,2113.02,CRYPTO,1,1,0,1,3,1
TX0077786,U11932,M00041,2025-10-14T22:36:25.000+02:00,10709.17,6019.55,77.91,Night,1208.38,CRYPTO,0,1,0,1,2,1
TX0006125,U00964,M00223,2024-11-13T02:21:48.000+01:00,10579.27,627.18,1586.79,Night,1993.18,CRYPTO,1,1,0,1,3,1
TX0001143,U04772,M00262,2025-02-06T04:41:24.000+01:00,10532.38,1363.0,672.74,Night,6857.92,CRYPTO,1,1,0,1,3,1
TX0080094,U09726,M00225,2025-12-20T22:28:33.000+01:00,10516.81,868.27,1111.24,Night,202.97,CRYPTO,1,1,0,1,3,1
TX0131921,U07865,M00471,2025-11-10T04:49:16.000+01:00,10491.55,1590.52,559.63,Night,741.75,CRYPTO,1,1,0,1,3,1
TX0018671,U01211,M00413,2025-11-09T04:48:32.000+01:00,10440.71,479.03,2079.53,Night,9485.87,CRYPTO,1,1,0,1,3,1
TX0073305,U11327,M00335,2025-01-17T22:50:24.000+01:00,10233.19,1329.93,669.45,Night,298.82,CRYPTO,1,1,0,1,3,1
TX0042921,U11671,M00559,2025-06-04T00:40:47.000+02:00,10224.4,1276.25,701.13,Night,851.8,CRYPTO,1,1,0,1,3,1
TX0080219,U06781,M00087,2025-08-08T23:17:54.000+02:00,10116.05,1917.91,427.45,Night,889.9,CRYPTO,1,1,0,1,3,1
TX0059349,U09599,M00531,2025-05-24T01:35:56.000+02:00,10008.2,991.62,909.28,Night,9051.63,CRYPTO,1,1,0,1,3,1
TX0108479,U09037,M00317,2025-09-21T11:21:37.000+02:00,10006.74,1142.68,775.73,Morning,2.7,CARD,1,0,1,0,2,1
TX0083153,U05303,M00508,2024-11-28T01:31:12.000+01:00,9998.5,1186.21,742.89,Night,1762.63,CRYPTO,1,1,0,1,3,1
TX0133661,U03587,M00018,2025-06-03T01:31:24.000+02:00,9940.58,850.88,1068.27,Night,2110.63,CRYPTO,1,1,0,1,3,1
TX0070424,U03063,M00398,2024-12-19T04:37:52.000+01:00,9839.08,889.76,1005.81,Night,2583.15,CRYPTO,1,1,0,1,3,1
TX0045201,U02056,M00531,2025-01-22T04:26:05.000+01:00,9783.79,1636.19,497.96,Night,78209.13,CRYPTO,1,1,0,1,3,1
TX0025270,U04730,M00557,2025-06-30T00:08:22.000+02:00,9742.06,1823.48,434.26,Night,2031.15,CRYPTO,1,1,0,1,3,1
TX0118609,U02800,M00407,2025-03-17T02:09:19.000+01:00,9678.11,383.53,2423.46,Night,6296.17,CRYPTO,1,1,0,1,3,1
TX0015879,U02822,M00198,2024-02-07T02:35:35.000+01:00,9675.21,1055.22,816.89,Night,1704.95,CRYPTO,1,1,0,1,3,1
TX0054926,U06106,M00224,2025-05-01T04:10:19.000+02:00,9264.67,1237.33,648.76,Night,90614.0,CRYPTO,1,1,0,1,3,1
TX0114024,U10704,M00297,2025-12-16T02:14:17.000+01:00,9193.4,828.42,1009.75,Night,5315.32,CRYPTO,1,1,0,1,3,1
TX0010504,U02611,M00507,2024-01-21T00:38:33.000+01:00,9177.75,1226.93,648.03,Night,632.28,CRYPTO,1,1,0,1,3,1
TX0045276,U05381,M00231,2025-12-02T02:04:38.000+01:00,8983.41,2162.12,315.49,Night,380740.62,CRYPTO,1,1,0,1,3,1
TX0005134,U11686,M00374,2024-05-03T23:16:08.000+02:00,8917.41,1346.82,562.11,Night,666.83,CRYPTO,1,1,0,1,3,1
TX0041110,U02912,M00525,2024-08-10T01:56:27.000+02:00,8895.26,2254.0,294.64,Night,,CRYPTO,0,1,0,1,2,1
TX0034604,U07232,M00393,2025-09-15T01:09:37.000+02:00,8800.83,392.91,2139.9,Night,7258.25,CRYPTO,1,1,0,1,3,1
TX0137327,U04806,M00158,2024-07-05T03:50:04.000+02:00,8687.82,1199.93,624.02,Night,56987.1,CRYPTO,1,1,0,1,3,1
TX0002305,U01298,M00158,2024-09-22T23:24:11.000+02:00,8520.43,428.56,1888.15,Night,550.37,CRYPTO,1,1,0,1,3,1
TX0118015,U06070,M00388,2025-05-15T03:21:14.000+02:00,8466.31,1216.19,596.13,Night,119050.5,CRYPTO,1,1,0,1,3,1
TX0085440,U07348,M00310,2024-11-17T04:41:38.000+01:00,8438.29,1534.12,450.04,Night,15381.72,CRYPTO,1,1,0,1,3,1
TX0093153,U10553,M00335,2025-11-17T04:10:47.000+01:00,8393.45,1363.4,515.63,Night,12226.78,CRYPTO,1,1,0,1,3,1
TX0044813,U03150,M00463,2025-07-27T02:15:01.000+02:00,8300.4,469.84,1666.63,Night,21327.22,CRYPTO,1,1,0,1,3,1
TX0129785,U04554,M00158,2025-07-01T02:32:30.000+02:00,8116.72,1214.78,568.16,Night,43737.25,CRYPTO,1,1,0,1,3,1
TX0091700,U08953,M00502,2025-06-07T22:54:53.000+02:00,7927.15,1181.42,570.99,Night,666.0,CRYPTO,1,1,0,1,3,1
TX0035275,U03853,M00167,2024-10-17T23:28:46.000+02:00,7926.64,1145.0,592.28,Night,1320.22,CRYPTO,1,1,0,1,3,1
TX0086640,U05528,M00459,2025-04-24T23:25:21.000+02:00,7917.83,798.17,892.0,Night,750.57,CRYPTO,1,1,0,1,3,1
TX0077957,U11115,M00099,2025-10-06T01:18:30.000+02:00,7910.09,916.46,763.11,Night,325.17,CRYPTO,1,1,0,1,3,1
TX0053060,U06580,M00593,2025-06-01T02:55:54.000+02:00,7848.93,1121.99,599.55,Night,31411.45,CRYPTO,1,1,0,1,3,1
TX0074730,U03798,M00317,2025-12-05T04:01:55.000+01:00,7761.26,558.81,1288.88,Night,142050.6,CRYPTO,1,1,0,1,3,1
TX0070220,U01425,M00418,2024-09-19T22:32:49.000+02:00,7718.98,1477.79,422.33,Night,150.43,CRYPTO,1,1,0,1,3,1
TX0056438,U00257,M00507,2024-05-26T22:08:43.000+02:00,7700.13,1263.63,509.37,Night,96.68,CRYPTO,1,1,0,1,3,1
TX0088240,U06630,M00502,2025-04-01T00:34:01.000+02:00,7658.07,812.93,842.04,Night,155852.93,CRYPTO,1,1,0,1,3,1
TX0130011,U07785,M00545,2025-08-31T04:52:02.000+02:00,7628.38,846.54,801.12,Night,8189.4,,1,1,0,0,2,1
TX0018854,U10017,M00539,2025-07-17T22:29:52.000+02:00,7602.72,602.41,1162.05,Night,236.93,CRYPTO,1,1,0,1,3,1
TX0072751,U10006,M00160,2025-07-27T01:48:19.000+02:00,7575.16,802.4,844.07,Night,331.65,CRYPTO,1,1,0,1,3,1
TX0120237,U10776,M00572,2025-07-19T22:44:27.000+02:00,7561.45,2776.6,172.33,Night,736.82,CRYPTO,0,1,0,1,2,1
TX0124551,U08427,M00382,2024-07-08T22:24:05.000+02:00,7549.96,1143.2,560.42,Night,144.93,CRYPTO,1,1,0,1,3,1
TX0069553,U04169,M00149,2024-10-04T00:30:05.000+02:00,7522.9,914.59,722.55,Night,265.27,CRYPTO,1,1,0,1,3,1
TX0008951,U07524,M00112,2025-01-26T01:12:05.000+01:00,7508.92,393.8,1806.8,Night,8840.82,CRYPTO,1,1,0,1,3,1
TX0065537,U03338,M00251,2025-09-07T19:08:57.000+02:00,7485.66,1377.95,443.25,Evening,1.07,BANK_TRANSFER,1,0,1,0,2,1
TX0078601,U07016,M00264,2024-10-24T00:08:19.000+02:00,7414.15,1344.36,451.5,Night,29577.22,CRYPTO,1,1,0,1,3,1
TX0091849,U11209,M00078,2025-02-06T00:22:46.000+01:00,7382.11,669.42,1002.76,Night,668.53,CRYPTO,1,1,0,1,3,1
TX0094591,U11397,M00158,2024-12-08T03:08:58.000+01:00,7378.14,1051.56,601.64,Night,20.47,CRYPTO,1,1,0,1,3,1
TX0068465,U10484,M00192,2024-11-03T03:48:35.000+01:00,7334.8,554.84,1221.96,Night,91216.47,CRYPTO,1,1,0,1,3,1
TX0080934,U10152,M00337,2024-04-08T04:04:18.000+02:00,7318.65,822.17,790.17,Night,99849.2,CRYPTO,1,1,0,1,3,1
TX0005077,U09875,M00160,2024-11-09T02:00:39.000+01:00,7263.78,1545.85,369.89,Night,6868.28,CRYPTO,1,1,0,1,3,1
TX0053278,U08615,M00420,2025-08-02T04:23:42.000+02:00,7108.74,739.55,861.23,Night,,CRYPTO,1,1,0,1,3,1
TX0083164,U08657,M00224,2024-05-28T04:06:06.000+02:00,7091.9,1200.31,490.84,Night,5296.5,CRYPTO,1,1,0,1,3,1
TX0019829,U02046,M00262,2024-03-08T02:10:39.000+01:00,7069.09,1369.92,416.02,Night,69.85,CRYPTO,1,1,0,1,3,1
TX0052574,U07114,M00206,2025-01-03T03:38:59.000+01:00,7044.94,300.43,2244.98,Night,10616.45,CRYPTO,1,1,0,1,3,1
TX0107334,U08669,M00277,2024-04-26T22:18:55.000+02:00,7006.91,925.78,656.87,Night,118.68,CRYPTO,1,1,0,1,3,1
TX0078849,U05057,M00033,2025-05-01T05:46:05.000+02:00,6985.59,1203.69,480.35,Night,,BANK_TRANSFER,1,1,0,0,2,1
TX0029713,U03788,M00127,2024-06-08T00:57:34.000+02:00,6908.24,719.65,859.94,Night,508.73,CRYPTO,1,1,0,1,3,1
TX0125950,U07350,M00360,2024-04-29T00:19:52.000+02:00,6871.18,1322.7,419.48,Night,54051.37,CRYPTO,1,1,0,1,3,1
TX0100111,U08644,M00544,2024-02-02T23:18:47.000+01:00,6865.98,641.55,970.22,Night,815.35,CRYPTO,1,1,0,1,3,1
TX0135345,U06814,M00526,2025-02-08T02:24:50.000+01:00,6852.31,822.23,733.38,Night,388.73,CRYPTO,1,1,0,1,3,1
TX0127182,U11033,M00266,2024-07-02T01:36:04.000+02:00,6834.4,1213.76,463.08,Night,6165.63,CARD,1,1,0,0,2,1
TX0040842,U09260,M00524,2024-10-29T03:09:59.000+01:00,6776.07,964.06,602.87,Night,123.3,CRYPTO,1,1,0,1,3,1
TX0027434,U01195,M00231,2025-03-23T22:01:44.000+01:00,6754.24,754.8,794.84,Night,26541.82,CARD,1,1,0,0,2,1
TX0017169,U08338,M00112,2025-06-23T23:55:38.000+02:00,6750.42,1025.53,558.24,Night,125.05,CRYPTO,1,1,0,1,3,1
TX0035866,U03651,M00225,2025-04-13T03:34:48.000+02:00,6732.35,1012.14,565.16,Night,193290.03,CRYPTO,1,1,0,1,3,1
TX0082310,U02017,M00407,2025-09-07T03:04:00.000+02:00,6668.85,708.68,841.03,Night,1871.28,CRYPTO,1,1,0,1,3,1
TX0034001,U07178,M00309,2025-10-31T00:22:10.000+01:00,6665.64,560.32,1089.61,Night,30986.73,CRYPTO,1,1,0,1,3,1
TX0030278,U07510,M00266,2024-10-14T23:33:56.000+02:00,6655.12,769.44,764.93,Night,19256.07,PAYPAL,1,1,0,0,2,1
TX0002291,U07221,M00225,2025-12-09T00:27:39.000+01:00,6520.25,1047.55,522.43,Night,7775.68,CRYPTO,1,1,0,1,3,1
TX0070824,U09923,M00149,2024-04-09T00:36:29.000+02:00,6510.07,968.65,572.07,Night,13007.78,CRYPTO,1,1,0,1,3,1
TX0110120,U02938,M00125,2025-07-16T23:14:17.000+02:00,6504.54,1369.51,374.96,Night,325.92,CRYPTO,1,1,0,1,3,1
TX0025097,U06476,M00327,2024-09-11T01:50:34.000+02:00,6494.41,382.48,1597.97,Night,910.73,CRYPTO,1,1,0,1,3,1
TX0126111,U07371,M00006,2024-11-06T00:56:31.000+01:00,6314.18,913.56,591.16,Night,2121.02,CRYPTO,1,1,0,1,3,1
TX0077148,U03935,M00084,2024-03-01T02:21:05.000+01:00,6276.43,1554.52,303.75,Night,705.12,CASH,1,1,0,0,2,1
TX0056978,U07588,M00224,2025-10-09T22:05:58.000+02:00,6240.71,863.73,622.53,Night,1125.67,CRYPTO,1,1,0,1,3,1
TX0064572,U02457,M00522,2025-06-23T04:42:02.000+02:00,6217.26,552.83,1024.63,Night,1180.18,CRYPTO,1,1,0,1,3,1
TX0092148,U05304,M00166,2025-05-06T22:54:31.000+02:00,6210.43,692.39,796.95,Night,238.52,CRYPTO,1,1,0,1,3,1
TX0085094,U07220,M00309,2025-11-09T22:55:41.000+01:00,6196.04,790.56,683.75,Night,730.28,CRYPTO,1,1,0,1,3,1
TX0083738,U01713,M00597,2024-01-23T06:55:38.000+01:00,6181.93,523.11,1081.76,Morning,1.03,PAYPAL,1,0,1,0,2,1
TX0128766,U06580,M00385,2025-12-20T03:23:50.000+01:00,6162.14,1121.99,449.21,Night,9608.95,BANK_TRANSFER,1,1,0,0,2,1
TX0092200,U11543,M00502,2025-08-04T04:40:20.000+02:00,6154.26,714.48,761.36,Night,7.67,CRYPTO,1,1,0,1,3,1
TX0107482,U06442,M00166,2025-09-14T04:55:14.000+02:00,6141.86,1232.6,398.29,Night,12796.45,CRYPTO,1,1,0,1,3,1
TX0134670,U11388,M00433,2024-02-03T04:12:22.000+01:00,6124.53,1255.47,387.83,Night,,CRYPTO,1,1,0,1,3,1
TX0058829,U04141,M00112,2025-06-04T15:26:50.000+02:00,6072.66,1044.43,481.43,Afternoon,4.0,CASH,1,0,1,0,2,1
TX0057146,U11368,M00488,2024-02-21T00:07:22.000+01:00,6062.82,1160.47,422.44,Night,2273.57,CRYPTO,1,1,0,1,3,1
TX0066325,U03477,M00575,2024-03-14T02:23:45.000+01:00,6038.14,1245.95,384.62,Night,6603.45,BANK_TRANSFER,1,1,0,0,2,1
TX0050381,U01105,M00167,2024-06-26T02:43:52.000+02:00,6024.4,1076.01,459.88,Night,8314.92,CRYPTO,1,1,0,1,3,1
TX0114023,U10497,M00407,2024-05-18T00:27:40.000+02:00,5998.92,1193.55,402.61,Night,13175.58,CRYPTO,1,1,0,1,3,1
TX0027142,U09995,M00419,2025-11-30T03:25:37.000+01:00,5977.06,491.47,1116.15,Night,14482.33,CRYPTO,1,1,0,1,3,1
TX0053228,U05438,M00537,2024-04-29T04:48:40.000+02:00,5971.58,794.71,651.42,Night,5336.27,CRYPTO,1,1,0,1,3,1
TX0106387,U09433,M00464,2025-08-20T01:43:35.000+02:00,5963.81,991.97,501.21,Night,19417.35,CRYPTO,1,1,0,1,3,1
TX0108546,U02629,M00561,2024-06-11T11:17:08.000+02:00,5958.6,1138.53,423.36,Morning,4.07,CRYPTO,1,0,1,1,3,1
TX0108161,U03143,M00520,2025-12-28T09:47:42.000+01:00,5936.32,1007.12,489.43,Morning,187.65,CRYPTO,1,0,0,1,2,1
TX0024359,U07655,M00385,2025-01-21T12:55:59.000+01:00,5931.24,713.44,731.35,Afternoon,17017.0,CRYPTO,1,0,0,1,2,1
TX0123690,U01031,M00264,2025-07-30T02:23:35.000+02:00,5913.19,545.46,984.06,Night,3550.45,CRYPTO,1,1,0,1,3,1
TX0029239,U02411,M00362,2025-09-10T04:55:42.000+02:00,5911.69,792.89,645.59,Night,134.07,CRYPTO,1,1,0,1,3,1
TX0021861,U11514,M00418,2025-03-30T00:43:00.000+01:00,5869.28,628.53,833.82,Night,2127.22,CRYPTO,1,1,0,1,3,1
TX0009137,U00465,M00284,2024-06-04T18:25:44.000+02:00,5841.9,957.3,510.25,Evening,160.62,CRYPTO,1,0,0,1,2,1
TX0033648,U11656,M00365,2025-03-29T02:14:58.000+01:00,5811.64,668.57,769.26,Night,112.72,CRYPTO,1,1,0,1,3,1
TX0074499,U02089,M00545,2024-09-08T01:00:33.000+02:00,5793.42,1027.98,463.57,Night,5157.8,CRYPTO,1,1,0,1,3,1
TX0050510,U02736,M00592,2024-05-18T01:46:54.000+02:00,5717.46,944.67,505.23,Night,477.88,CRYPTO,1,1,0,1,3,1
TX0093092,U06927,M00087,2025-05-27T02:15:28.000+02:00,5713.36,900.76,534.28,Night,22185.75,CRYPTO,1,1,0,1,3,1
TX0069745,U10497,M00407,2024-05-18T03:59:58.000+02:00,5708.54,1193.55,378.28,Night,212.3,CRYPTO,1,1,0,1,3,1
TX0054516,U11457,M00442,2024-06-01T01:28:02.000+02:00,5665.0,768.62,637.03,Night,,CRYPTO,1,1,0,1,3,1
TX0114986,U02283,M00191,2025-04-17T01:34:17.000+02:00,5637.97,843.02,568.78,Night,11669.18,CRYPTO,1,1,0,1,3,1
TX0039549,U11945,M00297,2024-03-28T23:48:48.000+01:00,5631.99,341.92,1547.15,Night,3470.23,CASH,1,1,0,0,2,1
TX0032490,U04345,M00244,2024-12-06T03:03:16.000+01:00,5627.21,944.94,495.51,Night,61044.82,CRYPTO,1,1,0,1,3,1
TX0128462,U04672,M00500,2025-01-20T02:02:25.000+01:00,5590.39,485.12,1052.36,Night,3547.05,CRYPTO,1,1,0,1,3,1
TX0126227,U04140,M00565,2024-12-04T02:02:14.000+01:00,5531.79,336.74,1542.75,Night,5065.05,CRYPTO,1,1,0,1,3,1
TX0065206,U01482,M00497,2025-02-20T22:36:25.000+01:00,5504.04,504.48,991.04,Night,474.47,CRYPTO,1,1,0,1,3,1
TX0058559,U01497,M00561,2025-11-12T22:16:46.000+01:00,5500.74,508.61,981.52,Night,221.93,CRYPTO,1,1,0,1,3,1
TX0110495,U11223,M00038,2025-09-02T03:26:24.000+02:00,5453.83,629.24,766.73,Night,,CASH,1,1,0,0,2,1
TX0089502,U07588,M00224,2025-10-09T03:20:18.000+02:00,5434.86,863.73,529.23,Night,3588.98,CRYPTO,1,1,0,1,3,1
TX0130952,U01127,M00074,2024-03-18T04:10:12.000+01:00,5374.92,1194.1,350.12,Night,6304.07,CRYPTO,1,1,0,1,3,1
TX0056008,U08499,M00166,2024-12-21T00:09:58.000+01:00,5358.18,692.35,673.91,Night,962.1,CRYPTO,1,1,0,1,3,1
TX0001073,U11349,M00220,2025-04-07T00:03:36.000+02:00,5353.9,533.27,903.97,Night,95198.1,CRYPTO,1,1,0,1,3,1
TX0089355,U10457,M00262,2024-10-17T01:14:39.000+02:00,5344.29,696.91,666.86,Night,1924.42,CRYPTO,1,1,0,1,3,1
TX0096743,U03980,M00266,2025-09-17T16:27:33.000+02:00,5334.34,963.89,453.42,Afternoon,1.08,CARD,1,0,1,0,2,1
TX0129962,U04466,M00592,2024-11-17T22:38:41.000+01:00,5332.55,1974.44,170.08,Night,9331.57,CRYPTO,0,1,0,1,2,1
TX0072553,U08565,M00084,2024-10-17T22:23:34.000+02:00,5292.89,867.58,510.07,Night,532.57,CRYPTO,1,1,0,1,3,1
TX0129955,U05435,M00069,2025-09-04T02:30:58.000+02:00,5283.83,974.38,442.27,Night,1862.48,CRYPTO,1,1,0,1,3,1
TX0035022,U07728,M00258,2025-09-06T23:08:35.000+02:00,5257.11,1010.39,420.3,Night,481.13,BANK_TRANSFER,1,1,0,0,2,1
TX0126509,U08991,M00243,2024-05-15T01:35:50.000+02:00,5217.55,1176.56,343.46,Night,4080.32,CARD,1,1,0,0,2,1
TX0091563,U08317,M00478,2024-11-21T02:15:24.000+01:00,5213.61,1215.81,328.82,Night,12459.42,PAYPAL,1,1,0,0,2,1
TX0022844,U08443,M00233,2024-12-05T23:09:27.000+01:00,5196.87,437.39,1088.15,Night,1916.08,CARD,1,1,0,0,2,1
TX0045281,U03698,M00054,2024-09-17T23:02:58.000+02:00,5162.37,1217.13,324.14,Night,350.15,CRYPTO,1,1,0,1,3,1
TX0024287,U05569,M00036,2024-08-23T23:07:00.000+02:00,5161.38,1322.03,290.41,Night,872.07,CRYPTO,0,1,0,1,2,1
TX0071032,U05200,M00231,2025-06-19T22:07:26.000+02:00,5159.07,701.27,635.67,Night,608.72,CRYPTO,1,1,0,1,3,1
TX0071981,U01981,M00327,2025-09-27T04:05:43.000+02:00,5130.16,463.19,1007.56,Night,6660.17,CRYPTO,1,1,0,1,3,1
TX0036813,U06181,M00398,2025-01-07T03:18:38.000+01:00,5071.12,1211.61,318.54,Night,3.75,CARD,1,1,1,0,3,1
TX0035931,U05790,M00520,2024-06-13T16:04:57.000+02:00,5020.43,625.67,702.41,Afternoon,10355.5,CRYPTO,1,0,0,1,2,1
TX0101889,U04086,M00158,2024-04-27T12:21:59.000+02:00,5017.16,1096.32,357.64,Afternoon,3.57,CASH,1,0,1,0,2,1
TX0136373,U11653,M00561,2025-06-15T04:49:37.000+02:00,5011.69,1063.45,371.27,Night,4890.0,CRYPTO,1,1,0,1,3,1
TX0130400,U01584,M00217,2025-09-24T00:39:38.000+02:00,4974.89,538.27,824.23,Night,23944.22,CRYPTO,1,1,0,1,3,1
TX0102528,U11338,M00339,2025-08-24T23:26:02.000+02:00,4973.24,663.51,649.54,Night,24755.17,BANK_TRANSFER,1,1,0,0,2,1
TX0107134,U00798,M00064,2025-07-28T03:47:19.000+02:00,4935.05,664.56,642.6,Night,2499.83,CRYPTO,1,1,0,1,3,1
TX0007065,U04293,M00370,2025-05-23T01:40:04.000+02:00,4907.83,954.38,414.24,Night,3660.95,CRYPTO,1,1,0,1,3,1
TX0060976,U10132,M00122,2024-09-24T20:59:59.000+02:00,4898.88,580.14,744.44,Evening,3.62,CARD,1,0,1,0,2,1
TX0097631,U05588,M00170,2025-09-21T05:51:22.000+02:00,4874.16,781.99,523.3,Night,10718.27,CARD,1,1,0,0,2,1
TX0030228,U07456,M00571,2024-07-05T23:38:05.000+02:00,4860.23,454.04,970.43,Night,598.85,CRYPTO,1,1,0,1,3,1
TX0076387,U11508,M00262,2025-01-27T02:29:48.000+01:00,4850.78,547.18,786.51,Night,1936.3,CRYPTO,1,1,0,1,3,1
TX0022690,U09126,M00217,2025-06-18T00:01:29.000+02:00,4847.72,668.21,625.48,Night,7966.73,CRYPTO,1,1,0,1,3,1
TX0025623,U04773,M00125,2024-08-27T23:02:00.000+02:00,4840.71,1258.37,284.68,Night,262.53,CRYPTO,0,1,0,1,2,1
TX0085872,U05510,M00354,2024-04-09T03:13:08.000+02:00,4823.34,431.18,1018.64,Night,6148.78,CRYPTO,1,1,0,1,3,1
TX0109329,U02350,M00270,2025-01-05T01:19:34.000+01:00,4800.42,718.35,568.25,Night,4807.48,CRYPTO,1,1,0,1,3,1
TX0134040,U08376,M00125,2025-06-01T04:56:56.000+02:00,4794.71,821.91,483.36,Night,48813.28,CRYPTO,1,1,0,1,3,1
TX0052303,U05780,M00572,2024-10-22T02:09:41.000+02:00,4787.72,635.65,653.2,Night,375.27,CRYPTO,1,1,0,1,3,1
TX0069276,U00592,M00225,2024-10-04T23:09:19.000+02:00,4764.03,780.55,510.34,Night,4880.22,CARD,1,1,0,0,2,1
TX0060484,U11530,M00352,2024-10-28T23:41:57.000+01:00,4757.63,601.42,691.06,Night,826.38,CRYPTO,1,1,0,1,3,1
TX0013467,U06978,M00591,2025-10-30T23:44:08.000+01:00,4757.1,464.12,924.98,Night,412.1,CRYPTO,1,1,0,1,3,1
TX0096414,U11230,M00519,2025-09-19T23:35:14.000+02:00,4742.79,926.5,411.9,Night,17349.62,CARD,1,1,0,0,2,1
TX0114053,U03208,M00407,2025-03-30T21:06:16.000+02:00,4736.53,502.04,843.46,Evening,3.07,BANK_TRANSFER,1,0,1,0,2,1
TX0114676,U01282,M00519,2025-03-01T01:18:01.000+01:00,4719.66,832.95,466.62,Night,,BANK_TRANSFER,1,1,0,0,2,1
TX0033862,U01688,M00458,2025-06-02T22:45:59.000+02:00,4704.61,865.38,443.65,Night,781.35,CRYPTO,1,1,0,1,3,1
TX0047356,U02887,M00448,2024-07-02T03:03:21.000+02:00,4693.37,923.22,408.37,Night,852.17,CARD,1,1,0,0,2,1
TX0123265,U11787,M00041,2024-05-14T20:43:34.000+02:00,4691.95,788.4,495.13,Evening,13537.68,CRYPTO,1,0,0,1,2,1
TX0121061,U03087,M00352,2024-11-16T02:29:49.000+01:00,4687.29,737.4,535.65,Night,11580.03,CRYPTO,1,1,0,1,3,1
TX0108480,U00856,M00446,2024-12-05T23:42:35.000+01:00,4681.81,1063.47,340.24,Night,71.75,CRYPTO,1,1,0,1,3,1
TX0026431,U09805,M00539,2024-05-13T20:54:34.000+02:00,4658.16,605.96,668.72,Evening,17497.97,CRYPTO,1,0,0,1,2,1
TX0055915,U07689,M00336,2024-09-12T16:29:11.000+02:00,4650.41,898.49,417.58,Afternoon,106118.07,CRYPTO,1,0,0,1,2,1
TX0039296,U10774,M00335,2024-11-18T00:55:13.000+01:00,4647.98,1076.19,331.89,Night,4.47,BANK_TRANSFER,1,1,1,0,3,1
TX0017875,U11312,M00500,2024-07-05T23:55:15.000+02:00,4643.22,478.71,869.94,Night,955.22,CRYPTO,1,1,0,1,3,1
TX0011478,U06599,M00243,2024-07-30T03:04:51.000+02:00,4639.36,939.48,393.82,Night,47.43,CRYPTO,1,1,0,1,3,1
TX0079858,U10425,M00233,2024-08-19T05:25:44.000+02:00,4625.85,766.71,503.34,Night,12591.7,BANK_TRANSFER,1,1,0,0,2,1
TX0123619,U11593,M00231,2024-11-21T09:32:06.000+01:00,4623.86,1044.83,342.54,Morning,3849.55,CRYPTO,1,0,0,1,2,1
TX0035765,U02142,M00197,2024-02-18T09:31:02.000+01:00,4607.91,705.67,552.99,Morning,8057.82,CRYPTO,1,0,0,1,2,1
TX0076447,U10684,M00244,2024-06-28T00:02:59.000+02:00,4597.39,1303.92,252.58,Night,689.9,CRYPTO,0,1,0,1,2,1
TX0003097,U05657,M00149,2024-07-11T09:45:45.000+02:00,4591.54,384.98,1092.66,Morning,2875.9,CRYPTO,1,0,0,1,2,1
TX0018881,U04447,M00499,2025-04-06T22:50:15.000+02:00,4570.97,916.85,398.55,Night,1579.23,CRYPTO,1,1,0,1,3,1
TX0104737,U08465,M00441,2025-01-22T22:04:07.000+01:00,4562.29,969.56,370.55,Night,2435.12,CARD,1,1,0,0,2,1
TX0097625,U06394,M00463,2024-10-30T21:33:08.000+01:00,4554.28,546.7,733.04,Evening,3236.97,CRYPTO,1,0,0,1,2,1
TX0068224,U03587,M00559,2024-11-23T22:37:22.000+01:00,4549.71,850.88,434.71,Night,3420.37,BANK_TRANSFER,1,1,0,0,2,1
TX0105856,U00216,M00572,2025-06-02T23:39:19.000+02:00,4521.32,1003.27,350.66,Night,712.8,CRYPTO,1,1,0,1,3,1
TX0063433,U00023,M00279,2025-08-29T00:12:47.000+02:00,4493.45,825.0,444.66,Night,805.17,CRYPTO,1,1,0,1,3,1
TX0003965,U01552,M00588,2025-08-07T04:08:14.000+02:00,4489.25,382.23,1074.49,Night,4139.95,CRYPTO,1,1,0,1,3,1
TX0007787,U00289,M00575,2025-09-18T02:13:57.000+02:00,4488.69,1117.25,301.76,Night,3342.13,CRYPTO,1,1,0,1,3,1
TX0041265,U02914,M00112,2024-10-16T10:36:36.000+02:00,4487.05,596.72,651.95,Morning,33043.33,CRYPTO,1,0,0,1,2,1
TX0128216,U06461,M00182,2025-12-20T02:28:33.000+01:00,4485.36,526.26,752.31,Night,3336.27,CRYPTO,1,1,0,1,3,1
TX0033588,U11165,M00365,2024-08-14T02:59:46.000+02:00,4482.77,383.83,1067.91,Night,10931.73,CRYPTO,1,1,0,1,3,1
TX0048554,U10501,M00597,2025-11-08T02:18:00.000+01:00,4473.71,374.39,1094.93,Night,415690.25,CRYPTO,1,1,0,1,3,1
TX0033668,U01771,M00466,2025-01-01T11:16:53.000+01:00,4470.06,419.21,966.32,Morning,,CRYPTO,1,0,0,1,2,1
TX0126555,U01701,M00059,2024-12-24T01:11:48.000+01:00,4447.79,754.68,489.36,Night,8114.48,CASH,1,1,0,0,2,1
TX0126089,U05009,M00258,2025-01-07T05:10:42.000+01:00,4442.77,980.24,353.23,Night,15599.68,CASH,1,1,0,0,2,1
TX0130231,U00162,M00315,2025-10-05T20:16:34.000+02:00,4435.9,388.06,1043.09,Evening,,CRYPTO,1,0,0,1,2,1
TX0050556,U06184,M00478,2024-11-23T04:03:30.000+01:00,4428.81,770.32,474.93,Night,14210.07,BANK_TRANSFER,1,1,0,0,2,1
TX0012971,U05848,M00340,2024-04-01T02:32:57.000+02:00,4426.55,837.01,428.86,Night,,CRYPTO,1,1,0,1,3,1
TX0054909,U08615,M00329,2025-08-02T05:27:24.000+02:00,4415.12,739.55,497.0,Night,63.7,CASH,1,1,0,0,2,1
TX0020078,U04489,M00099,2025-12-06T08:25:27.000+01:00,4414.93,628.69,602.24,Morning,1.02,CRYPTO,1,0,1,1,3,1
TX0069918,U05407,M00317,2025-01-03T22:21:49.000+01:00,4399.78,959.31,358.64,Night,2767.92,CARD,1,1,0,0,2,1
TX0107179,U08671,M00329,2025-04-07T04:15:42.000+02:00,4390.31,701.9,525.49,Night,36519.35,PAYPAL,1,1,0,0,2,1
TX0060056,U11908,M00413,2025-03-03T23:43:47.000+01:00,4368.66,459.69,850.34,Night,2.78,CARD,1,1,1,0,3,1
TX0083118,U10517,M00315,2024-07-18T04:24:56.000+02:00,4359.56,420.47,936.84,Night,10615.08,PAYPAL,1,1,0,0,2,1
TX0134636,U02676,M00151,2025-08-30T22:07:56.000+02:00,4342.54,448.22,868.84,Night,94.37,CRYPTO,1,1,0,1,3,1
TX0097552,U03510,M00042,2025-04-07T22:02:38.000+02:00,4340.17,777.41,458.29,Night,527.7,CRYPTO,1,1,0,1,3,1
TX0040589,U04128,M00458,2024-08-22T23:50:01.000+02:00,4330.88,380.68,1037.68,Night,646.1,CRYPTO,1,1,0,1,3,1
TX0112635,U11230,M00224,2025-09-07T22:25:37.000+02:00,4323.63,926.5,366.66,Night,1508.07,PAYPAL,1,1,0,0,2,1
TX0058218,U06553,M00336,2024-11-28T01:09:42.000+01:00,4309.37,476.34,804.68,Night,862.77,CASH,1,1,0,0,2,1
TX0070702,U02748,M00149,2025-06-19T02:06:34.000+02:00,4297.99,801.91,435.97,Night,6668.63,PAYPAL,1,1,0,0,2,1
TX0123758,U03070,M00463,2025-10-01T23:06:11.000+02:00,4291.47,641.38,569.1,Night,177580.38,BANK_TRANSFER,1,1,0,0,2,1
TX0129059,U11599,M00099,2025-06-21T19:11:01.000+02:00,4272.36,474.38,800.63,Evening,24563.73,CRYPTO,1,0,0,1,2,1
TX0018578,U04407,M00168,2025-02-09T18:29:28.000+01:00,4266.54,594.46,617.72,Evening,8685.22,CRYPTO,1,0,0,1,2,1
TX0116175,U05483,M00526,2025-10-07T23:28:36.000+02:00,4257.07,522.47,714.79,Night,492658.35,PAYPAL,1,1,0,0,2,1
TX0063971,U08656,M00478,2024-08-16T01:18:14.000+02:00,4252.39,1247.94,240.75,Night,114111.17,CRYPTO,0,1,0,1,2,1
TX0062773,U05723,M00593,2025-02-24T11:21:48.000+01:00,4249.41,854.15,397.5,Morning,8247.38,CRYPTO,1,0,0,1,2,1
TX0010558,U00353,M00352,2025-08-20T07:51:41.000+02:00,4236.77,698.3,506.73,Morning,0.85,CRYPTO,1,0,1,1,3,1
TX0008913,U02271,M00466,2025-08-31T03:50:24.000+02:00,4220.01,804.57,424.5,Night,22070.28,PAYPAL,1,1,0,0,2,1
TX0011513,U00829,M00566,2025-05-05T09:13:36.000+02:00,4209.78,489.22,760.51,Morning,9003.93,CRYPTO,1,0,0,1,2,1
TX0107142,U06048,M00375,2025-02-11T00:49:22.000+01:00,4196.3,347.14,1108.81,Night,1730.52,CRYPTO,1,1,0,1,3,1
TX0057413,U03833,M00170,2024-12-23T22:27:47.000+01:00,4192.24,737.38,468.53,Night,6344.88,CASH,1,1,0,0,2,1
TX0080969,U09864,M00282,2024-11-07T08:37:50.000+01:00,4178.78,508.85,721.22,Morning,3.92,PAYPAL,1,0,1,0,2,1
TX0029090,U09850,M00566,2024-10-30T04:14:04.000+01:00,4169.02,908.5,358.89,Night,45130.08,BANK_TRANSFER,1,1,0,0,2,1
TX0126866,U03602,M00036,2025-12-08T01:51:31.000+01:00,4167.78,506.42,722.99,Night,685.67,CRYPTO,1,1,0,1,3,1
TX0030468,U07212,M00559,2024-09-11T04:07:33.000+02:00,4162.16,542.06,667.85,Night,7769.05,CARD,1,1,0,0,2,1
TX0093647,U01733,M00525,2024-03-07T01:08:23.000+01:00,4162.03,597.04,597.11,Night,6283.53,PAYPAL,1,1,0,0,2,1
TX0020427,U03651,M00033,2024-11-17T22:29:20.000+01:00,4158.79,1012.14,310.89,Night,5160.05,PAYPAL,1,1,0,0,2,1
TX0082243,U11902,M00199,2024-06-09T04:08:39.000+02:00,4144.36,995.68,316.23,Night,2588.18,CRYPTO,1,1,0,1,3,1
TX0034592,U00291,M00564,2024-12-20T02:18:13.000+01:00,4119.32,875.92,370.28,Night,,CRYPTO,1,1,0,1,3,1
TX0085528,U11726,M00297,2025-09-02T22:06:25.000+02:00,4114.51,627.53,555.67,Night,133106.48,BANK_TRANSFER,1,1,0,0,2,1
TX0078640,U10317,M00423,2024-10-03T23:43:01.000+02:00,4103.14,937.54,337.65,Night,471.68,CRYPTO,1,1,0,1,3,1
TX0118285,U02268,M00225,2024-05-11T01:49:13.000+02:00,4091.65,786.28,420.38,Night,72530.78,CASH,1,1,0,0,2,1
TX0118461,U08725,M00339,2025-01-03T22:12:26.000+01:00,4083.07,542.73,652.32,Night,53311.77,BANK_TRANSFER,1,1,0,0,2,1
TX0070766,U06214,M00255,2024-07-27T10:42:25.000+02:00,4073.34,549.61,641.14,Morning,5316.73,CRYPTO,1,0,0,1,2,1
TX0059626,U07656,M00166,2024-07-20T17:26:47.000+02:00,4067.98,733.82,454.35,Afternoon,17007.6,CRYPTO,1,0,0,1,2,1
TX0120083,U02517,M00572,2025-04-24T01:07:12.000+02:00,4014.07,744.03,439.5,Night,1527.7,CRYPTO,1,1,0,1,3,1
TX0012711,U02247,M00195,2024-03-13T22:57:46.000+01:00,4002.96,551.75,625.51,Night,7651.8,CRYPTO,1,1,0,1,3,1
TX0012460,U06365,M00283,2024-01-15T22:58:12.000+01:00,3997.11,509.86,683.96,Night,224.83,CRYPTO,1,1,0,1,3,1
TX0104953,U00131,M00432,2024-08-26T13:14:41.000+02:00,3990.87,428.41,831.56,Afternoon,4.6,BANK_TRANSFER,1,0,1,0,2,1
TX0097554,U08088,M00438,2024-08-09T23:06:54.000+02:00,3974.95,390.47,917.98,Night,4.82,PAYPAL,1,1,1,0,3,1
TX0057926,U06057,M00292,2024-09-19T15:48:10.000+02:00,3964.6,531.57,645.83,Afternoon,6658.58,CRYPTO,1,0,0,1,2,1
TX0053085,U03670,M00170,2024-06-18T22:32:26.000+02:00,3961.57,817.16,384.8,Night,,BANK_TRANSFER,1,1,0,0,2,1
TX0011739,U02205,M00028,2025-03-08T00:34:45.000+01:00,3959.57,603.54,556.06,Night,6235.88,CRYPTO,1,1,0,1,3,1
TX0010541,U00741,M00054,2024-11-13T22:23:01.000+01:00,3944.15,469.63,739.85,Night,1630.08,PAYPAL,1,1,0,0,2,1
TX0057093,U03320,M00165,2025-09-30T01:59:12.000+02:00,3920.31,743.0,427.63,Night,15270.75,CASH,1,1,0,0,2,1
TX0066966,U07444,M00351,2024-06-30T03:39:49.000+02:00,3919.61,589.74,564.63,Night,2463.83,BANK_TRANSFER,1,1,0,0,2,1
TX0112717,U01749,M00204,2025-12-23T02:18:06.000+01:00,3915.27,834.02,369.45,Night,830.25,CARD,1,1,0,0,2,1
TX0075994,U09965,M00442,2024-11-27T04:52:26.000+01:00,3912.76,713.16,448.65,Night,5068.88,CRYPTO,1,1,0,1,3,1
TX0000044,U02844,M00192,2024-09-07T03:28:47.000+02:00,3910.19,379.15,931.31,Night,147473.3,CRYPTO,1,1,0,1,3,1
TX0114283,U03384,M00357,2024-10-14T03:30:48.000+02:00,3903.29,1415.03,175.84,Night,3.98,CASH,0,1,1,0,2,1
TX0134726,U05487,M00442,2025-09-23T04:53:03.000+02:00,3897.31,634.48,514.25,Night,5621.4,CRYPTO,1,1,0,1,3,1
TX0051636,U04210,M00298,2024-10-04T23:53:56.000+02:00,3894.27,603.22,545.58,Night,6051.0,BANK_TRANSFER,1,1,0,0,2,1
TX0129101,U10008,M00122,2024-06-15T11:22:15.000+02:00,3888.83,424.49,816.11,Morning,16761.12,CRYPTO,1,0,0,1,2,1
TX0119767,U05833,M00048,2025-03-17T00:12:51.000+01:00,3884.85,794.23,389.14,Night,,CRYPTO,1,1,0,1,3,1
TX0112120,U09402,M00289,2024-04-26T10:32:59.000+02:00,3866.94,954.83,304.99,Morning,4120.48,CRYPTO,1,0,0,1,2,1
TX0049922,U04061,M00464,2024-08-25T04:11:03.000+02:00,3861.43,391.53,886.24,Night,894.15,CRYPTO,1,1,0,1,3,1
TX0107956,U07526,M00335,2025-05-31T05:25:02.000+02:00,3860.93,768.05,402.69,Night,3956.5,PAYPAL,1,1,0,0,2,1
TX0037457,U04784,M00463,2025-06-12T18:08:31.000+02:00,3855.7,614.14,527.82,Evening,1844.22,CRYPTO,1,0,0,1,2,1
TX0065826,U06585,M00266,2024-02-10T13:23:45.000+01:00,3849.64,481.44,699.62,Afternoon,1.68,PAYPAL,1,0,1,0,2,1
TX0035601,U03800,M00112,2024-08-11T22:43:26.000+02:00,3827.68,864.98,342.52,Night,6243.17,PAYPAL,1,1,0,0,2,1
TX0018229,U04028,M00315,2024-12-17T19:00:03.000+01:00,3810.44,350.52,987.08,Evening,1.72,CASH,1,0,1,0,2,1
TX0102386,U07381,M00084,2024-07-19T09:40:57.000+02:00,3799.36,802.17,373.63,Morning,18393.65,CRYPTO,1,0,0,1,2,1
TX0054676,U11339,M00267,2024-12-06T04:02:44.000+01:00,3784.69,1209.94,212.8,Night,75490.62,CRYPTO,0,1,0,1,2,1
TX0126082,U04819,M00225,2025-03-07T19:17:11.000+01:00,3763.28,471.91,697.47,Evening,0.72,BANK_TRANSFER,1,0,1,0,2,1
TX0013838,U11963,M00144,2024-04-06T01:13:13.000+02:00,3762.36,714.79,426.36,Night,16036.58,CRYPTO,1,1,0,1,3,1
TX0000594,U00420,M00242,2025-04-16T22:35:26.000+02:00,3757.25,798.27,370.67,Night,203.15,CRYPTO,1,1,0,1,3,1
TX0112422,U04241,M00204,2024-04-25T02:47:51.000+02:00,3753.68,812.2,362.16,Night,3499.55,CASH,1,1,0,0,2,1
TX0035736,U04090,M00476,2025-08-17T01:40:58.000+02:00,3753.24,831.56,351.35,Night,3464.27,CARD,1,1,0,0,2,1
TX0023677,U10283,M00420,2025-02-22T11:47:57.000+01:00,3738.44,765.82,388.16,Morning,1.57,BANK_TRANSFER,1,0,1,0,2,1
TX0086607,U06020,M00575,2025-11-19T01:50:02.000+01:00,3732.87,453.96,722.29,Night,328.38,PAYPAL,1,1,0,0,2,1
TX0035700,U08776,M00529,2024-11-07T22:35:15.000+01:00,3721.61,609.71,510.39,Night,1754.28,CARD,1,1,0,0,2,1
TX0057136,U10526,M00466,2024-12-20T23:44:51.000+01:00,3719.06,595.13,524.91,Night,6007.8,PAYPAL,1,1,0,0,2,1
TX0048920,U00244,M00284,2024-03-15T22:37:19.000+01:00,3715.62,249.7,1388.04,Night,161.4,CARD,1,1,0,0,2,1
TX0102177,U03379,M00054,2025-01-19T01:23:04.000+01:00,3702.51,387.83,854.68,Night,849.23,BANK_TRANSFER,1,1,0,0,2,1
TX0106514,U03256,M00499,2025-12-27T11:56:30.000+01:00,3696.36,663.73,456.91,Morning,1.88,CASH,1,0,1,0,2,1
TX0115166,U09102,M00484,2024-11-19T02:10:20.000+01:00,3680.16,565.44,550.85,Night,16446.83,CRYPTO,1,1,0,1,3,1
TX0132076,U02903,M00181,2025-06-01T02:00:42.000+02:00,3661.73,714.62,412.4,Night,28.48,CRYPTO,1,1,0,1,3,1
TX0050077,U04843,M00084,2025-05-09T05:17:23.000+02:00,3657.67,783.58,366.79,Night,192146.52,PAYPAL,1,1,0,0,2,1
TX0048557,U01800,M00146,2024-09-02T02:57:32.000+02:00,3654.19,879.83,315.33,Night,,CRYPTO,1,1,0,1,3,1
TX0068680,U09168,M00225,2024-04-02T05:26:47.000+02:00,3618.87,743.52,386.72,Night,614.25,CRYPTO,1,1,0,1,3,1
TX0060151,U08907,M00258,2025-04-20T13:15:56.000+02:00,3618.77,746.2,384.96,Afternoon,6346.77,CRYPTO,1,0,0,1,2,1
TX0042129,U00664,M00252,2025-05-19T22:24:03.000+02:00,3618.42,603.46,499.61,Night,115.65,CRYPTO,1,1,0,1,3,1
TX0086226,U10357,M00204,2024-06-02T21:16:22.000+02:00,3612.67,510.87,607.15,Evening,2.93,CARD,1,0,1,0,2,1
TX0019057,U03218,M00266,2025-09-12T04:01:41.000+02:00,3597.39,537.0,569.91,Night,463.65,PAYPAL,1,1,0,0,2,1
TX0127528,U08210,M00258,2025-02-27T02:13:42.000+01:00,3586.91,693.79,417.0,Night,36804.22,CRYPTO,1,1,0,1,3,1
TX0092951,U11207,M00592,2024-12-09T01:47:25.000+01:00,3585.43,667.81,436.9,Night,19881.82,BANK_TRANSFER,1,1,0,0,2,1
TX0030487,U00457,M00502,2024-05-19T22:22:06.000+02:00,3554.24,481.26,638.52,Night,7646.13,BANK_TRANSFER,1,1,0,0,2,1
TX0031987,U08697,M00273,2024-08-31T05:54:45.000+02:00,3549.58,459.24,672.93,Night,14595.43,CARD,1,1,0,0,2,1
TX0115287,U05107,M00410,2024-05-13T02:44:04.000+02:00,3537.43,620.54,470.06,Night,13761.83,CRYPTO,1,1,0,1,3,1
TX0061754,U10926,M00170,2025-12-26T03:26:30.000+01:00,3523.28,867.99,305.91,Night,1157.18,PAYPAL,1,1,0,0,2,1
TX0019836,U11343,M00160,2025-03-24T10:14:17.000+01:00,3512.03,565.72,520.81,Morning,18449.53,CRYPTO,1,0,0,1,2,1
TX0098647,U00789,M00336,2024-03-08T22:19:46.000+01:00,3510.4,819.96,328.12,Night,8686.22,PAYPAL,1,1,0,0,2,1
TX0055636,U02679,M00224,2024-02-16T23:47:43.000+01:00,3508.02,542.66,546.44,Night,7403.78,CARD,1,1,0,0,2,1
TX0035537,U01288,M00231,2024-10-26T11:14:29.000+02:00,3491.29,392.07,790.48,Morning,25414.05,CRYPTO,1,0,0,1,2,1
TX0112700,U09667,M00556,2024-03-10T04:20:52.000+01:00,3488.44,769.69,353.23,Night,1724.55,CARD,1,1,0,0,2,1
TX0034595,U01014,M00074,2025-01-06T03:10:35.000+01:00,3485.22,650.62,435.68,Night,117881.28,CRYPTO,1,1,0,1,3,1
TX0027888,U05723,M00243,2024-12-02T11:15:31.000+01:00,3462.67,854.15,305.39,Morning,608.38,CRYPTO,1,0,0,1,2,1
TX0123256,U06383,M00225,2025-04-07T04:58:35.000+02:00,3448.17,1866.64,84.73,Night,,CRYPTO,0,1,0,1,2,1
TX0085120,U03167,M00198,2025-10-17T04:56:18.000+02:00,3435.23,660.58,420.03,Night,161.4,CRYPTO,1,1,0,1,3,1
TX0077804,U06043,M00112,2025-09-29T10:35:34.000+02:00,3434.65,686.09,400.61,Morning,31496.13,CRYPTO,1,0,0,1,2,1
TX0124533,U03718,M00038,2024-07-29T22:52:07.000+02:00,3434.52,669.59,412.93,Night,20851.95,CASH,1,1,0,0,2,1
TX0053171,U02591,M00114,2024-03-08T18:52:48.000+01:00,3430.8,380.24,802.27,Evening,2.2,CARD,1,0,1,0,2,1
TX0022262,U01111,M00033,2024-04-01T23:24:26.000+02:00,3429.97,783.78,337.62,Night,21904.42,CASH,1,1,0,0,2,1
TX0050639,U07193,M00336,2024-08-28T08:57:54.000+02:00,3415.98,491.24,595.38,Morning,7244.95,CRYPTO,1,0,0,1,2,1
TX0101393,U10388,M00122,2025-03-02T04:39:20.000+01:00,3408.49,501.43,579.75,Night,88309.5,CARD,1,1,0,0,2,1
TX0122585,U03874,M00277,2024-08-29T17:47:44.000+02:00,3406.17,818.16,316.32,Afternoon,3.88,CRYPTO,1,0,1,1,3,1
TX0090422,U01440,M00028,2024-05-09T23:22:19.000+02:00,3405.57,565.71,502.0,Night,867.32,CRYPTO,1,1,0,1,3,1
TX0049165,U04226,M00433,2025-09-11T19:40:47.000+02:00,3402.89,293.49,1059.46,Evening,1874.78,CRYPTO,1,0,0,1,2,1
TX0046053,U07911,M00592,2025-07-28T22:58:28.000+02:00,3395.68,618.57,448.95,Night,5279.85,CARD,1,1,0,0,2,1
TX0066492,U05567,M00519,2025-06-03T17:56:43.000+02:00,3395.21,439.51,672.5,Afternoon,23554.52,CRYPTO,1,0,0,1,2,1
TX0058669,U06429,M00112,2024-04-15T01:25:59.000+02:00,3393.32,844.9,301.62,Night,3094.52,CARD,1,1,0,0,2,1
TX0112166,U08210,M00478,2024-01-10T18:00:59.000+01:00,3390.07,693.79,388.63,Evening,,CRYPTO,1,0,0,1,2,1
TX0007889,U04920,M00297,2024-04-18T18:08:28.000+02:00,3387.97,801.8,322.54,Evening,51928.65,CRYPTO,1,0,0,1,2,1
TX0115539,U10470,M00122,2024-11-25T22:37:52.000+01:00,3384.55,636.04,432.13,Night,1763.65,CARD,1,1,0,0,2,1
TX0003866,U09821,M00158,2024-12-16T13:19:45.000+01:00,3382.05,669.27,405.34,Afternoon,22792.95,CRYPTO,1,0,0,1,2,1
TX0064293,U01389,M00251,2025-08-05T19:07:12.000+02:00,3380.68,561.95,501.6,Evening,2.72,CRYPTO,1,0,1,1,3,1
TX0065234,U00527,M00419,2025-06-21T19:37:34.000+02:00,3379.96,449.47,651.98,Evening,13568.37,CRYPTO,1,0,0,1,2,1
TX0134907,U05346,M00442,2025-10-08T00:15:50.000+02:00,3371.57,384.24,777.48,Night,3440.27,CRYPTO,1,1,0,1,3,1
TX0012848,U01240,M00223,2024-10-21T23:47:21.000+02:00,3370.86,747.68,350.84,Night,326.97,CARD,1,1,0,0,2,1
TX0051215,U02664,M00545,2024-05-31T11:08:04.000+02:00,3361.3,381.51,781.05,Morning,8412.1,CRYPTO,1,0,0,1,2,1
TX0104246,U08389,M00277,2024-07-22T01:32:06.000+02:00,3357.73,823.2,307.89,Night,9086.3,CASH,1,1,0,0,2,1
TX0064438,U00925,M00024,2024-02-15T22:34:48.000+01:00,3350.42,197.79,1593.93,Night,864.7,CRYPTO,1,1,0,1,3,1
TX0092822,U00247,M00529,2025-06-07T04:20:10.000+02:00,3338.92,1046.65,219.01,Night,150698.68,CRYPTO,0,1,0,1,2,1
TX0065582,U03528,M00223,2025-11-17T09:21:52.000+01:00,3336.77,486.82,585.42,Morning,14343.7,CRYPTO,1,0,0,1,2,1
TX0085287,U04818,M00559,2025-09-16T21:48:40.000+02:00,3333.38,632.33,427.16,Evening,5951.73,CRYPTO,1,0,0,1,2,1
TX0033980,U10777,M00059,2024-08-18T23:59:49.000+02:00,3328.94,808.02,311.99,Night,839.3,CRYPTO,1,1,0,1,3,1
TX0042159,U11038,M00225,2025-04-15T22:35:43.000+02:00,3328.93,641.62,418.83,Night,10515.3,CARD,1,1,0,0,2,1
TX0135438,U11837,M00165,2025-03-06T04:25:36.000+01:00,3322.02,332.71,898.46,Night,,CARD,1,1,0,0,2,1
TX0025935,U10166,M00225,2024-10-14T04:50:43.000+02:00,3320.94,1111.12,198.88,Night,37186.67,CRYPTO,0,1,0,1,2,1
TX0060760,U11439,M00492,2025-05-03T02:27:15.000+02:00,3320.5,773.08,329.51,Night,220538.33,CRYPTO,1,1,0,1,3,1
TX0007175,U09446,M00529,2025-06-17T22:41:58.000+02:00,3315.56,730.64,353.79,Night,8105.93,CRYPTO,1,1,0,1,3,1
TX0013097,U11503,M00262,2024-07-15T04:22:16.000+02:00,3297.88,543.45,506.84,Night,12638.57,BANK_TRANSFER,1,1,0,0,2,1
TX0026461,U06872,M00370,2025-11-02T04:05:07.000+01:00,3273.21,535.78,510.93,Night,3949.92,CRYPTO,1,1,0,1,3,1
TX0075078,U09099,M00368,2025-08-16T23:14:03.000+02:00,3265.83,245.12,1232.33,Night,502.25,CRYPTO,1,1,0,1,3,1
TX0111920,U05401,M00593,2025-10-02T20:53:13.000+02:00,3261.47,460.29,608.57,Evening,102245.0,CRYPTO,1,0,0,1,2,1
TX0127581,U10973,M00471,2025-02-05T22:35:39.000+01:00,3246.57,767.3,323.12,Night,6363.97,CARD,1,1,0,0,2,1
TX0045025,U06567,M00539,2025-12-15T06:47:57.000+01:00,3242.45,564.93,473.96,Morning,9518.85,CRYPTO,1,0,0,1,2,1
TX0116311,U07916,M00413,2024-12-15T22:58:03.000+01:00,3239.54,444.38,629.01,Night,10306.62,CARD,1,1,0,0,2,1
TX0071088,U04853,M00233,2025-06-14T23:20:28.000+02:00,3239.35,868.02,273.19,Night,335.83,CRYPTO,0,1,0,1,2,1
TX0052015,U08860,M00028,2025-09-17T03:39:59.000+02:00,3237.27,515.78,527.64,Night,7934.93,CRYPTO,1,1,0,1,3,1
TX0084498,U04210,M00520,2025-04-15T23:48:42.000+02:00,3231.04,603.22,435.63,Night,704.32,CRYPTO,1,1,0,1,3,1
TX0040441,U04410,M00160,2025-03-28T17:43:59.000+01:00,3224.32,836.49,285.46,Afternoon,2.08,CRYPTO,0,0,1,1,2,1
TX0070236,U06900,M00275,2025-11-27T02:10:15.000+01:00,3222.64,507.64,534.83,Night,682.62,CRYPTO,1,1,0,1,3,1
TX0045769,U10251,M00054,2024-06-26T01:34:52.000+02:00,3216.96,656.01,390.39,Night,23851.57,PAYPAL,1,1,0,0,2,1
TX0073899,U08557,M00158,2025-10-12T05:59:08.000+02:00,3215.38,582.74,451.77,Night,79744.5,CARD,1,1,0,0,2,1
TX0007955,U05932,M00270,2024-12-17T22:04:26.000+01:00,3202.97,485.94,559.13,Night,334.62,CRYPTO,1,1,0,1,3,1
TX0124961,U03129,M00368,2024-04-12T04:15:55.000+02:00,3200.37,279.25,1046.07,Night,14132.75,CRYPTO,1,1,0,1,3,1
TX0016067,U09565,M00456,2025-01-29T15:00:49.000+01:00,3196.38,554.31,476.64,Afternoon,11313.2,CRYPTO,1,0,0,1,2,1
TX0088025,U00334,M00258,2025-10-12T19:25:06.000+02:00,3184.97,411.83,673.36,Evening,5720.48,CRYPTO,1,0,0,1,2,1
TX0114258,U11241,M00247,2024-07-14T22:59:30.000+02:00,3170.1,463.4,584.1,Night,1765.7,CARD,1,1,0,0,2,1
TX0027906,U00952,M00102,2024-04-27T22:22:01.000+02:00,3168.73,1012.61,212.93,Night,935.82,CRYPTO,0,1,0,1,2,1
TX0098768,U02494,M00291,2025-03-02T22:00:43.000+01:00,3164.6,565.43,459.68,Night,,CARD,1,1,0,0,2,1
TX0073544,U05186,M00149,2024-07-01T22:07:43.000+02:00,3149.85,655.19,380.75,Night,398.57,CARD,1,1,0,0,2,1
TX0049163,U00536,M00297,2024-12-31T16:07:09.000+01:00,3145.62,298.14,955.07,Afternoon,33000.27,CRYPTO,1,0,0,1,2,1
TX0006317,U06950,M00233,2024-04-16T22:59:26.000+02:00,3138.68,380.86,724.11,Night,38195.2,CARD,1,1,0,0,2,1
TX0037198,U00271,M00092,2025-04-26T03:05:32.000+02:00,3137.41,477.57,556.95,Night,15151.72,CRYPTO,1,1,0,1,3,1
TX0025691,U07999,M00196,2024-09-11T02:36:32.000+02:00,3109.26,584.94,431.55,Night,7440.18,BANK_TRANSFER,1,1,0,0,2,1
TX0097880,U04772,M00033,2024-08-30T23:39:24.000+02:00,3102.37,1363.0,127.61,Night,3088.72,CRYPTO,0,1,0,1,2,1
TX0068964,U05672,M00575,2024-09-05T23:03:23.000+02:00,3089.43,550.97,460.73,Night,397.2,CASH,1,1,0,0,2,1
TX0021866,U07911,M00135,2025-07-13T01:45:53.000+02:00,3082.25,618.57,398.28,Night,15510.2,CRYPTO,1,1,0,1,3,1
TX0121705,U08614,M00059,2024-05-19T02:25:21.000+02:00,3071.29,451.35,580.46,Night,5351.27,CASH,1,1,0,0,2,1
TX0106803,U01733,M00258,2025-06-06T12:52:00.000+02:00,3067.87,597.04,413.85,Afternoon,407777.45,CRYPTO,1,0,0,1,2,1
TX0057836,U09914,M00370,2025-07-02T22:34:15.000+02:00,3062.49,749.71,308.49,Night,,BANK_TRANSFER,1,1,0,0,2,1
TX0135389,U04179,M00083,2025-09-08T03:49:55.000+02:00,3057.1,725.08,321.62,Night,5003.03,BANK_TRANSFER,1,1,0,0,2,1
TX0000567,U04893,M00583,2025-02-01T01:49:45.000+01:00,3045.42,453.14,572.07,Night,6044.28,CRYPTO,1,1,0,1,3,1
TX0129918,U11529,M00206,2024-12-17T03:56:09.000+01:00,3040.97,648.86,368.66,Night,1556.33,CARD,1,1,0,0,2,1
TX0052905,U09641,M00243,2024-11-06T03:03:11.000+01:00,3031.68,511.78,492.38,Night,2511.47,CRYPTO,1,1,0,1,3,1
TX0045635,U03287,M00502,2025-05-31T23:44:15.000+02:00,3017.22,915.63,229.53,Night,20698.67,CRYPTO,0,1,0,1,2,1
TX0039166,U04915,M00571,2024-12-06T02:36:21.000+01:00,2980.95,419.56,610.49,Night,3309.42,CRYPTO,1,1,0,1,3,1
TX0109717,U01415,M00442,2025-11-06T03:57:14.000+01:00,2974.6,545.59,445.21,Night,918.73,CRYPTO,1,1,0,1,3,1
TX0027505,U09728,M00478,2025-12-16T23:59:16.000+01:00,2971.07,674.16,340.71,Night,65538.92,BANK_TRANSFER,1,1,0,0,2,1
TX0009030,U03682,M00236,2025-05-24T02:02:33.000+02:00,2965.95,332.61,791.71,Night,10368.73,CRYPTO,1,1,0,1,3,1
TX0024290,U09361,M00544,2025-04-09T04:40:44.000+02:00,2952.82,659.77,347.55,Night,7548.98,BANK_TRANSFER,1,1,0,0,2,1
TX0132481,U07889,M00036,2024-07-04T04:34:11.000+02:00,2951.76,602.1,390.25,Night,,CRYPTO,1,1,0,1,3,1
TX0113187,U02588,M00315,2024-03-06T15:02:43.000+01:00,2950.39,530.29,456.38,Afternoon,1180.43,CRYPTO,1,0,0,1,2,1
TX0004348,U07149,M00459,2024-07-15T02:44:36.000+02:00,2944.06,494.87,494.92,Night,2585.1,BANK_TRANSFER,1,1,0,0,2,1
TX0073159,U05788,M00432,2024-11-20T15:26:14.000+01:00,2943.95,508.68,478.74,Afternoon,1665.63,CRYPTO,1,0,0,1,2,1
TX0134874,U06852,M00164,2025-02-20T03:29:05.000+01:00,2938.03,448.89,554.51,Night,10390.0,CRYPTO,1,1,0,1,3,1
TX0137000,U01404,M00216,2025-07-19T00:59:15.000+02:00,2930.89,406.04,621.82,Night,13475.67,CASH,1,1,0,0,2,1
TX0104498,U02360,M00529,2025-06-02T02:09:23.000+02:00,2923.63,456.02,541.12,Night,55855.52,CARD,1,1,0,0,2,1
TX0089804,U00655,M00559,2024-11-09T22:32:32.000+01:00,2921.35,519.58,462.25,Night,4695.78,CARD,1,1,0,0,2,1
TX0019568,U09247,M00545,2024-06-15T22:28:32.000+02:00,2919.41,519.5,461.97,Night,12017.02,BANK_TRANSFER,1,1,0,0,2,1
TX0011046,U03793,M00191,2024-08-25T23:48:03.000+02:00,2917.66,602.56,384.21,Night,13622.95,CASH,1,1,0,0,2,1
TX0116418,U08019,M00289,2025-01-24T23:56:33.000+01:00,2914.92,375.87,675.51,Night,10218.07,CASH,1,1,0,0,2,1
TX0001204,U08586,M00054,2025-05-26T02:34:03.000+02:00,2914.78,538.49,441.29,Night,722.25,BANK_TRANSFER,1,1,0,0,2,1
TX0136104,U04667,M00054,2025-03-11T12:01:21.000+01:00,2913.43,552.1,427.7,Afternoon,268.17,CRYPTO,1,0,0,1,2,1
TX0128804,U10277,M00292,2024-06-23T22:00:17.000+02:00,2913.39,684.43,325.67,Night,12223.67,BANK_TRANSFER,1,1,0,0,2,1
TX0058989,U02284,M00168,2024-02-22T14:32:36.000+01:00,2911.92,497.42,485.4,Afternoon,20155.6,CRYPTO,1,0,0,1,2,1
TX0123280,U06003,M00204,2025-06-28T02:19:02.000+02:00,2907.81,422.24,588.66,Night,8199.32,PAYPAL,1,1,0,0,2,1
TX0129838,U02357,M00160,2024-10-04T22:30:18.000+02:00,2906.78,680.72,327.02,Night,637.3,CRYPTO,1,1,0,1,3,1
TX0104431,U00980,M00598,2025-07-03T01:18:40.000+02:00,2905.43,516.06,463.0,Night,18993.48,CRYPTO,1,1,0,1,3,1
TX0102277,U02131,M00419,2025-02-06T05:10:29.000+01:00,2892.18,455.88,534.42,Night,274164.38,PAYPAL,1,1,0,0,2,1
TX0083470,U07470,M00587,2024-02-20T04:54:26.000+01:00,2891.27,658.71,338.93,Night,10880.63,BANK_TRANSFER,1,1,0,0,2,1
TX0022819,U11284,M00463,2024-12-25T12:35:59.000+01:00,2884.55,352.9,717.39,Afternoon,7467.92,CRYPTO,1,0,0,1,2,1
TX0118460,U11442,M00525,2024-04-20T16:54:20.000+02:00,2877.79,489.23,488.23,Afternoon,0.92,BANK_TRANSFER,1,0,1,0,2,1
TX0031485,U00263,M00142,2024-06-30T22:15:20.000+02:00,2870.25,386.13,643.34,Night,569.77,CRYPTO,1,1,0,1,3,1
TX0006247,U07277,M00529,2024-08-21T16:20:47.000+02:00,2864.15,387.0,640.08,Afternoon,7691.67,CRYPTO,1,0,0,1,2,1
TX0132853,U04236,M00277,2024-05-14T23:02:07.000+02:00,2856.24,226.62,1160.39,Night,9202.08,CRYPTO,1,1,0,1,3,1
TX0084606,U03616,M00038,2025-08-05T00:42:59.000+02:00,2844.72,958.49,196.79,Night,2042.05,CRYPTO,0,1,0,1,2,1
TX0110846,U03973,M00393,2024-08-19T02:34:16.000+02:00,2844.15,384.52,639.66,Night,5384.2,CRYPTO,1,1,0,1,3,1
TX0038048,U04662,M00484,2024-04-22T23:06:08.000+02:00,2842.19,1121.46,153.44,Night,844.82,CRYPTO,0,1,0,1,2,1
TX0039094,U07432,M00571,2025-08-12T22:38:20.000+02:00,2841.33,609.77,365.97,Night,782.38,CRYPTO,1,1,0,1,3,1
TX0037363,U10035,M00351,2024-02-13T23:19:03.000+01:00,2839.27,413.88,586.01,Night,10763.93,CARD,1,1,0,0,2,1
TX0037312,U09184,M00451,2025-09-17T01:52:07.000+02:00,2837.66,751.55,277.58,Night,8947.15,CRYPTO,0,1,0,1,2,1
TX0103756,U08589,M00500,2025-04-24T01:51:06.000+02:00,2828.58,1114.77,153.74,Night,6985.08,CRYPTO,0,1,0,1,2,1
TX0127327,U07423,M00529,2024-06-24T14:56:37.000+02:00,2805.39,660.22,324.92,Afternoon,21475.72,CRYPTO,1,0,0,1,2,1
TX0136333,U06339,M00042,2024-09-28T23:07:48.000+02:00,2805.24,394.16,611.7,Night,2760.65,BANK_TRANSFER,1,1,0,0,2,1
TX0070544,U07641,M00339,2025-12-11T11:56:32.000+01:00,2804.27,688.18,307.49,Morning,8287.95,CRYPTO,1,0,0,1,2,1
TX0075350,U08769,M00502,2024-12-25T12:07:12.000+01:00,2790.97,410.87,579.28,Afternoon,2.87,CASH,1,0,1,0,2,1
TX0028082,U04957,M00165,2025-08-05T11:24:47.000+02:00,2777.62,401.53,591.75,Morning,2.27,CRYPTO,1,0,1,1,3,1
TX0104140,U08845,M00433,2025-04-04T22:11:36.000+02:00,2776.82,540.55,413.7,Night,3427.02,CASH,1,1,0,0,2,1
TX0133033,U08183,M00389,2024-09-19T01:57:17.000+02:00,2776.42,317.73,773.83,Night,810.58,CARD,1,1,0,0,2,1
TX0033306,U03006,M00502,2025-12-09T17:24:26.000+01:00,2772.32,541.42,412.05,Afternoon,9002.67,CRYPTO,1,0,0,1,2,1
TX0134673,U06014,M00264,2024-04-05T05:11:36.000+02:00,2753.41,469.68,486.23,Night,2244.87,CASH,1,1,0,0,2,1
TX0046244,U02346,M00289,2025-02-09T07:54:13.000+01:00,2743.43,614.56,346.4,Morning,2413.75,CRYPTO,1,0,0,1,2,1
TX0100856,U05049,M00258,2025-02-23T22:07:42.000+01:00,2742.99,713.42,284.48,Night,0.93,BANK_TRANSFER,0,1,1,0,2,1
TX0015817,U06365,M00537,2024-04-02T13:42:30.000+02:00,2734.58,509.86,436.33,Afternoon,0.67,CARD,1,0,1,0,2,1
TX0086144,U09474,M00317,2024-08-09T02:43:16.000+02:00,2734.18,916.0,198.49,Night,12141.58,CRYPTO,0,1,0,1,2,1
TX0017078,U07023,M00337,2025-04-06T00:31:43.000+02:00,2723.03,678.51,301.32,Night,5757.5,CRYPTO,1,1,0,1,3,1
TX0135173,U01898,M00255,2025-03-25T16:59:00.000+01:00,2722.5,606.85,348.63,Afternoon,15078.97,CRYPTO,1,0,0,1,2,1
TX0029966,U08597,M00166,2025-02-26T02:27:17.000+01:00,2699.99,797.89,238.39,Night,4769.6,CRYPTO,0,1,0,1,2,1
TX0070213,U01595,M00157,2025-01-03T01:23:17.000+01:00,2697.07,1240.61,117.4,Night,160128.75,CRYPTO,0,1,0,1,2,1
TX0024221,U05531,M00525,2025-01-09T14:36:17.000+01:00,2686.87,314.5,754.34,Afternoon,12148.45,CRYPTO,1,0,0,1,2,1
TX0068104,U01928,M00008,2025-10-04T01:13:13.000+02:00,2684.56,828.88,223.88,Night,5600.03,CRYPTO,0,1,0,1,2,1
TX0076293,U05451,M00541,2025-07-31T00:31:09.000+02:00,2672.1,540.58,394.3,Night,35013.95,PAYPAL,1,1,0,0,2,1
TX0036006,U03865,M00087,2025-09-20T01:40:29.000+02:00,2668.62,620.89,329.8,Night,6111.45,BANK_TRANSFER,1,1,0,0,2,1
TX0132428,U03425,M00298,2024-10-11T04:08:18.000+02:00,2665.86,542.35,391.54,Night,12343.9,CARD,1,1,0,0,2,1
TX0126000,U01189,M00251,2025-01-08T10:44:37.000+01:00,2654.96,320.05,729.54,Morning,1488.78,CRYPTO,1,0,0,1,2,1
TX0085051,U03027,M00395,2024-04-30T04:30:29.000+02:00,2645.29,247.73,967.81,Night,2341.77,CRYPTO,1,1,0,1,3,1
TX0023686,U09564,M00229,2025-04-25T09:43:41.000+02:00,2634.89,1498.3,75.86,Morning,4.75,CRYPTO,0,0,1,1,2,1
TX0070439,U00977,M00273,2024-11-08T01:08:45.000+01:00,2630.26,594.38,342.52,Night,38606.75,BANK_TRANSFER,1,1,0,0,2,1
TX0001444,U01892,M00393,2025-07-17T04:25:52.000+02:00,2630.16,384.3,584.4,Night,567.38,CRYPTO,1,1,0,1,3,1
TX0081007,U04960,M00295,2024-10-03T23:24:26.000+02:00,2629.61,566.65,364.06,Night,6286.63,CARD,1,1,0,0,2,1
TX0126369,U03794,M00351,2024-08-03T23:37:28.000+02:00,2620.87,625.46,319.03,Night,9284.8,CARD,1,1,0,0,2,1
TX0001194,U10143,M00561,2025-02-22T08:25:49.000+01:00,2616.91,532.53,391.41,Morning,3477.28,CRYPTO,1,0,0,1,2,1
TX0000351,U07861,M00099,2025-03-27T23:26:09.000+01:00,2615.08,344.44,659.22,Night,607.38,CRYPTO,1,1,0,1,3,1
TX0006394,U10583,M00291,2024-07-22T22:16:03.000+02:00,2593.27,324.69,698.69,Night,11971.73,CARD,1,1,0,0,2,1
TX0097871,U03070,M00388,2025-02-22T17:03:53.000+01:00,2591.82,641.38,304.1,Afternoon,24361.02,CRYPTO,1,0,0,1,2,1
TX0062732,U09928,M00390,2025-11-20T03:17:01.000+01:00,2590.06,570.67,353.86,Night,1640.4,CASH,1,1,0,0,2,1
TX0007703,U05317,M00072,2025-05-22T22:48:11.000+02:00,2586.74,374.09,591.47,Night,10203.57,BANK_TRANSFER,1,1,0,0,2,1
TX0059305,U10179,M00498,2024-08-18T01:39:25.000+02:00,2586.5,448.42,476.8,Night,1735.78,CRYPTO,1,1,0,1,3,1
TX0043212,U07696,M00588,2025-01-06T04:02:10.000+01:00,2577.71,389.0,562.65,Night,2711.38,CRYPTO,1,1,0,1,3,1
TX0017609,U05054,M00387,2025-04-24T22:35:59.000+02:00,2557.23,518.16,393.52,Night,102972.25,CARD,1,1,0,0,2,1
TX0137924,U07788,M00419,2025-03-30T01:43:23.000+01:00,2555.51,853.68,199.35,Night,3894.52,CRYPTO,0,1,0,1,2,1
TX0088499,U04980,M00505,2025-09-27T01:48:01.000+02:00,2554.0,338.78,653.89,Night,4.65,CASH,1,1,1,0,3,1
TX0058811,U09563,M00229,2025-09-26T02:13:33.000+02:00,2551.83,476.16,435.92,Night,26386.07,CARD,1,1,0,0,2,1
TX0033650,U01034,M00295,2024-06-11T22:35:43.000+02:00,2550.85,496.33,413.94,Night,,PAYPAL,1,1,0,0,2,1
TX0126592,U09433,M00446,2025-09-07T02:40:35.000+02:00,2549.82,991.97,157.05,Night,1053.8,CRYPTO,0,1,0,1,2,1
TX0022504,U01965,M00224,2024-09-10T22:02:53.000+02:00,2549.73,513.99,396.06,Night,5999.62,CASH,1,1,0,0,2,1
TX0114591,U01349,M00392,2025-12-25T02:36:53.000+01:00,2548.99,891.28,185.99,Night,9325.23,CRYPTO,0,1,0,1,2,1
TX0130735,U08252,M00467,2024-10-07T01:16:27.000+02:00,2547.25,492.14,417.58,Night,12962.3,CRYPTO,1,1,0,1,3,1
TX0110387,U10517,M00460,2024-04-07T23:43:57.000+02:00,2546.83,420.47,505.71,Night,367.33,CRYPTO,1,1,0,1,3,1
TX0082465,U06182,M00507,2025-10-01T20:10:59.000+02:00,2544.79,622.72,308.66,Evening,4189.68,CRYPTO,1,0,0,1,2,1
TX0088700,U11974,M00277,2025-09-28T05:01:48.000+02:00,2539.22,596.19,325.91,Night,2644.2,BANK_TRANSFER,1,1,0,0,2,1
TX0098912,U01836,M00499,2024-12-26T22:46:07.000+01:00,2533.93,459.33,451.65,Night,7868.35,CARD,1,1,0,0,2,1
TX0030397,U03250,M00556,2024-10-17T10:13:16.000+02:00,2529.74,282.67,794.94,Morning,2190.35,CRYPTO,1,0,0,1,2,1
TX0026809,U02000,M00251,2025-08-15T17:02:26.000+02:00,2527.29,209.96,1103.72,Afternoon,12758.38,CRYPTO,1,0,0,1,2,1
TX0073287,U00262,M00295,2024-06-10T22:47:20.000+02:00,2526.62,508.04,397.32,Night,9108.03,CRYPTO,1,1,0,1,3,1
TX0111402,U06946,M00557,2025-03-20T23:07:57.000+01:00,2521.28,333.19,656.71,Night,2131.57,CASH,1,1,0,0,2,1
TX0063162,U04884,M00028,2025-07-02T13:36:45.000+02:00,2520.29,922.75,173.13,Afternoon,2.87,CRYPTO,0,0,1,1,2,1
TX0125199,U03006,M00289,2025-05-03T08:37:36.000+02:00,2519.73,541.42,365.39,Morning,93457.42,CRYPTO,1,0,0,1,2,1
TX0022206,U06883,M00390,2024-06-15T19:58:20.000+02:00,2518.67,436.39,477.17,Evening,12106.07,CRYPTO,1,0,0,1,2,1
TX0038745,U05076,M00085,2025-01-16T04:47:44.000+01:00,2514.0,965.01,160.52,Night,21567.68,CRYPTO,0,1,0,1,2,1
TX0137058,U09304,M00284,2025-11-19T16:50:19.000+01:00,2510.86,548.51,357.76,Afternoon,2707.57,CRYPTO,1,0,0,1,2,1
TX0112811,U04140,M00433,2025-07-08T01:10:21.000+02:00,2503.07,336.74,643.33,Night,731.88,CARD,1,1,0,0,2,1
TX0079761,U06315,M00561,2024-08-20T03:47:39.000+02:00,2502.32,530.35,371.82,Night,3749.67,BANK_TRANSFER,1,1,0,0,2,1
TX0067485,U03119,M00525,2024-01-30T05:12:29.000+01:00,2501.07,415.05,502.59,Night,8312.78,CARD,1,1,0,0,2,1
TX0081800,U09885,M00522,2025-02-08T04:29:07.000+01:00,2498.94,422.2,491.88,Night,,CRYPTO,1,1,0,1,3,1
TX0010875,U02063,M00508,2025-03-11T02:22:33.000+01:00,2488.48,838.12,196.91,Night,109062.9,CRYPTO,0,1,0,1,2,1
TX0008066,U11509,M00195,2024-11-29T00:02:43.000+01:00,2483.11,848.77,192.55,Night,22199.22,CRYPTO,0,1,0,1,2,1
TX0031023,U02782,M00502,2025-06-08T23:59:46.000+02:00,2475.85,330.79,648.47,Night,346.43,CRYPTO,1,1,0,1,3,1
TX0115512,U05868,M00082,2025-04-28T22:28:44.000+02:00,2475.25,269.73,817.66,Night,615.55,CRYPTO,1,1,0,1,3,1
TX0120810,U10981,M00339,2024-12-24T02:16:07.000+01:00,2470.22,271.89,808.53,Night,2469.87,CARD,1,1,0,0,2,1
TX0009035,U01267,M00596,2025-11-17T00:50:41.000+01:00,2469.79,502.79,391.21,Night,22582.47,CRYPTO,1,1,0,1,3,1
TX0065619,U06397,M00072,2024-04-23T22:18:51.000+02:00,2462.58,575.16,328.15,Night,23572.87,BANK_TRANSFER,1,1,0,0,2,1
TX0068872,U00923,M00078,2025-05-20T02:59:34.000+02:00,2460.79,520.02,373.21,Night,24242.15,CRYPTO,1,1,0,1,3,1
TX0103036,U02476,M00429,2024-10-23T08:12:53.000+02:00,2455.87,566.63,333.42,Morning,13794.47,CRYPTO,1,0,0,1,2,1
TX0068806,U08582,M00471,2025-04-27T07:55:30.000+02:00,2439.38,404.01,503.79,Morning,15771.72,CRYPTO,1,0,0,1,2,1
TX0002119,U04819,M00258,2024-03-14T03:01:05.000+01:00,2435.15,471.91,416.03,Night,20976.68,BANK_TRANSFER,1,1,0,0,2,1
TX0039536,U11849,M00374,2024-05-31T07:27:56.000+02:00,2415.13,422.55,471.56,Morning,20747.17,CRYPTO,1,0,0,1,2,1
TX0114202,U09645,M00069,2025-07-24T02:43:33.000+02:00,2411.73,410.66,487.28,Night,3923.05,CRYPTO,1,1,0,1,3,1
TX0082598,U10958,M00151,2025-06-27T20:20:45.000+02:00,2400.25,568.71,322.05,Evening,4.48,CASH,1,0,1,0,2,1
TX0016743,U08202,M00279,2024-11-07T11:41:17.000+01:00,2399.66,562.16,326.87,Morning,6924.05,CRYPTO,1,0,0,1,2,1
TX0021902,U04226,M00204,2025-05-01T20:54:46.000+02:00,2391.15,293.49,714.73,Evening,93601.9,CRYPTO,1,0,0,1,2,1
TX0028255,U08205,M00317,2024-06-06T02:31:41.000+02:00,2386.51,491.92,385.14,Night,6510.03,PAYPAL,1,1,0,0,2,1
TX0091267,U03554,M00310,2025-09-23T04:56:45.000+02:00,2384.93,593.31,301.97,Night,3572.3,CRYPTO,1,1,0,1,3,1
TX0116031,U00394,M00114,2025-06-30T04:14:22.000+02:00,2381.79,511.81,365.37,Night,8322.5,CARD,1,1,0,0,2,1
TX0062046,U04349,M00166,2025-10-01T03:45:58.000+02:00,2380.89,191.43,1143.74,Night,268885.57,PAYPAL,1,1,0,0,2,1
TX0011011,U05468,M00502,2025-06-07T03:50:42.000+02:00,2378.18,335.48,608.9,Night,3812.88,BANK_TRANSFER,1,1,0,0,2,1
TX0021576,U01614,M00559,2025-04-24T22:30:39.000+02:00,2377.45,1101.06,115.92,Night,,CRYPTO,0,1,0,1,2,1
TX0083909,U07456,M00419,2024-07-26T18:49:15.000+02:00,2377.28,454.04,423.58,Evening,4596.42,CRYPTO,1,0,0,1,2,1
TX0107966,U07277,M00575,2024-08-26T16:44:40.000+02:00,2376.73,387.0,514.14,Afternoon,7223.88,CRYPTO,1,0,0,1,2,1
TX0070466,U10953,M00559,2024-02-18T17:23:42.000+01:00,2373.66,383.99,518.16,Afternoon,1182.72,CRYPTO,1,0,0,1,2,1
TX0122159,U01821,M00525,2025-03-02T04:07:47.000+01:00,2366.31,668.8,253.81,Night,187873.52,CRYPTO,0,1,0,1,2,1
TX0129177,U03096,M00102,2024-04-07T01:02:46.000+02:00,2360.62,567.26,316.15,Night,51222.35,CASH,1,1,0,0,2,1
TX0101719,U05604,M00442,2024-11-11T23:19:18.000+01:00,2358.05,727.11,224.3,Night,211.93,CRYPTO,0,1,0,1,2,1
TX0035976,U08603,M00336,2024-12-05T02:00:10.000+01:00,2357.63,432.71,444.86,Night,3587.52,BANK_TRANSFER,1,1,0,0,2,1
TX0107428,U00510,M00042,2025-01-25T23:53:33.000+01:00,2356.02,317.97,640.95,Night,14743.53,CRYPTO,1,1,0,1,3,1
TX0097101,U10353,M00593,2025-10-06T22:17:01.000+02:00,2355.67,439.49,436.0,Night,1569.52,PAYPAL,1,1,0,0,2,1
TX0083972,U08067,M00520,2025-05-24T02:32:36.000+02:00,2354.36,567.83,314.63,Night,5273.12,PAYPAL,1,1,0,0,2,1
TX0000601,U04217,M00076,2024-06-14T22:11:40.000+02:00,2343.11,322.79,625.89,Night,618.08,CRYPTO,1,1,0,1,3,1
TX0028704,U07349,M00225,2025-10-19T14:38:08.000+02:00,2339.03,455.97,412.98,Afternoon,2854.55,CRYPTO,1,0,0,1,2,1
TX0115456,U09763,M00191,2024-05-17T03:14:08.000+02:00,2334.6,257.64,806.15,Night,16866.18,CARD,1,1,0,0,2,1
TX0100741,U02536,M00499,2024-10-01T09:44:49.000+02:00,2332.37,521.4,347.33,Morning,100148.07,CRYPTO,1,0,0,1,2,1
TX0067644,U04657,M00266,2024-10-31T11:56:19.000+01:00,2328.16,421.05,452.94,Morning,46035.27,CRYPTO,1,0,0,1,2,1
TX0090934,U08968,M00122,2024-11-26T03:02:36.000+01:00,2321.62,243.29,854.26,Night,4901.03,PAYPAL,1,1,0,0,2,1
TX0090568,U01307,M00558,2025-07-06T23:11:08.000+02:00,2318.57,540.83,328.7,Night,303.68,CRYPTO,1,1,0,1,3,1
TX0116273,U04179,M00432,2025-09-30T00:36:18.000+02:00,2318.15,725.08,219.71,Night,6611.7,CRYPTO,0,1,0,1,2,1
TX0023537,U08402,M00390,2025-02-03T05:48:32.000+01:00,2315.91,409.79,465.15,Night,57024.9,BANK_TRANSFER,1,1,0,0,2,1
TX0006898,U09191,M00174,2024-02-09T01:39:31.000+01:00,2311.48,287.24,704.72,Night,16310.27,CRYPTO,1,1,0,1,3,1
TX0083205,U07333,M00258,2024-11-28T15:26:01.000+01:00,2306.93,479.06,381.56,Afternoon,1270.25,CRYPTO,1,0,0,1,2,1
TX0081992,U02660,M00135,2025-07-07T01:50:44.000+02:00,2305.11,206.04,1018.79,Night,97126.63,CRYPTO,1,1,0,1,3,1
TX0101936,U04229,M00165,2024-10-22T19:56:44.000+02:00,2302.12,323.74,611.09,Evening,9291.6,CRYPTO,1,0,0,1,2,1
TX0052441,U08885,M00361,2025-04-15T04:10:47.000+02:00,2299.68,329.8,597.29,Night,12139.68,CRYPTO,1,1,0,1,3,1
TX0066693,U10822,M00258,2025-01-11T04:50:07.000+01:00,2292.48,466.68,391.23,Night,1373.17,CARD,1,1,0,0,2,1
TX0015546,U07482,M00481,2025-02-20T04:17:34.000+01:00,2289.83,803.7,184.91,Night,2209.52,CRYPTO,0,1,0,1,2,1
TX0109491,U07009,M00266,2024-06-21T09:56:55.000+02:00,2288.35,546.78,318.51,Morning,7254.82,CRYPTO,1,0,0,1,2,1
TX0041125,U11102,M00500,2024-04-02T22:43:22.000+02:00,2286.87,384.8,494.3,Night,621.23,CRYPTO,1,1,0,1,3,1
TX0108362,U03261,M00463,2025-10-05T08:35:27.000+02:00,2286.6,542.79,321.27,Morning,124955.77,CRYPTO,1,0,0,1,2,1
TX0130522,U07518,M00068,2025-11-17T12:08:57.000+01:00,2285.21,338.61,574.88,Afternoon,6918.15,CRYPTO,1,0,0,1,2,1
TX0130852,U04897,M00264,2024-08-04T23:06:27.000+02:00,2284.8,410.64,456.39,Night,632.73,CRYPTO,1,1,0,1,3,1
TX0062029,U00775,M00233,2025-09-05T00:48:28.000+02:00,2283.66,661.36,245.29,Night,3132.27,CRYPTO,0,1,0,1,2,1
TX0084148,U10365,M00481,2024-09-17T03:14:14.000+02:00,2282.32,263.89,764.87,Night,7556.7,CRYPTO,1,1,0,1,3,1
TX0002398,U01483,M00388,2024-11-24T17:54:48.000+01:00,2279.46,393.14,479.81,Afternoon,4.05,CARD,1,0,1,0,2,1
TX0000839,U04583,M00463,2024-06-30T22:41:30.000+02:00,2279.42,379.22,501.09,Night,10465.77,PAYPAL,1,1,0,0,2,1
TX0009375,U05210,M00463,2025-11-04T23:15:54.000+01:00,2278.72,533.65,327.01,Night,,PAYPAL,1,1,0,0,2,1
TX0057461,U06049,M00225,2025-05-29T08:11:01.000+02:00,2274.36,357.65,535.91,Morning,2121.1,CRYPTO,1,0,0,1,2,1
TX0049065,U97775,M00144,2025-02-06T00:58:41.000+01:00,2266.72,2266.72,0.0,Night,,CRYPTO,0,1,0,1,2,1
TX0021973,U10391,M00419,2024-08-28T03:38:17.000+02:00,2261.39,552.16,309.55,Night,2556.87,CARD,1,1,0,0,2,1
TX0043408,U00861,M00382,2025-03-23T19:00:34.000+01:00,2258.65,963.21,134.49,Evening,3.88,CRYPTO,0,0,1,1,2,1
TX0048377,U10278,M00593,2025-01-10T00:50:04.000+01:00,2257.57,359.55,527.88,Night,25132.37,CASH,1,1,0,0,2,1
TX0013840,U00271,M00440,2025-12-10T23:10:06.000+01:00,2254.93,477.57,372.16,Night,539.78,CRYPTO,1,1,0,1,3,1
TX0049624,U09549,M00586,2025-02-26T01:22:36.000+01:00,2254.22,389.08,479.37,Night,24727.92,CRYPTO,1,1,0,1,3,1
TX0015342,U07894,M00071,2025-06-22T20:39:47.000+02:00,2243.91,456.6,391.44,Evening,21582.8,CRYPTO,1,0,0,1,2,1
TX0003270,U03592,M00204,2024-04-10T22:44:08.000+02:00,2239.22,348.56,542.41,Night,33396.98,PAYPAL,1,1,0,0,2,1
TX0009622,U06803,M00411,2024-11-16T00:28:57.000+01:00,2237.37,266.91,738.24,Night,6526.27,CRYPTO,1,1,0,1,3,1
TX0007755,U02996,M00315,2025-10-30T15:00:15.000+01:00,2235.46,337.86,561.65,Afternoon,8928.93,CRYPTO,1,0,0,1,2,1
TX0129952,U01508,M00418,2024-10-24T09:36:14.000+02:00,2234.67,373.05,499.03,Morning,,CRYPTO,1,0,0,1,2,1
TX0104949,U09024,M00466,2024-01-10T23:00:46.000+01:00,2233.11,785.47,184.3,Night,67.37,CRYPTO,0,1,0,1,2,1
TX0058442,U02589,M00556,2025-02-13T23:41:20.000+01:00,2232.53,502.97,343.87,Night,15006.13,CASH,1,1,0,0,2,1
TX0073640,U01965,M00266,2025-02-01T12:24:51.000+01:00,2227.05,513.99,333.28,Afternoon,63485.25,CRYPTO,1,0,0,1,2,1
TX0007891,U00657,M00568,2024-06-29T23:57:10.000+02:00,2220.07,484.02,358.68,Night,21532.22,BANK_TRANSFER,1,1,0,0,2,1
TX0096948,U06476,M00225,2024-05-13T05:27:01.000+02:00,2218.65,382.48,480.07,Night,1053.27,CARD,1,1,0,0,2,1
TX0118605,U03214,M00315,2025-10-07T02:59:15.000+02:00,2218.25,524.75,322.72,Night,36.5,BANK_TRANSFER,1,1,0,0,2,1
TX0078899,U09292,M00138,2025-01-09T03:02:57.000+01:00,2217.81,818.23,171.05,Night,1064.38,CRYPTO,0,1,0,1,2,1
TX0136817,U04838,M00370,2024-04-15T03:41:42.000+02:00,2215.23,442.67,400.42,Night,11153.42,PAYPAL,1,1,0,0,2,1
TX0106293,U10212,M00568,2024-06-20T00:43:57.000+02:00,2214.65,444.23,398.53,Night,646.97,CRYPTO,1,1,0,1,3,1
TX0118904,U11814,M00531,2025-09-02T03:23:44.000+02:00,2213.51,216.14,924.12,Night,93231.22,PAYPAL,1,1,0,0,2,1
TX0110929,U09801,M00415,2025-03-25T19:22:43.000+01:00,2210.07,310.49,611.8,Evening,680.8,CRYPTO,1,0,0,1,2,1
TX0130402,U05850,M00399,2025-08-22T02:31:52.000+02:00,2206.03,392.96,461.39,Night,2535.47,CRYPTO,1,1,0,1,3,1
TX0017370,U02688,M00352,2024-06-22T22:36:43.000+02:00,2203.0,474.64,364.14,Night,2086.95,CRYPTO,1,1,0,1,3,1
TX0076760,U05371,M00464,2025-04-10T03:52:34.000+02:00,2201.03,337.82,551.55,Night,997.05,CRYPTO,1,1,0,1,3,1
TX0104500,U06965,M00588,2025-06-13T04:49:09.000+02:00,2200.66,294.78,646.54,Night,3266.83,CRYPTO,1,1,0,1,3,1
TX0084657,U11222,M00243,2025-07-20T03:32:29.000+02:00,2199.0,537.11,309.42,Night,6142.85,PAYPAL,1,1,0,0,2,1
TX0137287,U03018,M00392,2024-04-23T23:56:43.000+02:00,2198.56,404.81,443.11,Night,367.9,PAYPAL,1,1,0,0,2,1
TX0095509,U09331,M00383,2024-06-24T23:06:02.000+02:00,2193.81,260.83,741.07,Night,787.75,CRYPTO,1,1,0,1,3,1
TX0120114,U04541,M00520,2025-04-27T05:50:43.000+02:00,2192.86,987.2,122.13,Night,9765.52,CRYPTO,0,1,0,1,2,1
TX0019416,U07937,M00225,2024-11-25T22:03:48.000+01:00,2188.69,416.96,424.92,Night,11860.2,PAYPAL,1,1,0,0,2,1
TX0133660,U11122,M00351,2024-07-27T02:00:27.000+02:00,2188.3,1265.74,72.89,Night,32142.43,CRYPTO,0,1,0,1,2,1
TX0045593,U10452,M00500,2025-11-11T18:44:49.000+01:00,2188.2,386.43,466.26,Evening,3.33,CRYPTO,1,0,1,1,3,1
TX0014644,U05788,M00197,2024-09-10T19:05:28.000+02:00,2186.78,508.68,329.89,Evening,1383.3,CRYPTO,1,0,0,1,2,1
TX0031229,U03374,M00158,2024-11-23T19:01:32.000+01:00,2184.75,366.26,496.51,Evening,4341.97,CRYPTO,1,0,0,1,2,1
TX0038747,U06452,M00165,2024-02-26T17:19:21.000+01:00,2180.16,429.15,408.02,Afternoon,8368.78,CRYPTO,1,0,0,1,2,1
TX0086937,U10137,M00276,2024-11-12T00:57:40.000+01:00,2177.03,400.66,443.36,Night,2164.27,CRYPTO,1,1,0,1,3,1
TX0072336,U06574,M00195,2025-06-10T00:12:24.000+02:00,2172.33,489.85,343.47,Night,156063.57,CRYPTO,1,1,0,1,3,1
TX0030337,U11609,M00295,2025-01-12T02:09:13.000+01:00,2171.13,316.32,586.37,Night,,CRYPTO,1,1,0,1,3,1
TX0076838,U10542,M00499,2025-02-09T22:25:06.000+01:00,2170.99,481.99,350.42,Night,3316.85,CARD,1,1,0,0,2,1
TX0032386,U04694,M00192,2024-03-04T04:09:59.000+01:00,2170.83,561.67,286.5,Night,3906.48,CRYPTO,0,1,0,1,2,1
TX0054360,U02808,M00568,2025-03-30T03:30:16.000+02:00,2168.75,446.85,385.34,Night,18242.32,PAYPAL,1,1,0,0,2,1
TX0111111,U07647,M00122,2025-11-13T13:33:26.000+01:00,2160.56,388.23,456.52,Afternoon,111981.45,CRYPTO,1,0,0,1,2,1
TX0084247,U04599,M00041,2025-12-09T00:10:56.000+01:00,2151.46,496.57,333.26,Night,6668.63,PAYPAL,1,1,0,0,2,1
TX0007209,U11787,M00225,2025-05-14T00:21:02.000+02:00,2151.09,788.4,172.84,Night,8071.67,CRYPTO,0,1,0,1,2,1
TX0002469,U01731,M00329,2025-08-01T01:28:56.000+02:00,2149.94,487.7,340.83,Night,26808.92,CRYPTO,1,1,0,1,3,1
TX0038184,U00092,M00315,2025-05-17T22:12:51.000+02:00,2146.82,512.93,318.54,Night,2280.08,CARD,1,1,0,0,2,1
TX0107140,U06458,M00561,2025-07-29T22:34:56.000+02:00,2143.49,408.85,424.28,Night,7912.98,BANK_TRANSFER,1,1,0,0,2,1
TX0060829,U05060,M00592,2025-02-23T17:48:34.000+01:00,2137.63,213.88,899.45,Afternoon,4174.15,CRYPTO,1,0,0,1,2,1
TX0078696,U03158,M00196,2024-07-26T05:11:06.000+02:00,2135.03,425.26,402.06,Night,1827.68,CARD,1,1,0,0,2,1
TX0133211,U00782,M00463,2025-06-26T22:01:27.000+02:00,2134.53,430.31,396.04,Night,2201.47,PAYPAL,1,1,0,0,2,1
TX0106506,U10840,M00466,2025-06-11T10:41:35.000+02:00,2133.68,492.09,333.59,Morning,4269.4,CRYPTO,1,0,0,1,2,1
TX0133229,U09626,M00315,2025-04-25T23:21:41.000+02:00,2131.93,146.57,1354.6,Night,23379.45,CASH,1,1,0,0,2,1
TX0043378,U09331,M00042,2024-12-05T14:56:58.000+01:00,2130.41,260.83,716.77,Afternoon,11455.28,CRYPTO,1,0,0,1,2,1
TX0038693,U07519,M00584,2025-06-17T03:58:18.000+02:00,2123.42,211.99,901.65,Night,2479.82,CARD,1,1,0,0,2,1
TX0093992,U01404,M00413,2025-02-14T03:30:36.000+01:00,2121.45,406.04,422.47,Night,5184.98,BANK_TRANSFER,1,1,0,0,2,1
TX0106876,U06585,M00266,2024-02-10T13:22:04.000+01:00,2115.02,481.44,339.31,Afternoon,7302.27,CRYPTO,1,0,0,1,2,1
TX0042225,U00221,M00225,2025-05-31T22:48:10.000+02:00,2113.29,504.06,319.26,Night,1819.53,BANK_TRANSFER,1,1,0,0,2,1
TX0027173,U08910,M00466,2025-10-01T02:22:15.000+02:00,2113.07,519.5,306.75,Night,91257.43,CASH,1,1,0,0,2,1
TX0072498,U05603,M00291,2024-05-25T22:05:31.000+02:00,2112.34,429.8,391.47,Night,541.2,CRYPTO,1,1,0,1,3,1
TX0132367,U06452,M00502,2024-03-11T18:28:16.000+01:00,2109.73,429.15,391.61,Evening,5563.32,CRYPTO,1,0,0,1,2,1
TX0083049,U11321,M00415,2024-07-16T06:19:14.000+02:00,2105.45,489.25,330.34,Morning,1823.38,CRYPTO,1,0,0,1,2,1
TX0078119,U02215,M00360,2024-10-04T23:25:22.000+02:00,2105.43,372.06,465.89,Night,399.85,PAYPAL,1,1,0,0,2,1
TX0120174,U01171,M00292,2024-06-25T02:23:14.000+02:00,2105.38,170.65,1133.74,Night,15966.92,PAYPAL,1,1,0,0,2,1
TX0124070,U07657,M00476,2025-02-16T23:24:39.000+01:00,2105.25,218.19,864.88,Night,2684.63,BANK_TRANSFER,1,1,0,0,2,1
TX0042580,U11482,M00559,2024-10-01T05:51:46.000+02:00,2105.23,253.46,730.61,Night,5151.13,BANK_TRANSFER,1,1,0,0,2,1
TX0135605,U11476,M00243,2025-05-14T18:22:04.000+02:00,2103.21,256.06,721.37,Evening,390.47,CRYPTO,1,0,0,1,2,1
TX0082445,U11836,M00372,2025-06-24T00:47:33.000+02:00,2099.95,543.41,286.44,Night,23712.22,CRYPTO,0,1,0,1,2,1
TX0055575,U08921,M00351,2024-10-31T03:45:45.000+01:00,2099.93,417.32,403.19,Night,8476.33,PAYPAL,1,1,0,0,2,1
TX0072074,U09900,M00187,2025-10-25T04:41:05.000+02:00,2096.7,240.45,771.99,Night,15271.8,CRYPTO,1,1,0,1,3,1
TX0029735,U00614,M00170,2024-10-09T01:20:40.000+02:00,2094.82,420.17,398.57,Night,8840.43,BANK_TRANSFER,1,1,0,0,2,1
TX0035198,U04293,M00264,2025-05-20T02:11:14.000+02:00,2094.7,954.38,119.48,Night,9770.33,CRYPTO,0,1,0,1,2,1
TX0126384,U09859,M00204,2025-05-26T01:45:41.000+02:00,2093.85,700.78,198.79,Night,1812.15,CRYPTO,0,1,0,1,2,1
TX0020897,U00401,M00298,2024-12-10T11:51:14.000+01:00,2092.87,442.57,372.89,Morning,104973.48,CRYPTO,1,0,0,1,2,1
TX0102022,U05969,M00112,2024-07-21T02:36:02.000+02:00,2089.65,217.0,862.96,Night,2159.37,CASH,1,1,0,0,2,1
TX0012725,U11689,M00520,2024-07-08T04:22:47.000+02:00,2089.43,483.14,332.46,Night,921.25,CRYPTO,1,1,0,1,3,1
TX0042284,U07039,M00243,2025-02-23T17:07:40.000+01:00,2088.7,314.76,563.58,Afternoon,8827.85,CRYPTO,1,0,0,1,2,1
TX0108100,U08573,M00284,2024-02-07T12:29:49.000+01:00,2088.54,344.62,506.04,Afternoon,8696.4,CRYPTO,1,0,0,1,2,1
TX0001612,U06569,M00585,2025-03-18T01:14:20.000+01:00,2087.54,323.23,545.84,Night,7523.25,CRYPTO,1,1,0,1,3,1
TX0078633,U10504,M00466,2025-07-04T04:28:35.000+02:00,2081.41,404.53,414.53,Night,4843.18,CRYPTO,1,1,0,1,3,1
TX0036990,U00176,M00388,2025-03-31T23:05:41.000+02:00,2079.1,474.17,338.47,Night,644.15,CRYPTO,1,1,0,1,3,1
TX0019411,U04390,M00266,2024-03-11T11:00:40.000+01:00,2077.74,444.08,367.87,Morning,2744.4,CRYPTO,1,0,0,1,2,1
TX0102529,U07114,M00258,2025-03-29T23:06:31.000+01:00,2071.28,300.43,589.45,Night,19407.2,PAYPAL,1,1,0,0,2,1
TX0120674,U10754,M00228,2025-11-19T03:42:15.000+01:00,2064.35,155.31,1229.18,Night,1905.92,CRYPTO,1,1,0,1,3,1
TX0128568,U05968,M00593,2025-10-03T16:57:52.000+02:00,2062.01,339.78,506.87,Afternoon,94161.82,CRYPTO,1,0,0,1,2,1
TX0000689,U05126,M00220,2025-02-02T22:11:46.000+01:00,2057.51,522.17,294.03,Night,111.37,CRYPTO,0,1,0,1,2,1
TX0075604,U11523,M00592,2025-05-27T22:20:42.000+02:00,2055.21,387.42,430.49,Night,21865.32,CARD,1,1,0,0,2,1
TX0134167,U02735,M00453,2024-12-11T02:05:44.000+01:00,2053.09,268.27,665.3,Night,3919.22,CRYPTO,1,1,0,1,3,1
TX0006901,U01211,M00559,2025-09-23T02:15:43.000+02:00,2052.63,479.03,328.49,Night,5603.53,CARD,1,1,0,0,2,1
TX0087884,U10839,M00258,2025-07-25T05:35:54.000+02:00,2050.02,480.16,326.95,Night,2260.07,CARD,1,1,0,0,2,1
TX0111705,U01762,M00448,2024-08-13T20:58:21.000+02:00,2049.72,438.94,366.97,Evening,3357.0,CRYPTO,1,0,0,1,2,1
TX0076116,U01194,M00317,2025-12-27T17:39:24.000+01:00,2047.34,289.2,607.93,Afternoon,6716.43,CRYPTO,1,0,0,1,2,1
TX0006081,U04605,M00165,2025-04-28T23:36:20.000+02:00,2040.03,473.01,331.29,Night,18227.43,PAYPAL,1,1,0,0,2,1
TX0030249,U04715,M00466,2025-03-30T05:08:24.000+02:00,2039.56,460.92,342.49,Night,1616.13,PAYPAL,1,1,0,0,2,1
TX0050088,U02652,M00204,2025-05-31T16:26:56.000+02:00,2039.12,432.46,371.51,Afternoon,1569.2,CRYPTO,1,0,0,1,2,1
TX0132789,U10817,M00292,2024-06-02T23:30:09.000+02:00,2033.99,474.84,328.35,Night,698.73,BANK_TRANSFER,1,1,0,0,2,1
TX0125787,U07374,M00555,2024-11-28T01:41:32.000+01:00,2026.24,1023.38,97.99,Night,3234.6,CRYPTO,0,1,0,1,2,1
TX0101394,U04360,M00395,2025-01-01T13:14:55.000+01:00,2024.58,318.84,534.99,Afternoon,0.93,CRYPTO,1,0,1,1,3,1
TX0110376,U10954,M00166,2025-01-28T23:57:24.000+01:00,2023.28,301.08,572.0,Night,7906.07,CARD,1,1,0,0,2,1
TX0076271,U06039,M00336,2025-12-23T05:47:02.000+01:00,2021.98,242.57,733.58,Night,3433.6,CARD,1,1,0,0,2,1
TX0049645,U09665,M00529,2025-10-04T12:46:38.000+02:00,2021.81,364.23,455.09,Afternoon,235913.43,CRYPTO,1,0,0,1,2,1
TX0010524,U05362,M00075,2025-06-03T03:52:26.000+02:00,2018.9,298.85,575.55,Night,121364.95,CRYPTO,1,1,0,1,3,1
TX0057961,U11369,M00385,2024-06-10T18:33:20.000+02:00,2013.59,267.47,652.82,Evening,71087.37,CRYPTO,1,0,0,1,2,1
TX0135357,U00353,M00420,2025-10-31T04:01:08.000+01:00,2013.13,698.3,188.29,Night,2750.48,CRYPTO,0,1,0,1,2,1
TX0015431,U01413,M00258,2025-01-18T05:30:28.000+01:00,2012.78,642.03,213.5,Night,5138.35,CRYPTO,0,1,0,1,2,1
TX0134289,U03984,M00459,2025-07-10T12:42:23.000+02:00,2008.65,376.35,433.72,Afternoon,44897.27,CRYPTO,1,0,0,1,2,1
TX0095243,U04507,M00531,2025-06-01T18:16:59.000+02:00,2006.56,194.1,933.76,Evening,,CRYPTO,1,0,0,1,2,1
TX0045173,U07600,M00112,2024-06-07T22:10:19.000+02:00,2006.45,215.26,832.11,Night,109683.93,CASH,1,1,0,0,2,1
TX0103971,U09089,M00460,2024-09-04T20:37:14.000+02:00,2006.38,590.73,239.64,Evening,3.42,CRYPTO,0,0,1,1,2,1
TX0135670,U07506,M00206,2025-03-10T05:55:41.000+01:00,2004.63,555.57,260.83,Night,38249.73,CRYPTO,0,1,0,1,2,1
TX0080434,U00732,M00260,2025-04-19T03:59:47.000+02:00,2004.43,438.56,357.05,Night,2278.03,CRYPTO,1,1,0,1,3,1
TX0003753,U06184,M00206,2024-11-11T23:13:58.000+01:00,1999.55,770.32,159.57,Night,4174.65,CRYPTO,0,1,0,1,2,1
TX0110073,U06430,M00199,2024-10-15T00:20:12.000+02:00,1996.86,649.43,207.48,Night,3762.2,CRYPTO,0,1,0,1,2,1
TX0014690,U10044,M00392,2025-06-15T23:22:07.000+02:00,1996.84,179.96,1009.6,Night,14588.83,CARD,1,1,0,0,2,1
TX0013619,U02757,M00531,2025-08-24T04:22:02.000+02:00,1996.78,187.52,964.81,Night,12866.53,CASH,1,1,0,0,2,1
TX0067839,U08034,M00471,2025-11-10T00:22:45.000+01:00,1996.31,367.5,443.21,Night,233698.42,CRYPTO,1,1,0,1,3,1
TX0096664,U05749,M00592,2025-06-07T22:43:12.000+02:00,1992.15,219.68,806.85,Night,10683.5,CRYPTO,1,1,0,1,3,1
TX0112827,U09540,M00385,2025-05-22T01:39:00.000+02:00,1991.99,490.55,306.07,Night,742.78,CASH,1,1,0,0,2,1
TX0015377,U05165,M00112,2024-06-12T03:31:38.000+02:00,1989.3,375.54,429.72,Night,4721.75,BANK_TRANSFER,1,1,0,0,2,1
TX0013052,U04819,M00258,2024-06-14T03:49:04.000+02:00,1987.44,471.91,321.15,Night,6235.35,BANK_TRANSFER,1,1,0,0,2,1
TX0079365,U01451,M00476,2025-11-14T22:19:34.000+01:00,1986.13,432.2,359.54,Night,6665.17,CRYPTO,1,1,0,1,3,1
TX0051525,U01947,M00476,2025-09-28T14:21:39.000+02:00,1984.97,445.12,345.94,Afternoon,14705.33,CRYPTO,1,0,0,1,2,1
TX0099830,U08689,M00418,2025-09-18T22:49:43.000+02:00,1983.74,342.8,478.69,Night,3819.35,PAYPAL,1,1,0,0,2,1
TX0085743,U04478,M00385,2024-05-06T15:06:30.000+02:00,1979.83,360.65,448.96,Afternoon,13876.95,CRYPTO,1,0,0,1,2,1
TX0047288,U07634,M00204,2024-12-31T15:59:21.000+01:00,1977.91,401.06,393.17,Afternoon,1345.18,CRYPTO,1,0,0,1,2,1
TX0023335,U01642,M00217,2024-11-17T22:25:06.000+01:00,1969.79,406.03,385.13,Night,5490.58,BANK_TRANSFER,1,1,0,0,2,1
TX0134999,U02596,M00413,2025-11-17T04:05:14.000+01:00,1967.84,483.04,307.38,Night,9158.45,CRYPTO,1,1,0,1,3,1
TX0072661,U11740,M00258,2024-06-06T23:42:54.000+02:00,1957.2,386.68,406.16,Night,59982.4,CASH,1,1,0,0,2,1
TX0090310,U03110,M00592,2024-12-22T02:58:05.000+01:00,1956.63,300.42,551.29,Night,2683.8,PAYPAL,1,1,0,0,2,1
TX0011494,U11687,M00351,2025-08-17T14:20:00.000+02:00,1955.92,219.85,789.67,Afternoon,4234.47,CRYPTO,1,0,0,1,2,1
TX0036845,U09794,M00266,2025-11-11T05:05:18.000+01:00,1954.08,359.12,444.12,Night,281.32,PAYPAL,1,1,0,0,2,1
TX0004814,U11200,M00463,2024-10-30T10:27:19.000+01:00,1953.45,354.33,451.31,Morning,7881.55,CRYPTO,1,0,0,1,2,1
TX0079364,U02189,M00243,2025-04-20T23:48:09.000+02:00,1952.33,473.81,312.05,Night,251319.67,CARD,1,1,0,0,2,1
TX0025172,U00513,M00592,2025-01-03T10:02:29.000+01:00,1950.84,422.61,361.62,Morning,14095.27,CRYPTO,1,0,0,1,2,1
TX0123191,U03265,M00262,2024-09-26T23:02:04.000+02:00,1948.41,403.14,383.31,Night,3081.43,CRYPTO,1,1,0,1,3,1
TX0116436,U10643,M00353,2024-11-18T02:45:42.000+01:00,1946.12,290.58,569.74,Night,15415.95,CRYPTO,1,1,0,1,3,1
TX0015918,U07190,M00292,2025-04-21T19:50:47.000+02:00,1945.17,154.01,1163.04,Evening,7963.45,CRYPTO,1,0,0,1,2,1
TX0069973,U10335,M00112,2025-07-21T05:25:25.000+02:00,1944.83,345.01,463.71,Night,18514.63,CARD,1,1,0,0,2,1
TX0117448,U11487,M00282,2024-05-22T14:29:22.000+02:00,1943.45,300.6,546.52,Afternoon,24338.2,CRYPTO,1,0,0,1,2,1
TX0017121,U01758,M00168,2024-12-27T14:11:41.000+01:00,1939.61,325.56,495.78,Afternoon,27999.65,CRYPTO,1,0,0,1,2,1
TX0012376,U05418,M00206,2024-07-20T21:26:54.000+02:00,1937.89,447.06,333.47,Evening,4651.72,CRYPTO,1,0,0,1,2,1
TX0030959,U04019,M00463,2024-11-08T07:34:03.000+01:00,1937.36,336.87,475.1,Morning,30109.07,CRYPTO,1,0,0,1,2,1
TX0038294,U05598,M00597,2025-04-11T01:51:48.000+02:00,1936.69,403.84,379.56,Night,9217.9,CRYPTO,1,1,0,1,3,1
TX0013528,U09715,M00444,2024-10-06T00:19:14.000+02:00,1936.09,464.51,316.8,Night,211200.97,BANK_TRANSFER,1,1,0,0,2,1
TX0036688,U02047,M00522,2025-09-10T22:48:34.000+02:00,1933.16,483.14,300.12,Night,122.78,CRYPTO,1,1,0,1,3,1
TX0020884,U05980,M00258,2024-12-26T10:58:37.000+01:00,1933.11,196.85,882.03,Morning,6964.25,CRYPTO,1,0,0,1,2,1
TX0027672,U06921,M00243,2025-02-07T18:12:20.000+01:00,1932.38,364.93,429.52,Evening,1355.2,CRYPTO,1,0,0,1,2,1
TX0021748,U01194,M00593,2025-09-29T19:21:59.000+02:00,1924.06,289.2,565.3,Evening,4873.53,CRYPTO,1,0,0,1,2,1
TX0046048,U05146,M00187,2024-11-04T01:28:34.000+01:00,1922.23,406.46,372.93,Night,39864.77,CRYPTO,1,1,0,1,3,1
TX0030202,U07135,M00170,2025-04-22T18:55:16.000+02:00,1921.61,440.07,336.66,Evening,1509.35,CRYPTO,1,0,0,1,2,1
TX0053695,U01143,M00079,2024-11-07T04:19:29.000+01:00,1915.54,484.23,295.58,Night,190562.67,CRYPTO,0,1,0,1,2,1
TX0015078,U03826,M00229,2025-10-18T00:07:39.000+02:00,1915.41,199.93,858.03,Night,7209.73,BANK_TRANSFER,1,1,0,0,2,1
TX0012506,U08900,M00318,2025-02-25T23:16:06.000+01:00,1911.87,360.24,430.72,Night,2403.78,CRYPTO,1,1,0,1,3,1
TX0068398,U00914,M00104,2024-08-23T01:02:46.000+02:00,1911.5,1666.93,14.67,Night,9408.23,CRYPTO,0,1,0,1,2,1
TX0127851,U00732,M00284,2025-04-01T05:49:30.000+02:00,1911.12,438.56,335.77,Night,,BANK_TRANSFER,1,1,0,0,2,1
TX0052884,U07830,M00555,2024-10-19T04:48:09.000+02:00,1910.56,474.64,302.53,Night,589.13,CASH,1,1,0,0,2,1
TX0109539,U08579,M00559,2025-03-26T19:53:26.000+01:00,1908.04,403.7,372.64,Evening,11852.87,CRYPTO,1,0,0,1,2,1
TX0089934,U01704,M00217,2025-02-09T01:12:26.000+01:00,1907.1,332.84,472.98,Night,106061.3,CASH,1,1,0,0,2,1
TX0002971,U00380,M00258,2024-03-13T09:44:45.000+01:00,1905.51,348.67,446.52,Morning,10885.52,CRYPTO,1,0,0,1,2,1
TX0136558,U00454,M00520,2025-02-01T22:23:53.000+01:00,1905.11,438.85,334.11,Night,217746.82,PAYPAL,1,1,0,0,2,1
TX0011268,U03748,M00251,2024-04-24T14:20:23.000+02:00,1904.84,306.21,522.07,Afternoon,12735.1,CRYPTO,1,0,0,1,2,1
TX0013514,U01661,M00329,2025-03-22T22:00:03.000+01:00,1902.63,332.2,472.73,Night,3576.25,PAYPAL,1,1,0,0,2,1
TX0065010,U01762,M00266,2024-07-03T01:57:22.000+02:00,1901.56,438.94,333.22,Night,,CARD,1,1,0,0,2,1
TX0073464,U00208,M00564,2025-10-15T23:03:00.000+02:00,1895.14,559.18,238.91,Night,1362.9,CRYPTO,0,1,0,1,2,1
TX0135638,U10685,M00166,2025-04-28T22:13:21.000+02:00,1893.33,254.79,643.11,Night,9465.52,CARD,1,1,0,0,2,1
TX0087053,U07101,M00054,2025-03-02T04:40:15.000+01:00,1892.0,411.32,359.99,Night,11226.77,BANK_TRANSFER,1,1,0,0,2,1
TX0080041,U06261,M00291,2025-07-26T02:55:33.000+02:00,1891.6,141.88,1233.25,Night,14085.32,CARD,1,1,0,0,2,1
TX0014270,U02062,M00164,2024-06-28T00:03:40.000+02:00,1890.95,367.72,414.24,Night,574.87,CRYPTO,1,1,0,1,3,1
TX0039209,U01172,M00255,2025-04-11T03:36:45.000+02:00,1889.41,214.94,779.03,Night,7635.35,PAYPAL,1,1,0,0,2,1
TX0049893,U03265,M00507,2024-07-27T03:04:48.000+02:00,1888.75,403.14,368.51,Night,12354.4,CRYPTO,1,1,0,1,3,1
TX0007342,U10008,M00559,2024-08-10T10:06:18.000+02:00,1888.17,424.49,344.8,Morning,5717.7,CRYPTO,1,0,0,1,2,1
TX0114252,U04596,M00357,2025-05-18T16:42:45.000+02:00,1887.7,467.3,303.96,Afternoon,1584.37,CRYPTO,1,0,0,1,2,1
TX0058700,U11034,M00448,2025-03-07T22:30:33.000+01:00,1886.38,359.45,424.8,Night,103012.93,CARD,1,1,0,0,2,1
TX0014887,U02528,M00258,2024-07-04T23:25:43.000+02:00,1885.88,361.95,421.03,Night,749.05,CARD,1,1,0,0,2,1
TX0135845,U04893,M00158,2025-02-11T22:39:09.000+01:00,1885.43,453.14,316.08,Night,10671.58,CASH,1,1,0,0,2,1
TX0087794,U01068,M00266,2024-03-21T16:41:46.000+01:00,1885.4,322.31,484.96,Afternoon,6019.72,CRYPTO,1,0,0,1,2,1
TX0059363,U10320,M00327,2025-04-22T03:54:56.000+02:00,1883.81,346.88,443.08,Night,22036.65,CRYPTO,1,1,0,1,3,1
TX0110527,U03479,M00013,2024-09-29T23:42:25.000+02:00,1877.3,357.91,424.52,Night,756.48,CRYPTO,1,1,0,1,3,1
TX0052869,U01444,M00020,2024-06-03T00:21:47.000+02:00,1876.79,266.56,604.09,Night,16151.35,CRYPTO,1,1,0,1,3,1
TX0041008,U10922,M00167,2025-09-26T22:25:57.000+02:00,1875.53,263.22,612.54,Night,2080.62,BANK_TRANSFER,1,1,0,0,2,1
TX0118005,U09205,M00559,2025-09-25T18:46:08.000+02:00,1873.09,429.65,335.96,Evening,7328.97,CRYPTO,1,0,0,1,2,1
TX0051706,U03561,M00229,2024-07-21T05:38:04.000+02:00,1872.38,186.67,903.02,Night,4100.93,CASH,1,1,0,0,2,1
TX0136479,U02348,M00297,2025-02-25T05:34:48.000+01:00,1864.05,391.76,375.81,Night,820.3,CASH,1,1,0,0,2,1
TX0046435,U11655,M00545,2025-11-04T11:29:54.000+01:00,1861.44,275.22,576.35,Morning,3479.28,CRYPTO,1,0,0,1,2,1
TX0084765,U03061,M00013,2024-12-03T03:53:49.000+01:00,1861.41,461.01,303.77,Night,226.08,CRYPTO,1,1,0,1,3,1
TX0123963,U06032,M00534,2024-11-19T01:22:34.000+01:00,1861.08,452.52,311.27,Night,2207.57,CRYPTO,1,1,0,1,3,1
TX0137831,U03011,M00006,2024-12-02T12:34:38.000+01:00,1860.47,325.56,471.47,Afternoon,4.48,CASH,1,0,1,0,2,1
TX0006365,U10137,M00555,2025-07-19T18:26:54.000+02:00,1857.78,400.66,363.68,Evening,197.63,CRYPTO,1,0,0,1,2,1
TX0132935,U11358,M00277,2025-04-04T22:27:02.000+02:00,1857.13,367.36,405.53,Night,5172.52,CARD,1,1,0,0,2,1
TX0101329,U07770,M00018,2025-06-30T15:33:17.000+02:00,1856.76,460.66,303.06,Afternoon,7109.3,CRYPTO,1,0,0,1,2,1
TX0115957,U04933,M00467,2025-09-29T00:00:03.000+02:00,1856.09,819.91,126.38,Night,1830.52,CRYPTO,0,1,0,1,2,1
TX0117008,U01661,M00122,2024-05-04T19:14:44.000+02:00,1854.77,332.2,458.33,Evening,52031.82,CRYPTO,1,0,0,1,2,1
TX0042715,U00200,M00554,2024-10-04T22:14:56.000+02:00,1854.53,370.66,400.33,Night,812.73,CARD,1,1,0,0,2,1
TX0135541,U05005,M00444,2025-03-30T22:35:17.000+02:00,1854.28,283.3,554.53,Night,5019.97,BANK_TRANSFER,1,1,0,0,2,1
TX0082718,U07069,M00383,2025-11-10T02:19:52.000+01:00,1853.54,285.01,550.34,Night,462.35,CRYPTO,1,1,0,1,3,1
TX0103388,U02427,M00121,2024-09-14T02:45:53.000+02:00,1853.26,260.44,611.58,Night,4569.53,BANK_TRANSFER,1,1,0,0,2,1
TX0103132,U11608,M00258,2025-02-12T17:54:55.000+01:00,1853.15,296.7,524.59,Afternoon,17202.28,CRYPTO,1,0,0,1,2,1
TX0002810,U08654,M00566,2025-03-28T08:11:29.000+01:00,1848.46,385.23,379.83,Morning,10917.0,CRYPTO,1,0,0,1,2,1
TX0029405,U01891,M00157,2024-01-03T23:46:15.000+01:00,1847.88,251.36,635.14,Night,856.58,CRYPTO,1,1,0,1,3,1
TX0008222,U08606,M00275,2025-05-19T22:17:30.000+02:00,1847.43,534.79,245.45,Night,176.1,CRYPTO,0,1,0,1,2,1
TX0023607,U07184,M00329,2025-05-02T23:54:38.000+02:00,1847.37,395.54,367.05,Night,100328.35,CARD,1,1,0,0,2,1
TX0011489,U09154,M00083,2025-11-17T09:21:12.000+01:00,1846.23,459.88,301.46,Morning,5640.68,CRYPTO,1,0,0,1,2,1
TX0083987,U07764,M00258,2025-07-04T22:59:25.000+02:00,1844.09,407.98,352.01,Night,27204.38,CARD,1,1,0,0,2,1
TX0057621,U04797,M00083,2025-08-23T16:56:24.000+02:00,1843.65,296.49,521.83,Afternoon,3584.35,CRYPTO,1,0,0,1,2,1
TX0056405,U05411,M00473,2025-01-06T17:36:38.000+01:00,1842.44,331.91,455.1,Afternoon,22392.42,CRYPTO,1,0,0,1,2,1
TX0121695,U06142,M00243,2025-06-02T02:30:09.000+02:00,1840.37,1029.67,78.73,Night,5105.73,CRYPTO,0,1,0,1,2,1
TX0090605,U02091,M00175,2024-06-29T00:17:03.000+02:00,1839.93,480.51,282.91,Night,5939.03,CRYPTO,0,1,0,1,2,1
TX0022399,U08769,M00598,2025-06-03T01:28:42.000+02:00,1839.91,410.87,347.8,Night,50064.68,CRYPTO,1,1,0,1,3,1
TX0009151,U00820,M00112,2025-07-30T23:10:50.000+02:00,1838.45,372.06,394.13,Night,6098.23,BANK_TRANSFER,1,1,0,0,2,1
TX0029577,U01934,M00217,2025-11-24T09:46:46.000+01:00,1836.28,180.89,915.12,Morning,17182.62,CRYPTO,1,0,0,1,2,1
TX0076692,U05161,M00033,2024-12-27T02:26:58.000+01:00,1835.89,409.75,348.05,Night,9575.15,CARD,1,1,0,0,2,1
TX0095223,U07733,M00166,2024-08-13T11:30:19.000+02:00,1834.03,372.71,392.08,Morning,1.72,CARD,1,0,1,0,2,1
TX0074581,U00449,M00469,2024-01-26T01:06:31.000+01:00,1830.39,249.95,632.31,Night,9369.33,CRYPTO,1,1,0,1,3,1
TX0099691,U06814,M00099,2025-02-18T13:54:50.000+01:00,1825.91,822.23,122.07,Afternoon,2.43,CRYPTO,0,0,1,1,2,1
TX0095170,U02803,M00547,2025-09-13T01:34:32.000+02:00,1822.78,795.86,129.03,Night,1782.88,CRYPTO,0,1,0,1,2,1
TX0130759,U07233,M00182,2025-11-21T22:22:24.000+01:00,1817.4,1009.37,80.05,Night,783.62,CRYPTO,0,1,0,1,2,1
TX0137505,U08516,M00428,2025-11-26T03:32:38.000+01:00,1811.23,592.67,205.6,Night,3775.03,CRYPTO,0,1,0,1,2,1
TX0004880,U06994,M00529,2025-08-04T22:34:28.000+02:00,1809.19,404.29,347.5,Night,912.18,BANK_TRANSFER,1,1,0,0,2,1
TX0007285,U11200,M00258,2024-09-02T09:26:45.000+02:00,1808.55,354.33,410.41,Morning,92388.85,CRYPTO,1,0,0,1,2,1
TX0098935,U05325,M00087,2025-01-27T03:41:19.000+01:00,1807.43,358.74,403.82,Night,15156.63,CRYPTO,1,1,0,1,3,1
TX0119129,U00325,M00033,2024-10-25T17:06:11.000+02:00,1802.03,294.18,512.56,Afternoon,2.4,CARD,1,0,1,0,2,1
TX0062998,U01168,M00549,2025-01-07T21:18:24.000+01:00,1800.9,317.43,467.34,Evening,2.53,BANK_TRANSFER,1,0,1,0,2,1
TX0002283,U11330,M00298,2025-06-25T23:56:47.000+02:00,1800.66,863.44,108.55,Night,20265.87,CRYPTO,0,1,0,1,2,1
TX0126494,U00721,M00262,2024-07-18T23:39:36.000+02:00,1795.74,320.18,460.85,Night,2648.58,CARD,1,1,0,0,2,1
TX0077379,U06883,M00166,2025-06-20T12:47:21.000+02:00,1795.31,436.39,311.4,Afternoon,11069.75,CRYPTO,1,0,0,1,2,1
TX0103739,U09205,M00575,2025-11-27T10:38:27.000+01:00,1792.21,429.65,317.13,Morning,18934.18,CRYPTO,1,0,0,1,2,1
TX0020171,U05372,M00206,2024-05-26T22:49:55.000+02:00,1791.58,386.6,363.42,Night,1486.87,BANK_TRANSFER,1,1,0,0,2,1
TX0008138,U03936,M00575,2025-03-29T22:42:09.000+01:00,1789.37,198.25,802.58,Night,2632.33,CARD,1,1,0,0,2,1
TX0045856,U05845,M00258,2025-03-31T15:33:19.000+02:00,1788.67,294.31,507.74,Afternoon,31548.42,CRYPTO,1,0,0,1,2,1
TX0108947,U08317,M00592,2024-08-04T23:10:44.000+02:00,1785.02,1215.81,46.82,Night,4766.72,CRYPTO,0,1,0,1,2,1
TX0121734,U10175,M00339,2025-09-28T22:25:44.000+02:00,1781.55,650.52,173.86,Night,2.23,CARD,0,1,1,0,2,1
TX0011952,U04631,M00206,2024-07-25T04:18:46.000+02:00,1776.28,413.34,329.74,Night,,CARD,1,1,0,0,2,1
TX0037619,U07240,M00158,2025-04-03T22:38:13.000+02:00,1774.83,319.86,454.88,Night,137040.12,CARD,1,1,0,0,2,1
TX0058765,U08908,M00072,2024-06-14T01:26:43.000+02:00,1769.8,946.87,86.91,Night,4717.75,CRYPTO,0,1,0,1,2,1
TX0026487,U05109,M00335,2025-06-05T16:34:53.000+02:00,1769.14,422.46,318.77,Afternoon,55982.12,CRYPTO,1,0,0,1,2,1
TX0053933,U11347,M00183,2025-07-28T10:09:51.000+02:00,1761.64,259.58,578.66,Morning,34105.55,CRYPTO,1,0,0,1,2,1
TX0008792,U02476,M00137,2025-01-20T02:29:12.000+01:00,1761.2,566.63,210.82,Night,3356.07,CRYPTO,0,1,0,1,2,1
TX0021490,U04294,M00292,2025-04-08T00:54:25.000+02:00,1760.37,256.43,586.48,Night,55021.17,CARD,1,1,0,0,2,1
TX0030031,U00267,M00279,2024-09-08T23:05:58.000+02:00,1759.92,470.54,274.02,Night,310.87,CRYPTO,0,1,0,1,2,1
TX0072311,U07618,M00315,2025-07-17T08:25:31.000+02:00,1759.33,265.73,562.07,Morning,12277.25,CRYPTO,1,0,0,1,2,1
TX0076565,U03676,M00009,2024-10-01T04:04:24.000+02:00,1758.95,224.03,685.15,Night,458.55,CRYPTO,1,1,0,1,3,1
TX0050275,U02238,M00197,2025-08-16T23:25:17.000+02:00,1757.93,416.86,321.71,Night,174934.27,CASH,1,1,0,0,2,1
TX0041598,U02245,M00335,2025-09-11T02:46:24.000+02:00,1756.14,436.19,302.61,Night,3070.95,PAYPAL,1,1,0,0,2,1
TX0042972,U08463,M00377,2025-06-01T03:55:54.000+02:00,1755.86,293.96,497.31,Night,55394.33,CRYPTO,1,1,0,1,3,1
TX0042449,U04705,M00438,2025-02-06T09:11:29.000+01:00,1754.7,275.17,537.67,Morning,3.73,CRYPTO,1,0,1,1,3,1
TX0099921,U08594,M00389,2025-02-21T22:39:55.000+01:00,1750.36,338.68,416.81,Night,24653.13,BANK_TRANSFER,1,1,0,0,2,1
TX0112931,U03536,M00083,2024-07-25T21:25:37.000+02:00,1750.23,387.9,351.21,Evening,619.75,CRYPTO,1,0,0,1,2,1
TX0052745,U09656,M00575,2024-08-25T22:33:42.000+02:00,1749.68,230.48,659.14,Night,9317.13,PAYPAL,1,1,0,0,2,1
TX0125895,U02658,M00389,2025-02-20T04:25:15.000+01:00,1749.22,199.5,776.81,Night,11733.17,BANK_TRANSFER,1,1,0,0,2,1
TX0044772,U02591,M00166,2024-04-03T00:23:09.000+02:00,1745.78,380.24,359.12,Night,3772.48,CARD,1,1,0,0,2,1
TX0040135,U00673,M00224,2024-12-28T22:28:16.000+01:00,1745.72,355.74,390.73,Night,7402.12,CASH,1,1,0,0,2,1
TX0058601,U05029,M00281,2024-04-20T03:31:28.000+02:00,1743.36,312.4,458.06,Night,18684.72,CRYPTO,1,1,0,1,3,1
TX0067515,U06545,M00291,2025-03-06T22:12:28.000+01:00,1742.78,175.68,892.04,Night,1858.97,PAYPAL,1,1,0,0,2,1
TX0058569,U10286,M00206,2025-10-25T02:20:02.000+02:00,1738.72,369.44,370.63,Night,5055.27,CARD,1,1,0,0,2,1
TX0013976,U07908,M00041,2024-05-21T08:48:15.000+02:00,1737.18,286.44,506.46,Morning,7967.22,CRYPTO,1,0,0,1,2,1
TX0122191,U05812,M00260,2025-05-16T17:32:11.000+02:00,1736.26,310.13,459.85,Afternoon,2.4,CRYPTO,1,0,1,1,3,1
TX0130827,U05502,M00087,2024-10-16T15:25:58.000+02:00,1735.75,311.15,457.86,Afternoon,4.1,PAYPAL,1,0,1,0,2,1
TX0132379,U09115,M00258,2024-12-07T03:38:36.000+01:00,1733.2,417.13,315.51,Night,3753.32,CASH,1,1,0,0,2,1
TX0017767,U03450,M00099,2025-05-29T23:40:50.000+02:00,1729.51,848.38,103.86,Night,359.7,CRYPTO,0,1,0,1,2,1
TX0088895,U09009,M00233,2025-08-06T05:47:31.000+02:00,1722.68,234.38,634.99,Night,7145.05,PAYPAL,1,1,0,0,2,1
TX0051328,U00376,M00258,2024-07-14T00:39:14.000+02:00,1721.51,621.96,176.79,Night,14511.93,CRYPTO,0,1,0,1,2,1
TX0057555,U07813,M00575,2024-04-09T20:06:28.000+02:00,1721.2,428.02,302.13,Evening,,CRYPTO,1,0,0,1,2,1
TX0031152,U00556,M00084,2024-01-04T04:54:01.000+01:00,1720.31,240.42,615.55,Night,,CARD,1,1,0,0,2,1
TX0043936,U01753,M00351,2025-01-22T22:50:38.000+01:00,1717.29,292.16,487.8,Night,2988.13,PAYPAL,1,1,0,0,2,1
TX0061404,U10927,M00557,2024-02-20T03:07:51.000+01:00,1716.47,356.24,381.83,Night,300.08,CARD,1,1,0,0,2,1
TX0024682,U06858,M00529,2024-07-11T09:55:53.000+02:00,1713.32,307.05,457.99,Morning,22453.88,CRYPTO,1,0,0,1,2,1
TX0044488,U08788,M00284,2024-12-19T11:59:03.000+01:00,1711.07,353.25,384.38,Morning,14055.63,CRYPTO,1,0,0,1,2,1
TX0115013,U11148,M00520,2024-01-03T02:56:03.000+01:00,1708.64,365.62,367.33,Night,,CARD,1,1,0,0,2,1
TX0009750,U00609,M00297,2024-05-30T23:54:55.000+02:00,1708.02,704.23,142.54,Night,27864.42,CRYPTO,0,1,0,1,2,1
TX0104480,U08911,M00199,2024-01-06T01:00:32.000+01:00,1707.29,355.54,380.2,Night,,CARD,1,1,0,0,2,1
TX0109841,U10517,M00488,2024-07-24T03:39:06.000+02:00,1706.63,420.47,305.89,Night,2273.73,PAYPAL,1,1,0,0,2,1
TX0006838,U04980,M00505,2025-09-27T01:43:22.000+02:00,1706.01,338.78,403.58,Night,11951.98,BANK_TRANSFER,1,1,0,0,2,1
TX0120474,U08381,M00344,2024-06-30T22:01:57.000+02:00,1705.02,215.98,689.42,Night,166.9,CRYPTO,1,1,0,1,3,1
TX0036290,U07564,M00473,2025-05-18T22:31:49.000+02:00,1703.63,397.15,328.97,Night,5033.12,PAYPAL,1,1,0,0,2,1
TX0044716,U00473,M00436,2024-08-09T22:27:43.000+02:00,1703.6,361.16,371.7,Night,,PAYPAL,1,1,0,0,2,1
TX0049363,U11375,M00385,2024-02-11T02:25:29.000+01:00,1698.44,366.74,363.11,Night,52.02,CRYPTO,1,1,0,1,3,1
TX0026277,U05109,M00317,2025-09-06T19:51:36.000+02:00,1697.47,422.46,301.81,Evening,53552.93,CRYPTO,1,0,0,1,2,1
TX0130472,U11811,M00042,2024-03-13T04:44:18.000+01:00,1696.69,122.05,1290.2,Night,1859.83,CRYPTO,1,1,0,1,3,1
TX0107895,U01766,M00321,2024-08-03T02:35:32.000+02:00,1690.81,453.71,272.66,Night,53706.13,CRYPTO,0,1,0,1,2,1
TX0132450,U00189,M00433,2025-01-31T22:31:23.000+01:00,1688.61,513.45,228.88,Night,8032.85,CRYPTO,0,1,0,1,2,1
TX0018005,U10536,M00374,2025-04-26T12:12:58.000+02:00,1686.85,375.95,348.68,Afternoon,2.57,PAYPAL,1,0,1,0,2,1
TX0046592,U00825,M00282,2025-07-25T04:12:31.000+02:00,1685.46,386.76,335.79,Night,17771.32,CARD,1,1,0,0,2,1
TX0105559,U01008,M00268,2024-02-26T04:56:40.000+01:00,1684.45,350.01,381.26,Night,1127.97,CRYPTO,1,1,0,1,3,1
TX0108075,U10484,M00416,2024-11-17T00:31:50.000+01:00,1684.23,554.84,203.55,Night,11557.82,CRYPTO,0,1,0,1,2,1
TX0035479,U01487,M00247,2025-12-22T02:28:54.000+01:00,1683.96,707.91,137.88,Night,13488.72,CRYPTO,0,1,0,1,2,1
TX0031359,U06913,M00091,2025-05-19T04:20:13.000+02:00,1682.8,799.76,110.41,Night,26965.08,CRYPTO,0,1,0,1,2,1
TX0016086,U05362,M00122,2024-08-27T01:54:02.000+02:00,1681.86,298.85,462.77,Night,22608.75,CASH,1,1,0,0,2,1
TX0128937,U10259,M00364,2024-12-24T23:49:46.000+01:00,1680.57,381.12,340.95,Night,19544.23,BANK_TRANSFER,1,1,0,0,2,1
TX0018449,U08841,M00075,2024-02-16T22:10:57.000+01:00,1680.27,1267.84,32.53,Night,9.48,CRYPTO,0,1,0,1,2,1
TX0106531,U03207,M00315,2025-04-15T00:37:48.000+02:00,1678.51,376.42,345.91,Night,2343.08,CARD,1,1,0,0,2,1
TX0020798,U10464,M00298,2024-07-24T02:57:27.000+02:00,1678.44,341.68,391.23,Night,6870.42,BANK_TRANSFER,1,1,0,0,2,1
TX0072194,U09727,M00077,2024-11-26T02:02:36.000+01:00,1677.58,262.67,538.67,Night,9767.17,CRYPTO,1,1,0,1,3,1
TX0098847,U10143,M00339,2025-02-19T22:28:32.000+01:00,1673.99,532.53,214.34,Night,13877.13,CRYPTO,0,1,0,1,2,1
TX0124595,U00395,M00500,2024-03-11T22:00:54.000+01:00,1673.63,369.55,352.89,Night,701.67,PAYPAL,1,1,0,0,2,1
TX0071455,U04479,M00009,2024-11-25T04:38:18.000+01:00,1672.47,409.51,308.41,Night,5357.02,CRYPTO,1,1,0,1,3,1
TX0002872,U09444,M00289,2025-05-16T22:09:20.000+02:00,1672.31,295.11,466.67,Night,14857.1,CRYPTO,1,1,0,1,3,1
TX0110733,U03431,M00510,2024-03-05T23:18:39.000+01:00,1672.14,333.66,401.15,Night,54693.78,PAYPAL,1,1,0,0,2,1
TX0134369,U10348,M00598,2024-10-07T16:56:39.000+02:00,1671.75,624.4,167.74,Afternoon,1.52,CRYPTO,0,0,1,1,2,1
TX0002862,U08824,M00122,2025-02-07T02:59:38.000+01:00,1671.63,287.45,481.53,Night,6507.38,CRYPTO,1,1,0,1,3,1
TX0101864,U08402,M00456,2024-10-07T07:47:45.000+02:00,1669.47,409.79,307.4,Morning,772.37,CRYPTO,1,0,0,1,2,1
TX0013256,U02310,M00419,2025-04-14T22:20:46.000+02:00,1668.18,501.08,232.91,Night,2977.42,CRYPTO,0,1,0,1,2,1
TX0005993,U08638,M00122,2025-03-03T00:53:37.000+01:00,1667.74,465.69,258.12,Night,10961.07,CRYPTO,0,1,0,1,2,1
TX0039352,U06512,M00114,2025-02-16T02:01:48.000+01:00,1665.21,951.29,75.05,Night,674.63,CRYPTO,0,1,0,1,2,1
TX0038611,U09614,M00243,2024-12-04T02:54:57.000+01:00,1664.05,409.12,306.74,Night,10428.82,BANK_TRANSFER,1,1,0,0,2,1
TX0060472,U07495,M00083,2025-08-01T22:39:29.000+02:00,1663.49,290.57,472.49,Night,27685.18,BANK_TRANSFER,1,1,0,0,2,1
TX0041332,U06919,M00197,2025-08-30T03:13:00.000+02:00,1663.33,212.19,683.9,Night,88287.35,CARD,1,1,0,0,2,1
TX0137425,U03374,M00389,2024-03-27T18:11:42.000+01:00,1659.74,366.26,353.16,Evening,144.12,CRYPTO,1,0,0,1,2,1
TX0100674,U04802,M00255,2024-06-03T03:23:07.000+02:00,1658.55,1802.02,-7.96,Night,158730.92,CRYPTO,0,1,0,1,2,1
TX0029204,U07409,M00197,2025-10-19T05:10:50.000+02:00,1657.07,484.36,242.12,Night,2793.63,CRYPTO,0,1,0,1,2,1
TX0076160,U03832,M00456,2025-08-11T23:51:41.000+02:00,1654.8,711.6,132.55,Night,5766.75,CRYPTO,0,1,0,1,2,1
TX0058391,U03177,M00419,2025-12-25T23:19:56.000+01:00,1654.03,375.69,340.26,Night,9610.05,PAYPAL,1,1,0,0,2,1
TX0080090,U07511,M00102,2024-09-27T22:17:37.000+02:00,1653.86,387.95,326.3,Night,9369.57,CARD,1,1,0,0,2,1
TX0092116,U01016,M00216,2025-01-24T05:42:55.000+01:00,1652.88,396.73,316.63,Night,14269.05,BANK_TRANSFER,1,1,0,0,2,1
TX0084700,U05383,M00566,2024-09-25T22:45:55.000+02:00,1650.5,381.76,332.33,Night,27260.62,BANK_TRANSFER,1,1,0,0,2,1
TX0013304,U00638,M00160,2024-10-09T01:55:45.000+02:00,1649.91,297.66,454.29,Night,6347.57,PAYPAL,1,1,0,0,2,1
TX0041590,U01660,M00339,2024-10-13T14:46:24.000+02:00,1648.99,365.92,350.64,Afternoon,3087.95,CRYPTO,1,0,0,1,2,1
TX0029389,U06350,M00389,2025-03-19T22:53:14.000+01:00,1646.88,383.97,328.91,Night,4255.0,CARD,1,1,0,0,2,1
TX0083659,U11819,M00262,2025-02-18T22:40:53.000+01:00,1644.56,1442.17,14.03,Night,4472.97,CRYPTO,0,1,0,1,2,1
TX0050087,U10964,M00206,2024-09-20T23:55:35.000+02:00,1643.55,224.8,631.11,Night,1708.13,PAYPAL,1,1,0,0,2,1
TX0034681,U00440,M00541,2025-07-08T19:20:31.000+02:00,1643.52,268.57,511.95,Evening,6491.43,CRYPTO,1,0,0,1,2,1
TX0022252,U05734,M00122,2024-11-07T22:00:55.000+01:00,1643.16,339.49,384.0,Night,13716.87,CASH,1,1,0,0,2,1
TX0051536,U01697,M00597,2024-11-17T00:19:56.000+01:00,1643.08,394.74,316.24,Night,12262.08,CASH,1,1,0,0,2,1
TX0130785,U01099,M00545,2025-09-22T01:57:53.000+02:00,1642.04,279.41,487.68,Night,3834.82,CRYPTO,1,1,0,1,3,1
TX0103439,U03120,M00419,2025-08-26T15:56:07.000+02:00,1641.07,386.23,324.9,Afternoon,8266.2,CRYPTO,1,0,0,1,2,1
TX0123974,U09785,M00087,2025-04-24T23:42:30.000+02:00,1639.01,242.25,576.57,Night,347.25,CASH,1,1,0,0,2,1
TX0082741,U07438,M00236,2024-03-19T00:25:45.000+01:00,1638.79,231.26,608.64,Night,12170.5,CARD,1,1,0,0,2,1
TX0094310,U05355,M00559,2024-12-03T11:48:05.000+01:00,1638.05,278.05,489.13,Morning,56205.52,CRYPTO,1,0,0,1,2,1
TX0057405,U01879,M00264,2025-12-02T02:05:51.000+01:00,1636.87,397.76,311.52,Night,222709.9,PAYPAL,1,1,0,0,2,1
TX0091758,U10940,M00193,2025-04-07T01:08:33.000+02:00,1635.36,683.92,139.11,Night,,CRYPTO,0,1,0,1,2,1
TX0070246,U09665,M00199,2024-03-28T02:07:46.000+01:00,1632.86,364.23,348.3,Night,11981.3,CRYPTO,1,1,0,1,3,1
TX0070076,U05940,M00122,2025-12-22T12:18:32.000+01:00,1632.38,272.44,499.16,Afternoon,6908.35,CRYPTO,1,0,0,1,2,1
TX0117826,U01735,M00277,2024-07-29T10:25:48.000+02:00,1629.54,193.38,742.65,Morning,2149.32,CRYPTO,1,0,0,1,2,1
TX0085792,U00423,M00593,2025-07-27T01:23:17.000+02:00,1628.47,173.21,840.17,Night,3223.12,PAYPAL,1,1,0,0,2,1
TX0105343,U04882,M00158,2024-04-19T00:35:52.000+02:00,1625.74,309.09,425.97,Night,1226.77,CASH,1,1,0,0,2,1
TX0134767,U02921,M00566,2024-10-04T05:51:15.000+02:00,1624.95,363.2,347.4,Night,118627.68,PAYPAL,1,1,0,0,2,1
TX0068175,U11109,M00125,2024-06-03T10:30:40.000+02:00,1624.89,345.22,370.68,Morning,3.92,CARD,1,0,1,0,2,1
TX0131434,U06187,M00593,2024-12-05T03:18:49.000+01:00,1624.45,1120.28,45.0,Night,70255.67,CRYPTO,0,1,0,1,2,1
TX0100693,U10655,M00027,2025-05-09T04:05:00.000+02:00,1623.12,558.59,190.58,Night,923.8,CRYPTO,0,1,0,1,2,1
TX0037726,U09397,M00510,2025-11-06T23:22:32.000+01:00,1622.87,343.13,372.96,Night,14.75,CARD,1,1,0,0,2,1
TX0060874,U11859,M00499,2025-04-07T13:02:53.000+02:00,1620.18,352.56,359.55,Afternoon,623.93,CRYPTO,1,0,0,1,2,1
TX0035135,U09980,M00231,2025-10-29T22:37:44.000+01:00,1619.84,288.56,461.36,Night,1881.75,BANK_TRANSFER,1,1,0,0,2,1
TX0090484,U07394,M00433,2024-02-22T17:58:40.000+01:00,1619.45,342.05,373.45,Afternoon,4667.97,CRYPTO,1,0,0,1,2,1
TX0092492,U02173,M00352,2025-07-27T03:23:18.000+02:00,1618.62,321.38,403.65,Night,13531.47,CARD,1,1,0,0,2,1
TX0002576,U08730,M00195,2024-09-17T23:13:44.000+02:00,1617.32,498.14,224.68,Night,4.78,PAYPAL,0,1,1,0,2,1
TX0091605,U11835,M00476,2024-09-20T20:50:53.000+02:00,1614.14,302.93,432.85,Evening,4197.1,CRYPTO,1,0,0,1,2,1
TX0029487,U06753,M00507,2025-04-26T02:04:05.000+02:00,1614.06,215.94,647.47,Night,9284.57,CARD,1,1,0,0,2,1
TX0017770,U07697,M00247,2025-09-03T23:28:39.000+02:00,1612.56,396.72,306.48,Night,2400.22,CASH,1,1,0,0,2,1
TX0092588,U02591,M00575,2024-01-16T02:02:06.000+01:00,1611.31,380.24,323.76,Night,2383.07,CARD,1,1,0,0,2,1
TX0024270,U03644,M00507,2025-10-22T23:51:26.000+02:00,1610.45,234.91,585.55,Night,3.78,BANK_TRANSFER,1,1,1,0,3,1
TX0023864,U05846,M00472,2024-07-14T22:25:52.000+02:00,1607.38,422.1,280.8,Night,382.98,CRYPTO,0,1,0,1,2,1
TX0106624,U10187,M00262,2025-10-24T22:16:29.000+02:00,1606.77,372.48,331.37,Night,6452.97,CASH,1,1,0,0,2,1
TX0007571,U04447,M00507,2024-07-06T23:09:35.000+02:00,1606.11,916.85,75.18,Night,16223.63,CRYPTO,0,1,0,1,2,1
TX0044858,U07787,M00329,2024-08-22T12:41:23.000+02:00,1605.0,305.63,425.14,Afternoon,1035.15,CRYPTO,1,0,0,1,2,1
TX0080548,U00110,M00008,2024-09-24T03:51:46.000+02:00,1604.1,164.45,875.44,Night,35554.05,CRYPTO,1,1,0,1,3,1
TX0090208,U06761,M00160,2024-01-12T19:45:11.000+01:00,1596.45,320.44,398.21,Evening,,CRYPTO,1,0,0,1,2,1
TX0065771,U00360,M00556,2025-01-11T22:03:30.000+01:00,1593.44,372.64,327.61,Night,333179.53,CARD,1,1,0,0,2,1
TX0041262,U00630,M00471,2024-10-23T17:22:11.000+02:00,1592.02,316.63,402.8,Afternoon,2637.25,CRYPTO,1,0,0,1,2,1
TX0022898,U01338,M00262,2025-06-05T23:14:03.000+02:00,1590.58,270.83,487.29,Night,99673.95,CARD,1,1,0,0,2,1
TX0040467,U09656,M00559,2024-10-31T06:07:56.000+01:00,1589.89,230.48,589.81,Morning,3606.57,CRYPTO,1,0,0,1,2,1
TX0007954,U05537,M00057,2024-09-05T22:37:43.000+02:00,1589.56,297.05,435.11,Night,34.32,CRYPTO,1,1,0,1,3,1
TX0134782,U05899,M00083,2025-12-19T18:47:40.000+01:00,1589.13,262.36,505.71,Evening,6450.6,CRYPTO,1,0,0,1,2,1
TX0115898,U07237,M00561,2025-02-27T05:33:36.000+01:00,1586.76,264.91,498.98,Night,19828.93,BANK_TRANSFER,1,1,0,0,2,1
TX0095197,U05618,M00539,2024-04-25T09:40:10.000+02:00,1586.25,386.26,310.67,Morning,2559.15,CRYPTO,1,0,0,1,2,1
TX0039733,U01345,M00559,2024-08-27T19:33:31.000+02:00,1585.11,276.91,472.42,Evening,17314.88,CRYPTO,1,0,0,1,2,1
TX0096417,U08947,M00419,2025-01-14T22:02:39.000+01:00,1584.52,291.36,443.84,Night,3911.63,PAYPAL,1,1,0,0,2,1
TX0068389,U03973,M00041,2024-08-12T09:49:33.000+02:00,1582.25,384.52,311.48,Morning,2.65,CRYPTO,1,0,1,1,3,1
TX0072261,U06323,M00329,2024-11-02T02:26:18.000+01:00,1581.02,386.01,309.58,Night,,PAYPAL,1,1,0,0,2,1
TX0081385,U11901,M00144,2025-03-18T00:33:09.000+01:00,1580.01,492.59,220.75,Night,16681.42,CRYPTO,0,1,0,1,2,1
TX0129035,U00135,M00099,2025-01-22T06:12:04.000+01:00,1579.4,367.0,330.35,Morning,,CRYPTO,1,0,0,1,2,1
TX0094219,U90745,M00586,2024-11-04T23:57:11.000+01:00,1578.47,1578.47,0.0,Night,,CRYPTO,0,1,0,1,2,1
TX0114893,U01979,M00166,2025-02-12T21:07:26.000+01:00,1574.72,350.48,349.31,Evening,4698.23,CRYPTO,1,0,0,1,2,1
TX0085280,U05411,M00004,2025-06-12T04:27:48.000+02:00,1572.62,331.91,373.81,Night,641.27,CARD,1,1,0,0,2,1
TX0104762,U01510,M00262,2025-10-05T11:16:16.000+02:00,1570.84,318.89,392.59,Morning,1413.95,CRYPTO,1,0,0,1,2,1
TX0051982,U01460,M00099,2024-05-20T06:25:05.000+02:00,1570.18,284.3,452.3,Morning,9585.72,CRYPTO,1,0,0,1,2,1
TX0077357,U08036,M00359,2025-08-04T04:13:07.000+02:00,1569.42,679.26,131.05,Night,32026.73,CRYPTO,0,1,0,1,2,1
TX0125899,U05973,M00444,2025-10-29T23:50:40.000+01:00,1569.21,323.13,385.63,Night,17588.85,CARD,1,1,0,0,2,1
TX0020782,U05148,M00206,2025-09-28T13:31:50.000+02:00,1567.28,245.16,539.29,Afternoon,26663.93,CRYPTO,1,0,0,1,2,1
TX0105136,U01590,M00099,2024-01-01T22:57:56.000+01:00,1564.33,293.21,433.51,Night,149.78,CASH,1,1,0,0,2,1
TX0023779,U03463,M00537,2024-12-18T15:52:34.000+01:00,1560.59,264.06,491.0,Afternoon,48843.77,CRYPTO,1,0,0,1,2,1
TX0003526,U01998,M00243,2025-09-13T08:47:33.000+02:00,1560.04,322.59,383.59,Morning,15239.57,CRYPTO,1,0,0,1,2,1
TX0098206,U00568,M00476,2024-01-09T14:07:28.000+01:00,1559.81,273.74,469.8,Afternoon,1013.95,CRYPTO,1,0,0,1,2,1
TX0077568,U10759,M00432,2025-10-20T11:03:42.000+02:00,1559.62,351.99,343.08,Morning,12304.4,CRYPTO,1,0,0,1,2,1
TX0051519,U05589,M00513,2025-05-27T03:07:16.000+02:00,1559.44,257.1,506.54,Night,15893.43,CARD,1,1,0,0,2,1
TX0020580,U01934,M00374,2025-11-03T13:04:25.000+01:00,1559.36,180.89,762.03,Afternoon,41.92,CRYPTO,1,0,0,1,2,1
TX0049644,U01891,M00356,2024-04-15T23:10:59.000+02:00,1555.96,251.36,519.01,Night,1860.53,PAYPAL,1,1,0,0,2,1
TX0005460,U01338,M00102,2025-12-31T20:00:53.000+01:00,1554.23,270.83,473.87,Evening,1.75,CASH,1,0,1,0,2,1
TX0111928,U04183,M00035,2025-01-11T03:32:15.000+01:00,1553.42,337.88,359.76,Night,201376.32,CRYPTO,1,1,0,1,3,1
TX0127708,U04128,M00541,2024-10-01T01:04:39.000+02:00,1553.31,380.68,308.04,Night,2343.77,CASH,1,1,0,0,2,1
TX0114396,U02623,M00262,2024-12-17T19:17:38.000+01:00,1552.59,283.4,447.84,Evening,12918.87,CRYPTO,1,0,0,1,2,1
TX0082565,U08255,M00392,2025-04-15T22:07:42.000+02:00,1552.4,321.35,383.09,Night,1884.05,PAYPAL,1,1,0,0,2,1
TX0002212,U01785,M00072,2025-05-04T02:12:27.000+02:00,1551.96,232.8,566.66,Night,,BANK_TRANSFER,1,1,0,0,2,1
TX0028657,U08486,M00382,2024-03-09T02:52:25.000+01:00,1548.4,842.89,83.7,Night,,CRYPTO,0,1,0,1,2,1
TX0007099,U10927,M00519,2024-04-20T19:26:37.000+02:00,1547.26,356.24,334.34,Evening,4222.2,CRYPTO,1,0,0,1,2,1
TX0010795,U07942,M00566,2024-09-01T22:35:15.000+02:00,1546.6,346.99,345.72,Night,47015.6,CASH,1,1,0,0,2,1
TX0064624,U06777,M00114,2024-07-18T01:12:47.000+02:00,1546.57,333.31,364.01,Night,7977.45,CARD,1,1,0,0,2,1
TX0057265,U05158,M00036,2025-12-31T20:32:40.000+01:00,1545.99,369.8,318.06,Evening,6359.35,CRYPTO,1,0,0,1,2,1
TX0120042,U07025,M00099,2025-12-16T22:21:03.000+01:00,1543.4,214.08,620.96,Night,4402.73,CARD,1,1,0,0,2,1
TX0064568,U08121,M00183,2025-08-04T22:39:57.000+02:00,1542.6,282.11,446.82,Night,99853.78,PAYPAL,1,1,0,0,2,1
TX0059602,U11492,M00231,2024-04-19T01:13:34.000+02:00,1542.57,268.88,473.71,Night,683.37,BANK_TRANSFER,1,1,0,0,2,1
TX0020352,U09720,M00114,2024-11-16T17:11:34.000+01:00,1538.95,204.15,653.85,Afternoon,2641.37,CRYPTO,1,0,0,1,2,1
TX0055344,U02364,M00339,2025-11-16T22:07:53.000+01:00,1538.69,305.61,403.48,Night,6594.3,CARD,1,1,0,0,2,1
TX0063492,U08120,M00216,2025-02-23T05:53:41.000+01:00,1537.35,280.54,448.0,Night,14572.17,CARD,1,1,0,0,2,1
TX0117199,U08444,M00114,2025-03-18T22:56:22.000+01:00,1536.26,222.1,591.71,Night,6083.18,BANK_TRANSFER,1,1,0,0,2,1
TX0095429,U07132,M00593,2024-04-11T11:21:39.000+02:00,1535.68,307.06,400.12,Morning,1197.9,CRYPTO,1,0,0,1,2,1
TX0126104,U05384,M00244,2024-07-13T04:44:25.000+02:00,1535.18,268.8,471.13,Night,2590.7,PAYPAL,1,1,0,0,2,1
TX0045391,U11200,M00168,2024-06-30T05:37:54.000+02:00,1529.96,354.33,331.79,Night,2073.97,CRYPTO,1,1,0,1,3,1
TX0057101,U06364,M00433,2025-05-06T22:22:55.000+02:00,1528.79,262.2,483.07,Night,2138.65,CASH,1,1,0,0,2,1
TX0066523,U11269,M00497,2024-04-07T17:19:29.000+02:00,1525.96,372.64,309.5,Afternoon,2.22,PAYPAL,1,0,1,0,2,1
TX0058188,U01971,M00420,2024-10-09T13:27:44.000+02:00,1524.93,255.02,497.98,Afternoon,26988.48,CRYPTO,1,0,0,1,2,1
TX0012558,U10321,M00463,2024-11-15T13:49:49.000+01:00,1524.05,299.37,409.09,Afternoon,14203.72,CRYPTO,1,0,0,1,2,1
TX0023077,U11355,M00013,2025-01-24T00:09:49.000+01:00,1523.2,314.16,384.84,Night,148634.97,CRYPTO,1,1,0,1,3,1
TX0056976,U01010,M00247,2024-09-22T22:48:22.000+02:00,1521.3,524.05,190.29,Night,19149.62,CRYPTO,0,1,0,1,2,1
TX0132648,U06764,M00441,2024-04-15T03:38:12.000+02:00,1520.78,371.69,309.16,Night,14769.78,PAYPAL,1,1,0,0,2,1
TX0068025,U11923,M00593,2024-03-05T18:03:33.000+01:00,1519.91,306.57,395.77,Evening,,CRYPTO,1,0,0,1,2,1
TX0006852,U00804,M00351,2025-02-14T08:02:38.000+01:00,1519.66,270.66,461.46,Morning,206316.27,CRYPTO,1,0,0,1,2,1
TX0130296,U06525,M00140,2024-01-30T04:51:57.000+01:00,1516.0,312.06,385.8,Night,10890.17,CRYPTO,1,1,0,1,3,1
TX0031690,U04185,M00230,2024-11-02T02:12:14.000+01:00,1513.93,361.2,319.14,Night,197731.07,CRYPTO,1,1,0,1,3,1
TX0084589,U03168,M00336,2025-03-28T05:56:16.000+01:00,1513.89,845.92,78.96,Night,19589.78,CRYPTO,0,1,0,1,2,1
TX0104856,U00896,M00541,2025-07-12T12:36:31.000+02:00,1512.01,160.78,840.43,Afternoon,1175.95,CRYPTO,1,0,0,1,2,1
TX0035932,U04952,M00368,2025-08-11T13:47:16.000+02:00,1511.16,319.49,373.0,Afternoon,1821.27,CRYPTO,1,0,0,1,2,1
TX0039032,U03908,M00183,2024-11-18T03:27:29.000+01:00,1510.94,245.97,514.29,Night,10239.98,PAYPAL,1,1,0,0,2,1
TX0029722,U03764,M00446,2025-03-29T03:07:34.000+01:00,1510.9,356.84,323.41,Night,303.72,CASH,1,1,0,0,2,1
TX0032652,U07099,M00122,2024-10-19T21:17:26.000+02:00,1507.5,277.15,443.93,Evening,169270.9,CRYPTO,1,0,0,1,2,1
TX0103180,U09991,M00083,2024-10-22T02:16:49.000+02:00,1504.71,349.86,330.09,Night,16348.9,PAYPAL,1,1,0,0,2,1
TX0010002,U01055,M00436,2024-04-01T23:31:54.000+02:00,1504.57,348.46,331.77,Night,32194.75,CARD,1,1,0,0,2,1
TX0137446,U11230,M00249,2025-12-12T03:25:29.000+01:00,1504.54,926.5,62.39,Night,2088.0,CRYPTO,0,1,0,1,2,1
TX0032066,U02361,M00160,2025-03-02T00:15:51.000+01:00,1502.16,331.57,353.04,Night,374040.82,CARD,1,1,0,0,2,1
TX0014402,U03832,M00050,2025-10-30T01:39:20.000+01:00,1501.31,711.6,110.98,Night,23783.28,CRYPTO,0,1,0,1,2,1
TX0012471,U04813,M00597,2025-05-11T23:30:26.000+02:00,1500.84,308.18,387.0,Night,11760.15,BANK_TRANSFER,1,1,0,0,2,1
TX0109586,U01068,M00525,2024-05-29T12:30:39.000+02:00,1499.33,322.31,365.18,Afternoon,8569.68,CRYPTO,1,0,0,1,2,1
TX0006690,U07763,M00360,2024-04-11T03:58:52.000+02:00,1498.3,155.79,861.74,Night,4883.3,PAYPAL,1,1,0,0,2,1
TX0094671,U05043,M00072,2025-09-17T22:17:06.000+02:00,1498.14,234.88,537.82,Night,2897.22,BANK_TRANSFER,1,1,0,0,2,1
TX0132652,U04815,M00198,2024-03-12T03:24:02.000+01:00,1497.83,239.43,525.59,Night,,CASH,1,1,0,0,2,1
TX0054179,U07319,M00217,2024-11-04T22:56:38.000+01:00,1497.62,249.4,500.48,Night,3159.28,BANK_TRANSFER,1,1,0,0,2,1
TX0002585,U11109,M00083,2024-05-17T15:55:52.000+02:00,1497.16,345.22,333.68,Afternoon,11563.65,CRYPTO,1,0,0,1,2,1
TX0096864,U05425,M00216,2024-01-09T04:10:21.000+01:00,1496.99,311.58,380.45,Night,9189.88,CRYPTO,1,1,0,1,3,1
TX0112994,U05153,M00388,2024-07-08T02:39:57.000+02:00,1494.55,232.26,543.48,Night,3919.23,PAYPAL,1,1,0,0,2,1
TX0103535,U03347,M00054,2025-02-01T04:37:55.000+01:00,1494.39,245.85,507.84,Night,68725.6,CARD,1,1,0,0,2,1
TX0016702,U11854,M00277,2025-07-15T16:16:57.000+02:00,1493.23,318.68,368.57,Afternoon,1199.42,CRYPTO,1,0,0,1,2,1
TX0016933,U05408,M00561,2025-01-01T02:44:15.000+01:00,1492.67,348.7,328.07,Night,50820.82,CARD,1,1,0,0,2,1
TX0085134,U06430,M00220,2024-10-07T11:10:36.000+02:00,1491.4,649.43,129.65,Morning,3.9,CRYPTO,0,0,1,1,2,1
TX0084718,U06355,M00173,2025-05-21T22:04:47.000+02:00,1491.39,531.75,180.47,Night,85.87,CRYPTO,0,1,0,1,2,1
TX0031446,U07682,M00223,2024-03-24T23:52:50.000+01:00,1489.19,594.3,150.58,Night,6118.02,CRYPTO,0,1,0,1,2,1
TX0050061,U11460,M00224,2024-07-07T01:55:41.000+02:00,1488.48,172.86,761.11,Night,652.82,BANK_TRANSFER,1,1,0,0,2,1
TX0059927,U06857,M00160,2025-09-10T23:49:53.000+02:00,1486.38,314.91,372.0,Night,9550.93,CASH,1,1,0,0,2,1
TX0082367,U10395,M00279,2024-06-26T19:48:41.000+02:00,1486.01,311.42,377.18,Evening,30595.73,CRYPTO,1,0,0,1,2,1
TX0113584,U10310,M00244,2025-04-11T12:19:45.000+02:00,1485.5,206.27,620.18,Afternoon,1499.12,CRYPTO,1,0,0,1,2,1
TX0132834,U11669,M00539,2025-09-09T01:28:44.000+02:00,1479.2,776.29,90.55,Night,164151.0,CRYPTO,0,1,0,1,2,1
TX0073611,U05224,M00006,2025-06-10T22:06:41.000+02:00,1478.82,306.97,381.74,Night,11715.03,CASH,1,1,0,0,2,1
TX0031108,U08415,M00059,2024-12-20T10:10:35.000+01:00,1476.88,336.49,338.91,Morning,169294.92,CRYPTO,1,0,0,1,2,1
TX0071760,U10376,M00387,2024-11-22T22:22:58.000+01:00,1476.0,366.47,302.76,Night,23835.32,PAYPAL,1,1,0,0,2,1
TX0050601,U01510,M00484,2025-04-23T09:38:47.000+02:00,1474.93,318.89,362.51,Morning,2473.48,CRYPTO,1,0,0,1,2,1
TX0122786,U01701,M00121,2025-08-25T20:24:56.000+02:00,1473.81,754.68,95.29,Evening,2.33,CRYPTO,0,0,1,1,2,1
TX0022771,U01194,M00370,2025-12-19T16:50:36.000+01:00,1472.8,289.2,409.26,Afternoon,2533.43,CRYPTO,1,0,0,1,2,1
TX0076892,U00028,M00278,2024-01-25T23:16:20.000+01:00,1471.13,291.33,404.96,Night,111.58,CRYPTO,1,1,0,1,3,1
TX0099046,U10321,M00463,2024-06-29T07:01:40.000+02:00,1470.57,299.37,391.23,Morning,20147.0,CRYPTO,1,0,0,1,2,1
TX0062349,U09919,M00233,2024-11-26T19:30:41.000+01:00,1469.96,764.42,92.3,Evening,4.68,CRYPTO,0,0,1,1,2,1
TX0029574,U11168,M00434,2024-01-31T00:14:44.000+01:00,1466.86,919.21,59.58,Night,23508.33,CRYPTO,0,1,0,1,2,1
TX0108376,U05585,M00554,2025-09-30T22:13:21.000+02:00,1466.09,358.74,308.67,Night,1856.92,CARD,1,1,0,0,2,1
TX0097124,U05419,M00539,2024-03-17T15:06:57.000+01:00,1465.77,275.91,431.25,Afternoon,11921.22,CRYPTO,1,0,0,1,2,1
TX0053596,U05964,M00244,2024-07-29T09:36:10.000+02:00,1462.11,271.18,439.17,Morning,5609.3,CRYPTO,1,0,0,1,2,1
TX0031909,U05026,M00297,2024-07-05T00:35:39.000+02:00,1460.9,544.72,168.19,Night,1034.47,CRYPTO,0,1,0,1,2,1
TX0121121,U11704,M00382,2025-04-28T08:50:17.000+02:00,1459.31,332.26,339.2,Morning,25545.47,CRYPTO,1,0,0,1,2,1
TX0077589,U05927,M00307,2025-11-14T23:17:34.000+01:00,1455.28,523.55,177.96,Night,423453.97,CRYPTO,0,1,0,1,2,1
TX0046634,U05127,M00539,2024-07-06T03:03:24.000+02:00,1454.82,329.65,341.32,Night,139462.18,CRYPTO,1,1,0,1,3,1
TX0121557,U00144,M00407,2024-07-09T17:28:59.000+02:00,1452.29,274.01,430.02,Afternoon,,CRYPTO,1,0,0,1,2,1
TX0119172,U02017,M00539,2025-09-30T05:17:54.000+02:00,1450.97,708.68,104.74,Night,3554.9,CRYPTO,0,1,0,1,2,1
TX0049063,U11938,M00478,2024-02-22T11:15:19.000+01:00,1450.13,339.1,327.64,Morning,881.28,CRYPTO,1,0,0,1,2,1
TX0135094,U10976,M00556,2025-04-20T02:17:57.000+02:00,1449.79,290.75,398.65,Night,3865.37,CARD,1,1,0,0,2,1
TX0045885,U05148,M00146,2025-11-19T06:30:42.000+01:00,1445.66,245.16,489.68,Morning,8383.32,CRYPTO,1,0,0,1,2,1
TX0074352,U11610,M00433,2025-03-02T22:22:37.000+01:00,1444.7,316.31,356.74,Night,2124.08,CARD,1,1,0,0,2,1
TX0074701,U01851,M00586,2025-10-19T00:08:23.000+02:00,1442.42,206.68,597.9,Night,10377.47,PAYPAL,1,1,0,0,2,1
TX0079599,U02079,M00393,2024-06-30T00:35:49.000+02:00,1441.52,348.0,314.24,Night,11798.17,BANK_TRANSFER,1,1,0,0,2,1
TX0096955,U02817,M00198,2024-09-27T23:28:32.000+02:00,1439.31,279.27,415.38,Night,1240.27,PAYPAL,1,1,0,0,2,1
TX0003172,U10652,M00484,2025-05-13T20:26:29.000+02:00,1438.21,325.92,341.28,Evening,2820.52,CRYPTO,1,0,0,1,2,1
TX0096559,U03577,M00575,2024-06-18T04:41:34.000+02:00,1438.08,1559.69,-7.8,Night,7611.33,CRYPTO,0,1,0,1,2,1
TX0014355,U07544,M00561,2025-03-06T01:06:49.000+01:00,1436.59,232.21,518.66,Night,56718.48,CARD,1,1,0,0,2,1
TX0036930,U00949,M00531,2025-10-10T04:38:58.000+02:00,1435.96,690.62,107.92,Night,2091.28,CRYPTO,0,1,0,1,2,1
TX0043554,U00465,M00566,2024-10-16T23:41:31.000+02:00,1434.55,957.3,49.85,Night,8797.65,CRYPTO,0,1,0,1,2,1
TX0112263,U07489,M00458,2024-02-19T04:06:45.000+01:00,1433.98,273.8,423.74,Night,3354.08,CARD,1,1,0,0,2,1
TX0133887,U01662,M00270,2024-09-22T22:51:06.000+02:00,1433.87,370.56,286.94,Night,444.72,CRYPTO,0,1,0,1,2,1
TX0112876,U03162,M00547,2025-03-25T23:51:10.000+01:00,1433.39,288.75,396.4,Night,596.72,CRYPTO,1,1,0,1,3,1
TX0027786,U09154,M00444,2025-06-26T02:32:04.000+02:00,1432.49,459.88,211.49,Night,7709.0,CRYPTO,0,1,0,1,2,1
TX0063024,U09035,M00389,2025-05-10T22:35:20.000+02:00,1432.22,207.78,589.29,Night,2004.02,PAYPAL,1,1,0,0,2,1
TX0125238,U01169,M00197,2024-07-10T22:27:49.000+02:00,1430.09,549.06,160.46,Night,4905.42,CRYPTO,0,1,0,1,2,1
TX0040702,U05119,M00484,2024-02-04T23:06:34.000+01:00,1430.02,325.41,339.45,Night,20787.7,CASH,1,1,0,0,2,1
TX0118272,U09088,M00374,2024-01-30T02:34:02.000+01:00,1427.99,1091.67,30.81,Night,,CRYPTO,0,1,0,1,2,1
TX0045297,U00354,M00158,2025-07-19T21:04:31.000+02:00,1425.47,239.1,496.19,Evening,20241.3,CRYPTO,1,0,0,1,2,1
TX0000272,U02907,M00165,2024-09-21T18:55:57.000+02:00,1422.89,325.59,337.01,Evening,4975.48,CRYPTO,1,0,0,1,2,1
TX0007730,U03297,M00336,2024-11-18T22:56:49.000+01:00,1422.87,433.9,227.92,Night,11284.65,CRYPTO,0,1,0,1,2,1
TX0111760,U00943,M00458,2025-05-07T21:10:41.000+02:00,1422.66,301.86,371.3,Evening,241.82,CRYPTO,1,0,0,1,2,1
TX0100968,U01293,M00149,2025-08-02T22:09:51.000+02:00,1422.01,909.25,56.39,Night,153.85,CRYPTO,0,1,0,1,2,1
TX0096255,U10375,M00264,2024-06-10T14:37:25.000+02:00,1420.62,259.57,447.3,Afternoon,4.38,CARD,1,0,1,0,2,1
TX0019666,U02817,M00244,2024-08-05T01:26:26.000+02:00,1420.13,279.27,408.51,Night,14682.68,CARD,1,1,0,0,2,1
TX0047235,U05438,M00317,2024-04-12T17:18:39.000+02:00,1419.88,794.71,78.67,Afternoon,1.05,CRYPTO,0,0,1,1,2,1
TX0076988,U10782,M00407,2024-03-29T05:18:39.000+01:00,1419.65,301.41,371.01,Night,4018.02,,1,1,0,0,2,1
TX0009270,U06826,M00231,2025-10-07T23:55:32.000+02:00,1417.87,268.28,428.5,Night,4546.83,CRYPTO,1,1,0,1,3,1
TX0013894,U10258,M00432,2025-03-29T22:22:07.000+01:00,1416.09,283.26,399.93,Night,13879.33,CARD,1,1,0,0,2,1
TX0066595,U07009,M00266,2025-07-31T04:53:36.000+02:00,1416.02,546.78,158.97,Night,9916.48,CRYPTO,0,1,0,1,2,1
TX0067874,U04904,M00317,2025-02-20T02:26:12.000+01:00,1415.59,830.17,70.52,Night,12758.1,CRYPTO,0,1,0,1,2,1
TX0013551,U05408,M00412,2025-11-19T01:03:52.000+01:00,1415.38,348.7,305.91,Night,9116.38,CRYPTO,1,1,0,1,3,1
TX0053145,U01676,M00510,2025-04-04T22:39:13.000+02:00,1414.08,306.02,362.09,Night,3495.9,CARD,1,1,0,0,2,1
TX0057273,U05021,M00160,2025-06-14T23:15:28.000+02:00,1409.54,350.36,302.32,Night,2283.18,BANK_TRANSFER,1,1,0,0,2,1
TX0058987,U10656,M00064,2025-08-09T14:05:21.000+02:00,1409.08,316.71,344.91,Afternoon,1108.2,CRYPTO,1,0,0,1,2,1
TX0005299,U02782,M00438,2024-01-30T02:29:26.000+01:00,1407.78,330.79,325.59,Night,21082.72,BANK_TRANSFER,1,1,0,0,2,1
TX0081689,U05985,M00083,2025-07-30T08:16:07.000+02:00,1407.68,350.3,301.85,Morning,6789.05,CRYPTO,1,0,0,1,2,1
TX0064861,U05305,M00244,2025-06-03T05:49:37.000+02:00,1407.05,208.41,575.14,Night,2608.87,CARD,1,1,0,0,2,1
TX0133765,U05274,M00539,2025-12-19T16:18:08.000+01:00,1405.66,222.1,532.89,Afternoon,1759.33,CRYPTO,1,0,0,1,2,1
TX0075104,U04667,M00473,2025-02-20T22:51:29.000+01:00,1405.55,552.1,154.58,Night,4988.3,CRYPTO,0,1,0,1,2,1
TX0135138,U06660,M00262,2024-01-15T01:32:10.000+01:00,1405.38,341.34,311.73,Night,14966.53,CARD,1,1,0,0,2,1
TX0100624,U07559,M00415,2025-04-08T22:20:10.000+02:00,1405.37,298.05,371.53,Night,9019.8,CRYPTO,1,1,0,1,3,1
TX0084954,U00085,M00160,2025-06-08T23:24:57.000+02:00,1404.03,298.76,369.95,Night,208.27,BANK_TRANSFER,1,1,0,0,2,1
TX0011507,U10236,M00270,2024-07-16T23:58:49.000+02:00,1403.51,416.16,237.26,Night,225.1,CRYPTO,0,1,0,1,2,1
TX0120771,U01807,M00260,2025-07-17T00:08:41.000+02:00,1402.9,292.32,379.92,Night,6662.12,CRYPTO,1,1,0,1,3,1
TX0114157,U02207,M00099,2025-03-28T03:27:19.000+01:00,1402.27,139.72,903.61,Night,35669.58,PAYPAL,1,1,0,0,2,1
TX0093822,U90108,M00081,2024-09-09T01:45:04.000+02:00,1401.89,1401.89,0.0,Night,,CRYPTO,0,1,0,1,2,1
TX0094498,U02014,M00297,2025-01-22T04:09:19.000+01:00,1400.76,442.93,216.25,Night,,CRYPTO,0,1,0,1,2,1
TX0110760,U07226,M00033,2025-11-23T02:57:41.000+01:00,1399.8,223.71,525.71,Night,4834.48,CRYPTO,1,1,0,1,3,1
TX0048968,U10693,M00557,2025-12-29T22:38:54.000+01:00,1399.19,197.89,607.05,Night,1622.57,PAYPAL,1,1,0,0,2,1
TX0061536,U08585,M91818,2024-05-03T05:51:44.000+02:00,1397.12,310.82,349.49,Night,21186.15,BANK_TRANSFER,1,1,0,0,2,1
TX0010210,U09158,M00176,2025-02-09T22:42:18.000+01:00,1396.31,207.41,573.2,Night,599.3,CRYPTO,1,1,0,1,3,1
TX0103496,U05645,M00596,2025-03-11T02:27:12.000+01:00,1393.89,288.32,383.46,Night,19759.55,CARD,1,1,0,0,2,1
TX0085003,U02313,M00575,2025-03-24T18:34:44.000+01:00,1392.93,1209.33,15.18,Evening,3.32,CRYPTO,0,0,1,1,2,1
TX0052866,U04503,M00575,2024-01-05T05:53:44.000+01:00,1391.5,268.01,419.2,Night,,PAYPAL,1,1,0,0,2,1
TX0120632,U01651,M00525,2025-02-09T22:51:15.000+01:00,1391.09,509.64,172.96,Night,11020.0,CRYPTO,0,1,0,1,2,1
TX0021903,U05527,M00420,2025-01-27T23:41:28.000+01:00,1390.69,206.86,572.29,Night,18248.38,CARD,1,1,0,0,2,1
TX0002300,U03034,M00204,2025-09-09T22:56:42.000+02:00,1387.9,645.62,114.97,Night,596.6,CRYPTO,0,1,0,1,2,1
TX0012985,U11933,M00339,2025-04-03T00:27:28.000+02:00,1384.76,283.66,388.17,Night,,PAYPAL,1,1,0,0,2,1
TX0060511,U02973,M00575,2025-06-25T22:49:03.000+02:00,1381.78,340.21,306.16,Night,10376.47,CARD,1,1,0,0,2,1
TX0104900,U09101,M00446,2024-06-25T19:48:54.000+02:00,1381.59,230.09,500.47,Evening,19014.78,CRYPTO,1,0,0,1,2,1
TX0115298,U06836,M00223,2024-03-13T00:14:57.000+01:00,1380.68,197.59,598.78,Night,12536.93,CARD,1,1,0,0,2,1
TX0091352,U02385,M00160,2024-09-28T22:12:44.000+02:00,1378.86,240.25,473.93,Night,10591.27,CASH,1,1,0,0,2,1
TX0125067,U05104,M00204,2024-01-12T04:06:14.000+01:00,1378.3,263.5,423.08,Night,898.98,CARD,1,1,0,0,2,1
TX0003697,U08627,M00389,2025-04-15T10:36:34.000+02:00,1378.23,185.24,644.04,Morning,7254.23,CRYPTO,1,0,0,1,2,1
TX0097953,U11683,M00122,2025-05-10T22:23:23.000+02:00,1376.51,273.28,403.69,Night,23277.62,CARD,1,1,0,0,2,1
TX0046772,U03039,M00158,2025-04-11T01:57:48.000+02:00,1375.03,524.38,162.22,Night,102007.85,CRYPTO,0,1,0,1,2,1
TX0087458,U02232,M00448,2024-08-10T00:36:43.000+02:00,1374.78,551.97,149.07,Night,458.82,CRYPTO,0,1,0,1,2,1
TX0001132,U01651,M00525,2025-09-12T23:10:35.000+02:00,1374.62,509.64,169.72,Night,4684.88,CRYPTO,0,1,0,1,2,1
TX0124628,U09790,M00507,2025-05-19T00:35:41.000+02:00,1373.74,305.11,350.24,Night,386764.07,PAYPAL,1,1,0,0,2,1
TX0031813,U07892,M00416,2024-05-01T02:18:17.000+02:00,1373.57,242.92,465.45,Night,2017.45,CRYPTO,1,1,0,1,3,1
TX0018759,U08576,M00556,2024-12-06T00:26:16.000+01:00,1373.15,327.67,319.07,Night,,BANK_TRANSFER,1,1,0,0,2,1
TX0044692,U03761,M00231,2025-05-20T01:25:44.000+02:00,1369.45,221.76,517.54,Night,848.0,CRYPTO,1,1,0,1,3,1
TX0041296,U10260,M00416,2025-04-06T22:48:29.000+02:00,1368.74,325.14,320.96,Night,252.58,CRYPTO,1,1,0,1,3,1
TX0097062,U08725,M00393,2024-09-10T04:21:03.000+02:00,1367.35,542.73,151.94,Night,201.4,CRYPTO,0,1,0,1,2,1
TX0019236,U09551,M00471,2024-07-17T05:06:56.000+02:00,1367.14,234.5,483.0,Night,11049.92,CASH,1,1,0,0,2,1
TX0085202,U01789,M00471,2025-08-02T23:40:02.000+02:00,1366.71,860.03,58.91,Night,91328.15,CRYPTO,0,1,0,1,2,1
TX0075868,U04188,M00255,2025-05-26T01:54:28.000+02:00,1366.26,234.25,483.24,Night,19085.15,CARD,1,1,0,0,2,1
TX0038160,U09523,M00539,2024-11-01T22:29:30.000+01:00,1365.17,302.83,350.8,Night,169.58,PAYPAL,1,1,0,0,2,1
TX0031173,U11649,M00572,2025-04-07T09:30:48.000+02:00,1365.06,259.99,425.03,Morning,843.37,CRYPTO,1,0,0,1,2,1
TX0090217,U04171,M00559,2025-06-06T00:11:46.000+02:00,1362.71,319.63,326.34,Night,2137.95,BANK_TRANSFER,1,1,0,0,2,1
TX0028448,U06951,M00478,2025-03-06T20:59:41.000+01:00,1360.93,294.13,362.7,Evening,10382.48,CRYPTO,1,0,0,1,2,1
TX0071407,U07183,M00038,2024-01-28T01:42:33.000+01:00,1359.55,775.47,75.32,Night,15219.75,CRYPTO,0,1,0,1,2,1
TX0124978,U08933,M00389,2024-06-06T05:40:51.000+02:00,1359.03,311.47,336.33,Night,16558.87,CASH,1,1,0,0,2,1
TX0129215,U04101,M00098,2025-03-05T22:25:55.000+01:00,1356.06,232.54,483.16,Night,255.58,CRYPTO,1,1,0,1,3,1
TX0105293,U03260,M00193,2025-04-03T00:30:16.000+02:00,1354.22,258.9,423.07,Night,138737.03,CRYPTO,1,1,0,1,3,1
TX0065809,U04028,M00384,2025-06-09T03:16:45.000+02:00,1352.26,350.52,285.79,Night,688.37,CRYPTO,0,1,0,1,2,1
TX0073174,U01995,M00387,2025-09-05T23:37:31.000+02:00,1351.53,224.2,502.82,Night,5785.82,PAYPAL,1,1,0,0,2,1
TX0073542,U11401,M00563,2025-05-21T04:08:53.000+02:00,1351.31,485.42,178.38,Night,4012.5,CRYPTO,0,1,0,1,2,1
TX0108531,U05274,M00507,2025-11-07T18:55:52.000+01:00,1350.49,222.1,508.05,Evening,7662.23,CRYPTO,1,0,0,1,2,1
TX0105801,U08874,M00559,2024-05-25T01:02:03.000+02:00,1347.72,449.9,199.56,Night,15302.28,CRYPTO,0,1,0,1,2,1
TX0033991,U01518,M00237,2024-06-17T23:14:01.000+02:00,1347.35,656.8,105.14,Night,695.6,CRYPTO,0,1,0,1,2,1
TX0061661,U01303,M00033,2024-09-23T23:55:35.000+02:00,1347.24,309.8,334.87,Night,10977.6,PAYPAL,1,1,0,0,2,1
TX0015043,U04210,M00149,2025-04-07T23:12:15.000+02:00,1346.65,603.22,123.24,Night,4443.18,CRYPTO,0,1,0,1,2,1
TX0033263,U03341,M00471,2024-03-23T04:39:30.000+01:00,1346.13,309.44,335.03,Night,6864.98,PAYPAL,1,1,0,0,2,1
TX0006483,U07048,M00191,2024-12-19T11:46:04.000+01:00,1344.45,300.25,347.78,Morning,5991.13,CRYPTO,1,0,0,1,2,1
TX0130299,U08271,M00388,2024-11-10T22:15:12.000+01:00,1343.08,296.51,352.96,Night,6392.73,BANK_TRANSFER,1,1,0,0,2,1
TX0024628,U08665,M00415,2024-12-01T16:30:38.000+01:00,1341.08,234.1,472.87,Afternoon,96994.17,CRYPTO,1,0,0,1,2,1
TX0076071,U09182,M00539,2025-03-23T22:46:43.000+01:00,1340.63,267.94,400.34,Night,28153.33,BANK_TRANSFER,1,1,0,0,2,1
TX0113579,U00885,M00525,2025-11-15T18:54:36.000+01:00,1339.47,225.7,493.46,Evening,111489.5,CRYPTO,1,0,0,1,2,1
TX0009987,U11640,M00223,2025-04-13T23:02:39.000+02:00,1336.89,325.85,310.28,Night,276837.0,BANK_TRANSFER,1,1,0,0,2,1
TX0010697,U01965,M00389,2024-09-19T02:45:56.000+02:00,1335.55,513.99,159.84,Night,2510.82,CRYPTO,0,1,0,1,2,1
TX0034988,U09015,M00160,2025-01-26T22:36:44.000+01:00,1332.44,676.16,97.06,Night,4896.95,CRYPTO,0,1,0,1,2,1
TX0061217,U07779,M00231,2024-09-12T05:04:24.000+02:00,1331.99,174.36,663.95,Night,1947.52,BANK_TRANSFER,1,1,0,0,2,1
TX0063483,U02925,M00544,2024-02-01T00:02:27.000+01:00,1331.58,276.45,381.66,Night,3682.27,PAYPAL,1,1,0,0,2,1
TX0046678,U08019,M00545,2024-12-02T23:05:45.000+01:00,1329.66,375.87,253.75,Night,203775.22,CRYPTO,0,1,0,1,2,1
TX0124442,U01897,M00389,2025-09-03T03:47:27.000+02:00,1329.33,310.97,327.48,Night,50755.68,CRYPTO,1,1,0,1,3,1
TX0032622,U11184,M00160,2025-03-07T05:21:36.000+01:00,1325.71,255.51,418.85,Night,365478.85,CARD,1,1,0,0,2,1
TX0029213,U07409,M00192,2025-10-12T03:43:19.000+02:00,1324.12,484.36,173.38,Night,413.97,CRYPTO,0,1,0,1,2,1
TX0073519,U08012,M00368,2024-12-13T05:19:57.000+01:00,1323.86,228.78,478.66,Night,2105.47,CARD,1,1,0,0,2,1
TX0125496,U11456,M00539,2024-09-14T22:05:23.000+02:00,1323.59,205.09,545.36,Night,14989.88,PAYPAL,1,1,0,0,2,1
TX0037881,U01669,M00392,2024-02-21T12:39:04.000+01:00,1322.98,327.29,304.22,Afternoon,3801.25,CRYPTO,1,0,0,1,2,1
TX0010254,U06751,M00502,2025-09-20T14:32:24.000+02:00,1322.15,285.91,362.44,Afternoon,289.95,CRYPTO,1,0,0,1,2,1
TX0005322,U03676,M00010,2024-09-16T02:09:13.000+02:00,1321.95,224.03,490.08,Night,5150.27,CRYPTO,1,1,0,1,3,1
TX0021852,U11593,M00262,2024-11-30T23:50:50.000+01:00,1321.49,1044.83,26.48,Night,13818.73,CRYPTO,0,1,0,1,2,1
TX0005784,U01933,M00292,2025-01-04T07:28:36.000+01:00,1321.4,239.06,452.74,Morning,111716.12,CRYPTO,1,0,0,1,2,1
TX0005225,U03446,M00525,2024-09-20T13:10:09.000+02:00,1321.07,292.94,350.98,Afternoon,1271.75,CRYPTO,1,0,0,1,2,1
TX0032972,U04229,M00561,2025-04-20T11:44:33.000+02:00,1316.72,323.74,306.72,Morning,928.75,CRYPTO,1,0,0,1,2,1
TX0046482,U04044,M00415,2025-08-20T03:04:54.000+02:00,1315.51,273.77,380.51,Night,6561.92,CASH,1,1,0,0,2,1
TX0110950,U03119,M00502,2024-04-18T04:57:14.000+02:00,1315.01,415.05,216.83,Night,9384.35,CRYPTO,0,1,0,1,2,1
TX0020445,U02455,M00472,2024-05-03T04:48:22.000+02:00,1314.8,193.53,579.38,Night,94039.88,CARD,1,1,0,0,2,1
TX0080585,U09045,M00013,2024-02-04T04:29:18.000+01:00,1313.78,194.47,575.58,Night,,CRYPTO,1,1,0,1,3,1
TX0052807,U02273,M00419,2024-11-15T01:47:34.000+01:00,1313.18,225.49,482.38,Night,4532.4,CARD,1,1,0,0,2,1
TX0068368,U01747,M00301,2024-06-24T00:30:27.000+02:00,1311.84,284.09,361.77,Night,6788.28,CRYPTO,1,1,0,1,3,1
TX0051012,U10846,M00262,2025-02-14T23:36:05.000+01:00,1311.06,166.61,686.89,Night,4586.87,CARD,1,1,0,0,2,1
TX0026721,U02460,M00351,2025-06-28T14:46:37.000+02:00,1310.67,261.22,401.74,Afternoon,435.88,CRYPTO,1,0,0,1,2,1
TX0132768,U11341,M00444,2024-06-14T23:25:01.000+02:00,1308.3,116.15,1026.36,Night,713.33,CRYPTO,1,1,0,1,3,1
TX0090937,U08103,M00557,2025-02-25T22:51:26.000+01:00,1305.88,238.8,446.86,Night,21094.53,PAYPAL,1,1,0,0,2,1
TX0027813,U09694,M00140,2025-08-22T23:16:54.000+02:00,1305.44,112.26,1062.88,Night,627.62,CRYPTO,1,1,0,1,3,1
TX0128634,U05126,M00121,2024-07-26T05:18:34.000+02:00,1305.1,522.17,149.94,Night,9552.68,CRYPTO,0,1,0,1,2,1
TX0106024,U03840,M00292,2025-06-29T09:59:22.000+02:00,1303.89,187.4,595.77,Morning,3881.55,CRYPTO,1,0,0,1,2,1
TX0073995,U09068,M00292,2025-09-16T03:32:33.000+02:00,1299.78,291.87,345.34,Night,,PAYPAL,1,1,0,0,2,1
TX0130033,U04158,M00502,2025-04-02T03:37:42.000+02:00,1299.28,274.87,372.69,Night,14164.05,CASH,1,1,0,0,2,1
TX0007203,U00999,M00196,2024-07-07T16:37:54.000+02:00,1296.57,156.97,726.01,Afternoon,4212.55,CRYPTO,1,0,0,1,2,1
TX0083070,U05728,M00560,2025-02-03T03:59:31.000+01:00,1296.33,235.33,450.86,Night,184045.2,CRYPTO,1,1,0,1,3,1
TX0123268,U08933,M00295,2024-05-22T13:06:54.000+02:00,1295.09,311.47,315.8,Afternoon,13928.23,CRYPTO,1,0,0,1,2,1
TX0095020,U08184,M00322,2024-12-01T03:04:02.000+01:00,1294.45,508.04,154.79,Night,45468.37,CRYPTO,0,1,0,1,2,1
TX0035907,U04781,M00195,2024-03-07T04:15:05.000+01:00,1292.28,286.3,351.37,Night,13508.2,CARD,1,1,0,0,2,1
TX0132362,U02284,M00204,2024-03-15T22:05:17.000+01:00,1289.13,497.42,159.16,Night,5140.02,CRYPTO,0,1,0,1,2,1
TX0079403,U11787,M00282,2025-02-14T04:12:29.000+01:00,1288.27,788.4,63.4,Night,8302.87,CRYPTO,0,1,0,1,2,1
TX0009875,U00354,M00539,2025-04-01T22:52:28.000+02:00,1287.21,239.1,438.36,Night,88159.7,CRYPTO,1,1,0,1,3,1
TX0088760,U08456,M00279,2024-06-27T00:04:56.000+02:00,1286.3,599.52,114.56,Night,409.25,CRYPTO,0,1,0,1,2,1
TX0099486,U09265,M00181,2024-11-28T17:58:29.000+01:00,1284.86,124.69,930.44,Afternoon,5387.08,CRYPTO,1,0,0,1,2,1
TX0053782,U09304,M00527,2025-06-13T02:47:28.000+02:00,1283.89,548.51,134.07,Night,5145.77,CRYPTO,0,1,0,1,2,1
TX0059760,U11024,M00109,2024-08-04T00:47:22.000+02:00,1282.95,443.49,189.29,Night,1130.08,CRYPTO,0,1,0,1,2,1
TX0031951,U03602,M00558,2025-12-13T00:09:14.000+01:00,1281.86,506.42,153.12,Night,4970.2,CRYPTO,0,1,0,1,2,1
TX0027431,U09331,M00058,2024-11-26T01:07:29.000+01:00,1281.06,260.83,391.14,Night,2303.93,CRYPTO,1,1,0,1,3,1
TX0079274,U11582,M00428,2025-04-19T01:05:41.000+02:00,1278.91,295.34,333.04,Night,4183.92,CARD,1,1,0,0,2,1
TX0114825,U01698,M00584,2025-01-02T10:39:59.000+01:00,1278.13,301.87,323.41,Morning,,CRYPTO,1,0,0,1,2,1
TX0092459,U07293,M00584,2025-06-10T00:09:39.000+02:00,1275.82,308.56,313.48,Night,1635.05,CASH,1,1,0,0,2,1
TX0040779,U11540,M00506,2024-05-21T00:05:53.000+02:00,1274.02,143.53,787.65,Night,4785.75,CRYPTO,1,1,0,1,3,1
TX0114822,U08270,M00459,2024-05-06T02:34:06.000+02:00,1273.67,618.68,105.87,Night,424.75,CRYPTO,0,1,0,1,2,1
TX0024306,U10968,M00463,2025-08-29T23:51:17.000+02:00,1272.98,682.74,86.45,Night,549.43,CRYPTO,0,1,0,1,2,1
TX0065658,U05495,M00204,2025-11-12T23:17:37.000+01:00,1272.34,241.62,426.59,Night,235718.27,PAYPAL,1,1,0,0,2,1
TX0037388,U08254,M00471,2024-10-13T04:05:01.000+02:00,1271.99,308.87,311.83,Night,822.5,BANK_TRANSFER,1,1,0,0,2,1
TX0076201,U04951,M00250,2024-06-29T04:52:42.000+02:00,1269.35,905.46,40.19,Night,2192.37,CRYPTO,0,1,0,1,2,1
TX0103553,U02859,M00464,2024-04-11T12:37:27.000+02:00,1268.23,183.78,590.09,Afternoon,8850.8,CRYPTO,1,0,0,1,2,1
TX0054546,U04056,M00549,2024-07-19T22:47:35.000+02:00,1266.19,411.36,207.81,Night,1633.87,CRYPTO,0,1,0,1,2,1
TX0055002,U05015,M00389,2024-09-06T22:29:26.000+02:00,1263.96,210.79,499.63,Night,,BANK_TRANSFER,1,1,0,0,2,1
TX0078821,U00661,M00531,2024-08-20T23:24:27.000+02:00,1260.86,195.55,544.77,Night,19083.55,BANK_TRANSFER,1,1,0,0,2,1
TX0073548,U07230,M00236,2025-12-18T22:53:34.000+01:00,1260.23,124.47,912.46,Night,2484.03,BANK_TRANSFER,1,1,0,0,2,1
TX0094286,U07435,M00017,2025-02-22T01:40:55.000+01:00,1259.8,241.82,420.98,Night,1886.4,CRYPTO,1,1,0,1,3,1
TX0081630,U01015,M00258,2024-01-01T11:26:27.000+01:00,1259.31,190.17,562.21,Morning,,CRYPTO,1,0,0,1,2,1
TX0122453,U05749,M00502,2025-07-04T15:03:19.000+02:00,1259.23,219.68,473.21,Afternoon,7668.52,CRYPTO,1,0,0,1,2,1
TX0111474,U00684,M00006,2025-05-02T01:26:05.000+02:00,1256.19,260.59,382.05,Night,47086.08,CASH,1,1,0,0,2,1
TX0119713,U08859,M00502,2024-12-14T22:08:50.000+01:00,1254.04,221.22,466.87,Night,2949.85,CARD,1,1,0,0,2,1
TX0076041,U11522,M00389,2024-09-27T22:57:27.000+02:00,1251.79,185.63,574.34,Night,656.27,PAYPAL,1,1,0,0,2,1
TX0056988,U03682,M00295,2025-06-04T03:31:18.000+02:00,1249.56,332.61,275.68,Night,10941.45,CRYPTO,0,1,0,1,2,1
TX0118873,U10830,M00298,2025-07-22T02:52:30.000+02:00,1247.64,607.2,105.48,Night,14156.4,CRYPTO,0,1,0,1,2,1
TX0071987,U11335,M00057,2025-10-22T22:09:52.000+02:00,1247.32,221.39,463.41,Night,1420.2,CRYPTO,1,1,0,1,3,1
TX0126655,U05645,M00177,2025-02-25T01:03:16.000+01:00,1247.11,288.32,332.55,Night,7984.47,CRYPTO,1,1,0,1,3,1
TX0063184,U09589,M00318,2024-03-09T02:03:59.000+01:00,1241.67,499.07,148.8,Night,4722.35,CRYPTO,0,1,0,1,2,1
TX0088894,U03744,M00184,2025-04-25T22:33:48.000+02:00,1238.45,261.27,374.01,Night,25305.4,CRYPTO,1,1,0,1,3,1
TX0126491,U11094,M00165,2025-07-08T14:25:32.000+02:00,1235.46,205.03,502.57,Afternoon,3693.45,CRYPTO,1,0,0,1,2,1
TX0001314,U02332,M00091,2024-07-06T02:28:37.000+02:00,1234.01,388.29,217.81,Night,92785.52,CRYPTO,0,1,0,1,2,1
TX0075859,U06588,M00196,2024-02-08T22:04:10.000+01:00,1233.31,251.89,389.62,Night,239.77,PAYPAL,1,1,0,0,2,1
TX0099946,U01847,M00026,2025-03-26T04:20:26.000+01:00,1233.15,240.43,412.89,Night,13624.38,CRYPTO,1,1,0,1,3,1
TX0080208,U01052,M00474,2024-05-02T00:02:43.000+02:00,1231.6,242.91,407.02,Night,,CRYPTO,1,1,0,1,3,1
TX0062218,U05645,M00458,2025-01-26T22:23:37.000+01:00,1229.77,288.32,326.54,Night,230.62,CARD,1,1,0,0,2,1
TX0065699,U00325,M00448,2024-09-23T01:05:41.000+02:00,1229.68,294.18,318.0,Night,13587.23,CARD,1,1,0,0,2,1
TX0079567,U02231,M00539,2024-06-25T22:13:08.000+02:00,1229.31,208.94,488.36,Night,17.85,CARD,1,1,0,0,2,1
TX0019303,U09630,M00066,2024-05-07T02:16:27.000+02:00,1228.02,409.67,199.76,Night,,CRYPTO,0,1,0,1,2,1
TX0092950,U08462,M00208,2025-05-30T01:28:26.000+02:00,1225.62,251.85,386.65,Night,,CRYPTO,1,1,0,1,3,1
TX0040937,U07362,M00345,2025-01-12T22:06:25.000+01:00,1221.94,681.73,79.24,Night,313895.1,CRYPTO,0,1,0,1,2,1
TX0052959,U01724,M00480,2024-07-25T03:05:32.000+02:00,1218.39,372.5,227.08,Night,6244.65,CRYPTO,0,1,0,1,2,1
TX0085167,U09455,M00297,2025-03-27T05:18:43.000+01:00,1218.15,204.06,496.96,Night,3476.18,CARD,1,1,0,0,2,1
TX0070328,U07830,M00480,2025-02-21T00:54:26.000+01:00,1217.95,474.64,156.6,Night,25149.22,CRYPTO,0,1,0,1,2,1
TX0009691,U07530,M00279,2024-09-17T09:07:20.000+02:00,1217.73,277.3,339.14,Morning,3954.5,CRYPTO,1,0,0,1,2,1
TX0065047,U06497,M00566,2025-02-05T02:49:22.000+01:00,1217.22,166.24,632.2,Night,116239.15,CRYPTO,1,1,0,1,3,1
TX0054697,U01527,M00258,2025-02-26T23:35:31.000+01:00,1216.36,222.88,445.74,Night,517.6,CARD,1,1,0,0,2,1
TX0008796,U05441,M00160,2025-08-12T23:04:04.000+02:00,1215.28,288.66,321.0,Night,8000.45,BANK_TRANSFER,1,1,0,0,2,1
TX0111789,U03250,M00432,2025-03-19T16:07:19.000+01:00,1214.98,282.67,329.82,Afternoon,6111.9,CRYPTO,1,0,0,1,2,1
TX0011649,U03703,M00311,2025-12-12T01:11:52.000+01:00,1214.18,289.26,319.76,Night,7565.4,CRYPTO,1,1,0,1,3,1
TX0005542,U05043,M00456,2025-06-07T22:11:18.000+02:00,1209.96,234.88,415.13,Night,3364.58,PAYPAL,1,1,0,0,2,1
TX0007580,U01896,M00448,2025-06-11T01:01:06.000+02:00,1207.22,197.11,512.47,Night,341.62,CARD,1,1,0,0,2,1
TX0117407,U05645,M00545,2025-04-01T20:53:49.000+02:00,1203.47,288.32,317.41,Evening,6332.0,CRYPTO,1,0,0,1,2,1
TX0116951,U06273,M00182,2025-11-30T23:37:38.000+01:00,1202.86,235.33,411.14,Night,4.28,PAYPAL,1,1,1,0,3,1
TX0114062,U04741,M00444,2025-07-10T22:50:00.000+02:00,1202.35,281.15,327.65,Night,866.95,BANK_TRANSFER,1,1,0,0,2,1
TX0096621,U11068,M00157,2025-04-05T04:06:00.000+02:00,1196.54,301.94,296.29,Night,,CRYPTO,0,1,0,1,2,1
TX0091676,U10589,M00217,2025-08-26T04:31:27.000+02:00,1195.73,719.98,66.08,Night,13616.63,CRYPTO,0,1,0,1,2,1
TX0135328,U07435,M00083,2024-02-24T00:29:53.000+01:00,1194.45,241.82,393.95,Night,3727.78,CASH,1,1,0,0,2,1
TX0137129,U01383,M00572,2024-10-18T16:54:22.000+02:00,1192.8,448.2,166.13,Afternoon,3.72,CRYPTO,0,0,1,1,2,1
TX0029658,U05645,M00102,2025-09-09T09:10:24.000+02:00,1192.48,288.32,313.6,Morning,0.95,CARD,1,0,1,0,2,1
TX0083513,U00610,M00158,2024-11-09T21:05:47.000+01:00,1179.6,270.61,335.9,Evening,3246.98,CRYPTO,1,0,0,1,2,1
TX0136793,U04045,M00429,2024-09-08T00:04:36.000+02:00,1175.49,141.32,731.77,Night,18947.6,CASH,1,1,0,0,2,1
TX0049029,U00774,M00331,2024-11-26T00:48:57.000+01:00,1173.95,258.29,354.51,Night,23957.42,CRYPTO,1,1,0,1,3,1
TX0049220,U05908,M00244,2025-07-17T23:50:56.000+02:00,1170.22,568.82,105.73,Night,22110.52,CRYPTO,0,1,0,1,2,1
TX0109898,U11680,M00203,2024-11-06T22:56:19.000+01:00,1169.26,684.54,70.81,Night,1.63,CRYPTO,0,1,1,1,3,1
TX0111736,U11687,M00587,2025-10-26T01:23:35.000+02:00,1166.16,219.85,430.44,Night,277.27,CASH,1,1,0,0,2,1
TX0115682,U10552,M00188,2024-12-16T16:54:31.000+01:00,1164.47,291.06,300.08,Afternoon,1.25,BANK_TRANSFER,1,0,1,0,2,1
TX0096464,U11090,M00519,2025-03-23T22:02:18.000+01:00,1160.59,281.87,311.74,Night,280.23,PAYPAL,1,1,0,0,2,1
TX0030161,U03061,M00192,2025-10-01T02:21:26.000+02:00,1160.53,461.01,151.74,Night,181865.08,CRYPTO,0,1,0,1,2,1
TX0020543,U00265,M00525,2025-01-24T22:11:34.000+01:00,1158.71,764.62,51.54,Night,1981.63,CRYPTO,0,1,0,1,2,1
TX0100515,U11742,M00114,2025-02-14T08:34:21.000+01:00,1155.77,260.6,343.5,Morning,3852.43,CRYPTO,1,0,0,1,2,1
TX0056619,U00916,M00224,2024-04-28T19:46:53.000+02:00,1152.73,262.55,339.05,Evening,3097.38,CRYPTO,1,0,0,1,2,1
TX0123599,U03950,M00097,2025-11-25T02:30:01.000+01:00,1152.7,165.31,597.31,Night,757.13,CRYPTO,1,1,0,1,3,1
TX0019061,U05907,M00525,2024-09-07T23:38:30.000+02:00,1149.44,248.29,362.94,Night,220619.8,CARD,1,1,0,0,2,1
TX0132436,U01174,M00430,2024-07-13T23:38:59.000+02:00,1148.41,155.23,639.81,Night,196.78,CRYPTO,1,1,0,1,3,1
TX0094914,U09933,M00197,2025-05-16T18:41:22.000+02:00,1146.56,164.86,595.47,Evening,7655.4,CRYPTO,1,0,0,1,2,1
TX0100134,U10465,M00309,2024-10-23T23:09:05.000+02:00,1143.42,576.46,98.35,Night,132.33,CRYPTO,0,1,0,1,2,1
TX0024659,U04970,M00003,2024-04-14T01:39:03.000+02:00,1140.94,263.26,333.39,Night,7483.15,CRYPTO,1,1,0,1,3,1
TX0125188,U09024,M00315,2024-05-29T23:35:25.000+02:00,1140.09,785.47,45.15,Night,3047.52,CRYPTO,0,1,0,1,2,1
TX0136605,U04052,M00477,2024-09-25T02:49:06.000+02:00,1139.53,321.19,254.79,Night,26346.33,CRYPTO,0,1,0,1,2,1
TX0017531,U00305,M00373,2024-02-03T02:37:33.000+01:00,1139.5,158.9,617.11,Night,413.38,CRYPTO,1,1,0,1,3,1
TX0071236,U09158,M00572,2024-07-17T04:13:41.000+02:00,1136.04,207.41,447.72,Night,2567.8,CARD,1,1,0,0,2,1
TX0107918,U07613,M00587,2024-11-12T04:09:49.000+01:00,1135.55,214.36,429.75,Night,21120.48,CASH,1,1,0,0,2,1
TX0107216,U01434,M00525,2025-04-04T01:14:14.000+02:00,1134.0,219.88,415.72,Night,106134.78,CASH,1,1,0,0,2,1
TX0117871,U00354,M00499,2025-10-28T10:13:29.000+01:00,1133.42,239.1,374.04,Morning,9805.2,CRYPTO,1,0,0,1,2,1
TX0029666,U06233,M00568,2024-04-06T13:25:35.000+02:00,1132.5,278.58,306.52,Afternoon,6678.32,CRYPTO,1,0,0,1,2,1
TX0126923,U10289,M00082,2024-07-04T23:41:07.000+02:00,1131.65,262.53,331.05,Night,188.5,CARD,1,1,0,0,2,1
TX0103016,U01571,M00568,2025-09-26T04:29:33.000+02:00,1130.71,448.64,152.03,Night,2566.0,CRYPTO,0,1,0,1,2,1
TX0079563,U07414,M00510,2024-06-16T04:23:05.000+02:00,1128.92,186.65,504.84,Night,18011.93,CARD,1,1,0,0,2,1
TX0130467,U00073,M00297,2025-05-22T05:29:40.000+02:00,1128.91,171.22,559.33,Night,4197.08,PAYPAL,1,1,0,0,2,1
TX0021481,U02316,M00253,2025-04-02T23:36:47.000+02:00,1127.44,429.61,162.44,Night,479.78,CRYPTO,0,1,0,1,2,1
TX0045849,U06576,M00124,2025-11-06T22:55:30.000+01:00,1126.36,221.47,408.59,Night,14767.52,CRYPTO,1,1,0,1,3,1
TX0070173,U09789,M00151,2025-01-31T00:20:40.000+01:00,1126.03,161.28,598.19,Night,12539.42,BANK_TRANSFER,1,1,0,0,2,1
TX0064104,U10128,M00502,2025-11-20T23:16:21.000+01:00,1124.98,217.82,416.47,Night,12041.33,CRYPTO,1,1,0,1,3,1
TX0136995,U10705,M00165,2024-08-11T22:02:30.000+02:00,1122.84,196.42,471.64,Night,,CARD,1,1,0,0,2,1
TX0134712,U02817,M00292,2024-07-24T03:01:06.000+02:00,1121.31,279.27,301.51,Night,547.75,PAYPAL,1,1,0,0,2,1
TX0112296,U09701,M00428,2025-07-11T07:23:56.000+02:00,1120.95,259.59,331.82,Morning,1365.23,CRYPTO,1,0,0,1,2,1
TX0035853,U07933,M00563,2025-06-17T00:01:29.000+02:00,1120.79,321.0,249.15,Night,3917.12,CRYPTO,0,1,0,1,2,1
TX0054108,U05532,M00199,2024-12-29T16:17:12.000+01:00,1119.47,179.45,523.82,Afternoon,21408.02,CRYPTO,1,0,0,1,2,1
TX0097306,U10065,M00584,2024-10-19T14:36:00.000+02:00,1118.62,223.87,399.67,Afternoon,5383.85,CRYPTO,1,0,0,1,2,1
TX0131154,U03226,M00510,2024-11-28T19:54:31.000+01:00,1116.03,221.02,404.95,Evening,1484.1,CRYPTO,1,0,0,1,2,1
TX0102180,U07415,M00408,2025-08-05T22:14:50.000+02:00,1114.29,336.24,231.4,Night,440.88,CRYPTO,0,1,0,1,2,1
TX0097211,U08843,M00258,2024-02-24T23:10:27.000+01:00,1108.46,201.93,448.93,Night,9241.32,PAYPAL,1,1,0,0,2,1
TX0129681,U06505,M00368,2024-03-15T02:14:50.000+01:00,1105.8,166.81,562.91,Night,3950.37,CRYPTO,1,1,0,1,3,1
TX0126632,U04772,M00502,2024-07-29T23:33:20.000+02:00,1104.04,1363.0,-19.0,Night,13415.77,CRYPTO,0,1,0,1,2,1
TX0121819,U01600,M00036,2025-08-17T02:47:34.000+02:00,1102.32,244.21,351.38,Night,896.23,CASH,1,1,0,0,2,1
TX0101460,U01921,M00484,2024-10-05T22:50:05.000+02:00,1100.17,225.05,388.86,Night,1653.18,BANK_TRANSFER,1,1,0,0,2,1
TX0048628,U11770,M00083,2025-06-19T22:14:19.000+02:00,1099.86,158.82,592.51,Night,12144.9,CASH,1,1,0,0,2,1
TX0000700,U08938,M00033,2025-12-13T03:34:22.000+01:00,1098.87,295.45,271.93,Night,12075.37,CRYPTO,0,1,0,1,2,1
TX0037322,U00871,M00350,2025-12-24T22:43:51.000+01:00,1094.75,876.85,24.85,Night,822.48,CRYPTO,0,1,0,1,2,1
TX0000522,U00572,M00190,2024-12-05T22:52:18.000+01:00,1092.01,223.81,387.91,Night,,PAYPAL,1,1,0,0,2,1
TX0055054,U04494,M00559,2024-10-29T17:32:13.000+01:00,1087.69,165.55,557.0,Afternoon,,CRYPTO,1,0,0,1,2,1
TX0134620,U04474,M00432,2025-07-25T22:05:15.000+02:00,1086.98,611.18,77.85,Night,10252.53,CRYPTO,0,1,0,1,2,1
TX0060333,U01655,M00298,2025-12-12T22:41:30.000+01:00,1086.51,142.47,662.63,Night,14592.48,CARD,1,1,0,0,2,1
TX0119440,U06937,M00258,2024-02-06T05:54:00.000+01:00,1085.63,254.76,326.14,Night,1015.95,PAYPAL,1,1,0,0,2,1
TX0094937,U06139,M00054,2024-10-06T16:10:54.000+02:00,1084.67,176.75,513.67,Afternoon,2588.15,CRYPTO,1,0,0,1,2,1
TX0081040,U03651,M00530,2024-11-14T03:41:48.000+01:00,1082.44,1012.14,6.95,Night,74642.77,CRYPTO,0,1,0,1,2,1
TX0065226,U01268,M00013,2024-12-05T22:11:13.000+01:00,1082.11,291.47,271.25,Night,225.9,CRYPTO,0,1,0,1,2,1
TX0091666,U11246,M00244,2025-11-28T00:14:59.000+01:00,1074.26,246.32,336.12,Night,21187.43,BANK_TRANSFER,1,1,0,0,2,1
TX0011382,U05958,M00510,2024-07-04T23:09:05.000+02:00,1068.57,590.95,80.82,Night,55431.28,CRYPTO,0,1,0,1,2,1
TX0067196,U02466,M00268,2025-09-30T01:36:36.000+02:00,1068.4,197.22,441.72,Night,28816.37,CRYPTO,1,1,0,1,3,1
TX0057958,U01171,M00433,2024-10-24T04:20:57.000+02:00,1067.86,170.65,525.76,Night,2676.92,CRYPTO,1,1,0,1,3,1
TX0118240,U03265,M00392,2024-09-14T05:31:59.000+02:00,1062.02,403.14,163.44,Night,8207.4,CRYPTO,0,1,0,1,2,1
TX0062522,U04772,M00258,2024-07-18T22:43:51.000+02:00,1061.46,1363.0,-22.12,Night,204.87,CRYPTO,0,1,0,1,2,1
TX0086242,U11790,M00494,2024-09-11T23:24:32.000+02:00,1060.54,193.27,448.72,Night,1400.07,CRYPTO,1,1,0,1,3,1
TX0127679,U01383,M00165,2024-10-24T04:00:39.000+02:00,1060.35,448.2,136.58,Night,3473.82,CRYPTO,0,1,0,1,2,1
TX0116004,U06032,M00534,2024-11-19T04:23:24.000+01:00,1060.05,452.52,134.26,Night,180.83,CRYPTO,0,1,0,1,2,1
TX0109543,U08655,M00438,2025-11-28T02:06:23.000+01:00,1058.87,854.56,23.91,Night,811.62,CRYPTO,0,1,0,1,2,1
TX0002853,U06584,M00216,2024-08-30T04:22:32.000+02:00,1058.82,120.12,781.49,Night,15403.07,PAYPAL,1,1,0,0,2,1
TX0043581,U00541,M00173,2024-09-08T00:12:48.000+02:00,1057.68,419.27,152.27,Night,9540.98,CRYPTO,0,1,0,1,2,1
TX0112493,U07904,M00368,2025-06-16T10:34:46.000+02:00,1057.16,338.96,211.88,Morning,3.6,CRYPTO,0,0,1,1,2,1
TX0062368,U10191,M00036,2024-05-27T15:02:23.000+02:00,1053.19,232.69,352.61,Afternoon,259.22,CRYPTO,1,0,0,1,2,1
TX0031807,U03025,M00190,2025-02-09T01:29:06.000+01:00,1052.71,302.9,247.55,Night,6039.78,CRYPTO,0,1,0,1,2,1
TX0049969,U07730,M00444,2025-04-15T19:22:11.000+02:00,1051.19,222.46,372.52,Evening,9257.6,CRYPTO,1,0,0,1,2,1
TX0034742,U02709,M00240,2025-03-04T03:15:36.000+01:00,1049.95,367.38,185.8,Night,3725.45,CRYPTO,0,1,0,1,2,1
TX0047195,U02636,M00472,2025-02-03T10:24:36.000+01:00,1048.89,257.08,308.0,Morning,285287.17,CRYPTO,1,0,0,1,2,1
TX0032010,U05641,M00297,2024-08-28T13:07:03.000+02:00,1048.67,256.33,309.12,Afternoon,25348.22,CRYPTO,1,0,0,1,2,1
TX0133663,U03119,M00190,2024-01-05T03:26:28.000+01:00,1045.59,415.05,151.92,Night,,CRYPTO,0,1,0,1,2,1
TX0001996,U04210,M00236,2025-07-24T04:49:05.000+02:00,1044.37,603.22,73.13,Night,11192.25,CRYPTO,0,1,0,1,2,1
TX0131499,U03660,M00166,2025-04-29T18:12:40.000+02:00,1041.56,254.11,309.88,Evening,1667.4,CRYPTO,1,0,0,1,2,1
TX0032603,U07367,M00175,2025-11-20T00:55:06.000+01:00,1040.57,204.8,408.08,Night,1045.98,CRYPTO,1,1,0,1,3,1
TX0117978,U09737,M00428,2025-12-29T02:14:42.000+01:00,1040.2,383.16,171.48,Night,7611.42,CRYPTO,0,1,0,1,2,1
TX0087209,U06608,M00109,2025-05-06T22:31:59.000+02:00,1038.75,175.75,491.05,Night,1782.35,CRYPTO,1,1,0,1,3,1
TX0130446,U07429,M00195,2025-08-08T07:23:03.000+02:00,1037.27,217.52,376.86,Morning,3754.42,CRYPTO,1,0,0,1,2,1
TX0010496,U02481,M00501,2025-05-27T23:30:14.000+02:00,1035.73,121.31,753.81,Night,249.05,CRYPTO,1,1,0,1,3,1
TX0023587,U07172,M00438,2024-06-22T23:25:09.000+02:00,1035.36,521.79,98.43,Night,176.45,CRYPTO,0,1,0,1,2,1
TX0018653,U04131,M00587,2024-07-01T12:08:21.000+02:00,1034.29,216.79,377.1,Afternoon,84.22,CRYPTO,1,0,0,1,2,1
TX0123901,U07197,M00263,2025-05-21T01:37:08.000+02:00,1032.98,283.72,264.08,Night,1812.52,CRYPTO,0,1,0,1,2,1
TX0044529,U03716,M00258,2025-07-07T03:58:27.000+02:00,1031.77,451.89,128.32,Night,53679.67,CRYPTO,0,1,0,1,2,1
TX0101919,U07905,M00258,2025-05-25T23:50:41.000+02:00,1031.74,245.1,320.94,Night,24801.75,CARD,1,1,0,0,2,1
TX0047084,U07135,M00329,2024-08-06T05:59:24.000+02:00,1030.11,440.07,134.08,Night,,CRYPTO,0,1,0,1,2,1
TX0121739,U10951,M00568,2024-09-12T00:01:13.000+02:00,1029.26,150.89,582.1,Night,3360.83,PAYPAL,1,1,0,0,2,1
TX0011540,U04169,M00298,2025-02-04T01:51:23.000+01:00,1028.67,914.59,12.47,Night,2582.87,CRYPTO,0,1,0,1,2,1
TX0012602,U04253,M00224,2025-02-09T12:27:24.000+01:00,1026.93,240.28,327.38,Afternoon,6691.7,CRYPTO,1,0,0,1,2,1
TX0044251,U09154,M00004,2025-08-31T05:15:27.000+02:00,1024.41,459.88,122.75,Night,509.75,CRYPTO,0,1,0,1,2,1
TX0019142,U08669,M00223,2024-04-25T01:50:33.000+02:00,1023.38,925.78,10.54,Night,7956.92,CRYPTO,0,1,0,1,2,1
TX0001307,U02387,M00291,2024-12-01T23:52:32.000+01:00,1020.54,221.56,360.61,Night,,CARD,1,1,0,0,2,1
TX0123864,U04597,M00083,2025-02-26T21:13:26.000+01:00,1018.12,220.24,362.27,Evening,7697.93,CRYPTO,1,0,0,1,2,1
TX0095988,U06370,M00092,2025-09-17T22:06:55.000+02:00,1016.82,187.14,443.35,Night,264.52,CRYPTO,1,1,0,1,3,1
TX0091372,U02466,M00346,2024-12-02T03:45:23.000+01:00,1014.08,197.22,414.18,Night,1456.07,CRYPTO,1,1,0,1,3,1
TX0103789,U09116,M00113,2025-04-20T03:12:24.000+02:00,1013.59,414.01,144.82,Night,11613.17,CRYPTO,0,1,0,1,2,1
TX0136913,U10035,M00392,2024-06-06T01:09:03.000+02:00,1011.56,413.88,144.41,Night,321.72,CRYPTO,0,1,0,1,2,1
TX0030823,U02974,M00247,2025-02-16T01:31:30.000+01:00,1010.93,218.03,363.66,Night,17787.07,CASH,1,1,0,0,2,1
TX0042099,U00106,M00156,2024-05-09T22:12:58.000+02:00,1010.67,236.96,326.51,Night,1327.05,CRYPTO,1,1,0,1,3,1
TX0043255,U06614,M00307,2024-06-21T11:47:43.000+02:00,1009.22,238.22,323.64,Morning,97611.05,CRYPTO,1,0,0,1,2,1
TX0034773,U10675,M00051,2024-07-11T00:02:15.000+02:00,1008.12,218.73,360.89,Night,2305.85,CRYPTO,1,1,0,1,3,1
TX0079488,U08288,M00099,2024-03-23T22:11:15.000+01:00,1008.11,250.47,302.49,Night,11692.58,CASH,1,1,0,0,2,1
TX0107172,U01596,M00295,2025-01-01T23:31:07.000+01:00,1007.45,631.07,59.64,Night,537.63,CRYPTO,0,1,0,1,2,1
TX0026826,U04824,M00360,2024-09-09T05:38:17.000+02:00,1005.21,162.07,520.22,Night,10857.83,CRYPTO,1,1,0,1,3,1
TX0062377,U11787,M00433,2024-05-04T05:23:52.000+02:00,1003.04,788.4,27.23,Night,592.17,CRYPTO,0,1,0,1,2,1
TX0040769,U03676,M00432,2025-01-08T07:45:32.000+01:00,1002.42,224.03,347.45,Morning,12795.9,CRYPTO,1,0,0,1,2,1
TX0055716,U08197,M00216,2025-05-16T22:39:15.000+02:00,1001.75,176.64,467.1,Night,8003.65,CARD,1,1,0,0,2,1
TX0009213,U01876,M00592,2025-07-20T18:26:21.000+02:00,1001.22,231.61,332.29,Evening,13547.42,CRYPTO,1,0,0,1,2,1
TX0107081,U00427,M00158,2025-06-18T22:36:15.000+02:00,996.67,677.78,47.05,Night,0.88,BANK_TRANSFER,0,1,1,0,2,1
TX0038159,U04940,M00368,2025-05-10T00:17:19.000+02:00,996.38,180.02,453.49,Night,3785.18,BANK_TRANSFER,1,1,0,0,2,1
TX0101529,U03914,M00433,2025-12-28T05:28:03.000+01:00,995.02,203.32,389.38,Night,3492.17,CARD,1,1,0,0,2,1
TX0047163,U08402,M00383,2024-12-20T02:16:41.000+01:00,991.41,409.79,141.93,Night,916.22,CRYPTO,0,1,0,1,2,1
TX0126608,U06789,M00112,2024-05-03T05:14:16.000+02:00,989.1,252.15,292.26,Night,123073.87,CRYPTO,0,1,0,1,2,1
TX0132795,U02803,M00375,2025-01-05T05:26:44.000+01:00,988.72,795.86,24.23,Night,4123.08,CRYPTO,0,1,0,1,2,1
TX0114867,U00832,M00329,2024-03-19T04:03:33.000+01:00,986.14,125.75,684.21,Night,9162.27,BANK_TRANSFER,1,1,0,0,2,1
TX0086692,U02769,M00458,2025-04-26T01:13:54.000+02:00,984.33,671.77,46.53,Night,5152.2,CRYPTO,0,1,0,1,2,1
TX0093320,U10985,M00099,2025-02-25T17:15:15.000+01:00,983.26,197.71,397.32,Afternoon,19220.73,CRYPTO,1,0,0,1,2,1
TX0050859,U04660,M00082,2025-04-16T01:42:20.000+02:00,983.2,242.89,304.8,Night,2323.25,BANK_TRANSFER,1,1,0,0,2,1
TX0090766,U01235,M00480,2024-08-30T02:50:31.000+02:00,981.88,167.91,484.75,Night,2562.07,CRYPTO,1,1,0,1,3,1
TX0014447,U03233,M00248,2025-02-03T02:56:26.000+01:00,981.86,141.59,593.44,Night,55002.3,CARD,1,1,0,0,2,1
TX0078482,U07674,M00507,2025-08-18T13:53:53.000+02:00,981.06,169.97,477.19,Afternoon,17619.77,CRYPTO,1,0,0,1,2,1
TX0096492,U04106,M00343,2024-03-23T23:32:13.000+01:00,980.86,213.36,359.71,Night,757.28,CRYPTO,1,1,0,1,3,1
TX0096034,U08429,M00277,2025-11-15T21:01:47.000+01:00,980.46,137.43,613.44,Evening,7367.8,CRYPTO,1,0,0,1,2,1
TX0108818,U10641,M00191,2025-07-20T22:25:25.000+02:00,980.14,442.38,121.56,Night,47.05,CRYPTO,0,1,0,1,2,1
TX0000386,U08360,M00258,2024-10-31T00:41:48.000+01:00,979.18,764.73,28.04,Night,28037.68,CRYPTO,0,1,0,1,2,1
TX0115081,U05534,M00097,2025-09-29T23:50:38.000+02:00,976.46,565.91,72.55,Night,238.08,CRYPTO,0,1,0,1,2,1
TX0116894,U07989,M00425,2025-12-22T01:18:40.000+01:00,975.02,348.15,180.06,Night,273.17,CRYPTO,0,1,0,1,2,1
TX0022370,U09085,M00371,2025-03-31T04:35:10.000+02:00,974.87,263.84,269.49,Night,13604.1,CRYPTO,0,1,0,1,2,1
TX0114661,U06425,M00413,2024-06-09T02:55:38.000+02:00,972.81,245.24,296.67,Night,1309.48,CRYPTO,0,1,0,1,2,1
TX0032299,U11687,M00204,2025-08-18T12:21:05.000+02:00,971.26,219.85,341.79,Afternoon,1321.08,CRYPTO,1,0,0,1,2,1
TX0042502,U09513,M00483,2025-05-06T04:20:57.000+02:00,971.02,248.63,290.55,Night,451297.52,CRYPTO,0,1,0,1,2,1
TX0051096,U08428,M00310,2024-05-11T23:38:57.000+02:00,969.21,145.42,566.48,Night,24920.87,PAYPAL,1,1,0,0,2,1
TX0023883,U01713,M00036,2024-03-16T16:01:11.000+01:00,968.47,523.11,85.14,Afternoon,0.07,CRYPTO,0,0,1,1,2,1
TX0066256,U01250,M00446,2025-10-25T23:00:28.000+02:00,965.21,573.12,68.41,Night,687.75,CRYPTO,0,1,0,1,2,1
TX0074331,U01991,M00114,2025-05-11T08:41:40.000+02:00,964.18,189.85,407.86,Morning,25966.75,CRYPTO,1,0,0,1,2,1
TX0060574,U01127,M00436,2024-03-26T21:32:54.000+01:00,963.53,1194.1,-19.31,Evening,3.85,CRYPTO,0,0,1,1,2,1
TX0112322,U04640,M00398,2024-07-25T22:55:31.000+02:00,961.45,561.06,71.36,Night,8041.28,CRYPTO,0,1,0,1,2,1
TX0001250,U05228,M00284,2025-01-17T22:21:50.000+01:00,961.33,233.94,310.93,Night,9426.08,BANK_TRANSFER,1,1,0,0,2,1
TX0095966,U00199,M00255,2024-05-25T23:34:28.000+02:00,958.19,195.07,391.19,Night,6558.23,CASH,1,1,0,0,2,1
TX0047902,U01875,M00135,2025-03-12T00:35:51.000+01:00,951.82,129.52,634.9,Night,6507.45,CRYPTO,1,1,0,1,3,1
TX0091557,U05443,M00057,2025-09-12T01:16:44.000+02:00,951.11,161.2,490.03,Night,10292.07,CARD,1,1,0,0,2,1
TX0068005,U10535,M00456,2025-08-11T23:58:37.000+02:00,949.92,214.05,343.78,Night,10319.9,CRYPTO,1,1,0,1,3,1
TX0039222,U03853,M00167,2024-10-17T01:28:33.000+02:00,948.98,1145.0,-17.12,Night,9029.55,CRYPTO,0,1,0,1,2,1
TX0115865,U11954,M00071,2024-10-11T04:46:29.000+02:00,946.04,217.33,335.3,Night,2280.62,BANK_TRANSFER,1,1,0,0,2,1
TX0024783,U10830,M00584,2025-07-24T03:29:55.000+02:00,944.71,607.2,55.59,Night,2917.42,CRYPTO,0,1,0,1,2,1
TX0117423,U01621,M00155,2025-03-08T11:32:16.000+01:00,943.93,251.78,274.9,Morning,4.48,CRYPTO,0,0,1,1,2,1
TX0078547,U04947,M00438,2024-10-17T07:49:03.000+02:00,942.35,118.33,696.38,Morning,10657.43,CRYPTO,1,0,0,1,2,1
TX0075556,U00630,M00520,2024-08-30T02:15:41.000+02:00,940.03,316.63,196.89,Night,40908.27,CRYPTO,0,1,0,1,2,1
TX0137411,U00734,M00514,2025-12-07T04:45:00.000+01:00,939.82,406.48,131.21,Night,2791.88,CRYPTO,0,1,0,1,2,1
TX0053012,U02803,M00579,2025-05-19T23:09:47.000+02:00,938.99,795.86,17.98,Night,269.47,CRYPTO,0,1,0,1,2,1
TX0081929,U06231,M00520,2025-05-22T04:44:10.000+02:00,937.25,228.75,309.73,Night,6569.43,CRYPTO,1,1,0,1,3,1
TX0049755,U01762,M00267,2024-09-29T22:08:10.000+02:00,934.49,438.94,112.9,Night,2354.0,CRYPTO,0,1,0,1,2,1
TX0111960,U05462,M00488,2025-03-27T01:30:49.000+01:00,934.43,321.72,190.45,Night,20.9,CRYPTO,0,1,0,1,2,1
TX0010237,U01895,M00329,2025-05-28T16:08:19.000+02:00,934.38,214.31,335.99,Afternoon,21996.18,CRYPTO,1,0,0,1,2,1
TX0054674,U09846,M00419,2025-09-22T05:46:50.000+02:00,932.98,200.85,364.52,Night,4182.93,CASH,1,1,0,0,2,1
TX0094456,U09964,M00456,2025-06-25T22:06:58.000+02:00,932.77,181.36,414.32,Night,12133.27,CARD,1,1,0,0,2,1
TX0071967,U01933,M00007,2024-06-24T03:19:45.000+02:00,932.31,239.06,289.98,Night,4816.47,CRYPTO,0,1,0,1,2,1
TX0111622,U05958,M00143,2024-01-02T05:20:06.000+01:00,931.3,590.95,57.59,Night,,CRYPTO,0,1,0,1,2,1
TX0045847,U03134,M00520,2025-07-24T04:49:38.000+02:00,930.39,603.92,54.06,Night,35813.55,CRYPTO,0,1,0,1,2,1
TX0122575,U10179,M00020,2024-08-04T03:46:04.000+02:00,930.01,448.42,107.4,Night,18647.02,CRYPTO,0,1,0,1,2,1
TX0002890,U06837,M00367,2024-07-05T22:36:57.000+02:00,929.82,208.76,345.41,Night,,CARD,1,1,0,0,2,1
TX0006387,U04856,M00160,2025-06-26T02:01:56.000+02:00,929.0,231.47,301.35,Night,6600.25,BANK_TRANSFER,1,1,0,0,2,1
TX0068406,U08953,M00335,2025-02-12T00:55:53.000+01:00,928.42,1181.42,-21.41,Night,3547.18,CRYPTO,0,1,0,1,2,1
TX0012734,U07096,M00265,2024-09-13T23:36:43.000+02:00,923.84,238.13,287.96,Night,34.72,CRYPTO,0,1,0,1,2,1
TX0102935,U00654,M00429,2025-08-31T16:52:29.000+02:00,922.66,378.77,143.6,Afternoon,3.87,CRYPTO,0,0,1,1,2,1
TX0047324,U04158,M00329,2024-12-19T22:31:01.000+01:00,920.76,274.87,234.98,Night,3.32,CARD,0,1,1,0,2,1
TX0057103,U04858,M00291,2025-05-13T02:25:27.000+02:00,920.41,185.18,397.03,Night,2000.62,CARD,1,1,0,0,2,1
TX0003095,U11651,M00470,2025-06-17T04:41:47.000+02:00,918.16,258.24,255.54,Night,1072.63,CRYPTO,0,1,0,1,2,1
TX0017876,U05058,M00172,2025-06-04T01:36:27.000+02:00,917.26,192.95,375.38,Night,8269.47,CRYPTO,1,1,0,1,3,1
TX0024058,U09355,M00520,2024-06-17T12:57:31.000+02:00,912.59,227.54,301.06,Afternoon,8655.65,CRYPTO,1,0,0,1,2,1
TX0085820,U01171,M00233,2024-05-24T10:18:27.000+02:00,911.67,170.65,434.24,Morning,13921.45,CRYPTO,1,0,0,1,2,1
TX0099414,U08715,M00453,2024-04-11T00:29:15.000+02:00,911.16,286.59,217.93,Night,7561.0,CRYPTO,0,1,0,1,2,1
TX0069614,U01884,M00171,2024-10-18T22:27:17.000+02:00,910.68,264.98,243.69,Night,494.48,CRYPTO,0,1,0,1,2,1
TX0017017,U07226,M00390,2025-11-26T16:00:01.000+01:00,910.62,223.71,307.05,Afternoon,1367.82,CRYPTO,1,0,0,1,2,1
TX0129042,U06892,M00349,2024-12-15T23:32:40.000+01:00,908.92,251.68,261.14,Night,138.63,CRYPTO,0,1,0,1,2,1
TX0086821,U11404,M00121,2024-12-24T02:45:01.000+01:00,908.85,192.07,373.2,Night,14111.23,PAYPAL,1,1,0,0,2,1
TX0086412,U11836,M00276,2025-11-29T04:38:47.000+01:00,908.15,543.41,67.12,Night,11069.05,CRYPTO,0,1,0,1,2,1
TX0054684,U11727,M00596,2024-08-14T05:03:31.000+02:00,906.23,757.68,19.61,Night,10550.77,CRYPTO,0,1,0,1,2,1
TX0001932,U08859,M00041,2024-12-05T05:13:17.000+01:00,904.88,221.22,309.04,Night,,PAYPAL,1,1,0,0,2,1
TX0083632,U06502,M00557,2024-09-07T14:55:22.000+02:00,904.79,161.15,461.46,Afternoon,2955.93,CRYPTO,1,0,0,1,2,1
TX0072771,U11475,M00599,2024-10-17T03:00:49.000+02:00,902.65,155.45,480.66,Night,2519.37,CRYPTO,1,1,0,1,3,1
TX0005872,U09446,M00217,2025-10-17T05:25:48.000+02:00,902.09,730.64,23.47,Night,18142.27,CRYPTO,0,1,0,1,2,1
TX0094214,U00427,M00419,2025-07-01T04:32:57.000+02:00,901.99,677.78,33.08,Night,85.15,CRYPTO,0,1,0,1,2,1
TX0062339,U06359,M00418,2025-05-24T00:36:47.000+02:00,901.83,190.34,373.79,Night,5904.33,CASH,1,1,0,0,2,1
TX0068717,U07296,M00537,2024-12-26T11:34:42.000+01:00,899.14,170.53,427.25,Morning,2525.53,CRYPTO,1,0,0,1,2,1
TX0133530,U10714,M00227,2025-09-01T04:13:33.000+02:00,897.29,331.77,170.46,Night,58694.62,CRYPTO,0,1,0,1,2,1
TX0072692,U06762,M00420,2025-05-22T00:07:07.000+02:00,896.9,132.85,575.12,Night,10553.3,PAYPAL,1,1,0,0,2,1
TX0056982,U05832,M00284,2025-07-16T22:25:28.000+02:00,896.67,101.72,781.53,Night,512.92,CARD,1,1,0,0,2,1
TX0039944,U05981,M00541,2024-05-29T22:12:42.000+02:00,893.97,251.07,256.07,Night,462.05,CRYPTO,0,1,0,1,2,1
TX0015458,U10664,M00111,2025-05-10T01:52:12.000+02:00,893.22,194.86,358.38,Night,1607.67,CRYPTO,1,1,0,1,3,1
TX0092355,U06229,M00522,2025-04-15T23:41:08.000+02:00,892.54,388.87,129.52,Night,13796.6,CRYPTO,0,1,0,1,2,1
TX0045764,U02809,M00382,2024-09-16T22:25:05.000+02:00,891.58,151.34,489.11,Night,17997.1,BANK_TRANSFER,1,1,0,0,2,1
TX0122902,U05958,M00596,2024-05-13T22:15:25.000+02:00,890.61,590.95,50.71,Night,12916.0,CRYPTO,0,1,0,1,2,1
TX0134449,U03616,M00122,2025-03-31T22:05:48.000+02:00,890.1,958.49,-7.14,Night,13405.73,CRYPTO,0,1,0,1,2,1
TX0066727,U10693,M00357,2025-09-20T04:20:15.000+02:00,889.77,197.89,349.62,Night,3495.27,BANK_TRANSFER,1,1,0,0,2,1
TX0085991,U09337,M00157,2025-03-26T19:59:04.000+01:00,889.37,523.93,69.75,Evening,1.13,CRYPTO,0,0,1,1,2,1
TX0035826,U01633,M00507,2024-02-22T22:49:20.000+01:00,887.24,292.3,203.54,Night,3338.28,CRYPTO,0,1,0,1,2,1
TX0114467,U10050,M00545,2024-08-29T20:38:20.000+02:00,887.17,198.94,345.95,Evening,7613.0,CRYPTO,1,0,0,1,2,1
TX0092056,U04345,M00579,2024-07-24T01:26:11.000+02:00,887.14,944.94,-6.12,Night,282.75,CRYPTO,0,1,0,1,2,1
TX0037632,U09360,M00304,2024-09-29T22:28:44.000+02:00,886.66,724.62,22.36,Night,7693.32,CRYPTO,0,1,0,1,2,1
TX0024742,U01491,M00171,2025-08-31T01:46:00.000+02:00,886.11,256.71,245.19,Night,7830.4,CRYPTO,0,1,0,1,2,1
TX0065579,U03036,M00220,2025-09-11T00:45:29.000+02:00,884.68,416.59,112.36,Night,16513.8,CRYPTO,0,1,0,1,2,1
TX0118481,U01224,M00449,2025-08-25T23:00:07.000+02:00,884.48,392.89,125.12,Night,388.32,CRYPTO,0,1,0,1,2,1
TX0113866,U03548,M00102,2025-02-17T22:17:17.000+01:00,884.47,206.28,328.78,Night,34700.35,BANK_TRANSFER,1,1,0,0,2,1
TX0129711,U09938,M00533,2025-04-06T03:03:55.000+02:00,881.42,177.04,397.87,Night,6745.73,CRYPTO,1,1,0,1,3,1
TX0020551,U04974,M00507,2024-02-15T22:56:23.000+01:00,876.62,528.0,66.03,Night,7224.88,CRYPTO,0,1,0,1,2,1
TX0114724,U03701,M00464,2025-09-18T23:40:28.000+02:00,876.52,139.33,529.11,Night,3543.12,CARD,1,1,0,0,2,1
TX0040221,U11390,M00597,2024-11-06T02:07:07.000+01:00,876.48,182.86,379.31,Night,13576.52,CRYPTO,1,1,0,1,3,1
TX0137576,U00545,M00056,2025-03-13T22:57:39.000+01:00,876.04,118.06,642.03,Night,1137.23,CRYPTO,1,1,0,1,3,1
TX0078613,U09995,M00051,2025-01-31T04:41:59.000+01:00,875.88,491.47,78.22,Night,174.15,CRYPTO,0,1,0,1,2,1
TX0116986,U05263,M00374,2025-12-03T22:51:14.000+01:00,874.66,214.01,308.7,Night,,CARD,1,1,0,0,2,1
TX0002001,U01074,M00413,2025-04-22T22:54:46.000+02:00,874.06,739.19,18.24,Night,12118.22,CRYPTO,0,1,0,1,2,1
TX0107998,U11882,M00513,2024-10-28T04:25:19.000+01:00,873.72,202.23,332.04,Night,1050.53,CARD,1,1,0,0,2,1
TX0118470,U08579,M00522,2025-08-09T22:18:35.000+02:00,873.56,403.7,116.39,Night,194299.28,CRYPTO,0,1,0,1,2,1
TX0060837,U08605,M00513,2025-09-25T04:57:09.000+02:00,871.88,351.59,147.98,Night,20703.27,CRYPTO,0,1,0,1,2,1
TX0006971,U09838,M00570,2024-06-08T02:02:08.000+02:00,870.89,387.86,124.54,Night,626.43,CRYPTO,0,1,0,1,2,1
TX0023438,U00811,M00050,2025-12-22T03:06:40.000+01:00,865.36,371.17,133.14,Night,6553.77,CRYPTO,0,1,0,1,2,1
TX0055080,U02750,M00420,2024-06-14T09:20:13.000+02:00,864.0,169.22,410.58,Morning,35508.97,CRYPTO,1,0,0,1,2,1
TX0129425,U04653,M00567,2024-09-17T01:28:19.000+02:00,860.85,197.22,336.49,Night,17898.4,CRYPTO,1,1,0,1,3,1
TX0065986,U01489,M00374,2025-09-29T17:13:29.000+02:00,856.4,181.65,371.47,Afternoon,81.12,CRYPTO,1,0,0,1,2,1
TX0024780,U00307,M00151,2025-09-18T18:17:26.000+02:00,856.19,189.52,351.76,Evening,23148.62,CRYPTO,1,0,0,1,2,1
TX0081728,U02852,M00021,2025-02-22T03:09:43.000+01:00,856.17,347.82,146.15,Night,209526.92,CRYPTO,0,1,0,1,2,1
TX0082732,U09278,M00545,2025-08-20T23:37:13.000+02:00,852.83,121.4,602.51,Night,1748.08,CARD,1,1,0,0,2,1
TX0080935,U04797,M00564,2025-08-21T05:12:03.000+02:00,852.07,296.49,187.39,Night,16380.88,CRYPTO,0,1,0,1,2,1
TX0052212,U03471,M00196,2025-04-04T12:49:42.000+02:00,850.74,148.69,472.15,Afternoon,3928.82,CRYPTO,1,0,0,1,2,1
TX0103084,U08920,M00097,2024-11-04T23:49:49.000+01:00,848.82,857.06,-0.96,Night,455.1,CRYPTO,0,1,0,1,2,1
TX0124616,U07351,M00442,2024-11-22T22:07:22.000+01:00,846.83,475.23,78.19,Night,4.25,CARD,0,1,1,0,2,1
TX0076169,U03636,M00578,2025-08-30T03:47:44.000+02:00,841.42,199.6,321.56,Night,1866.18,CASH,1,1,0,0,2,1
TX0056593,U05811,M00212,2024-12-08T03:35:12.000+01:00,839.81,274.54,205.89,Night,10207.38,CRYPTO,0,1,0,1,2,1
TX0066246,U10904,M00180,2025-01-03T03:55:10.000+01:00,836.43,238.83,250.22,Night,142.67,CRYPTO,0,1,0,1,2,1
TX0010177,U03033,M00076,2025-03-24T22:34:39.000+01:00,836.06,232.25,259.98,Night,594.85,CRYPTO,0,1,0,1,2,1
TX0109489,U09870,M00583,2024-01-30T07:53:54.000+01:00,834.72,168.69,394.82,Morning,2.43,BANK_TRANSFER,1,0,1,0,2,1
TX0133516,U00848,M00458,2025-10-21T23:44:17.000+02:00,834.23,162.03,414.86,Night,8809.03,PAYPAL,1,1,0,0,2,1
TX0129019,U09474,M00199,2024-11-03T23:07:55.000+01:00,834.0,916.0,-8.95,Night,55422.53,CRYPTO,0,1,0,1,2,1
TX0061716,U00585,M00043,2024-06-23T23:38:02.000+02:00,833.84,249.95,233.6,Night,661.0,CRYPTO,0,1,0,1,2,1
TX0046472,U11787,M00583,2024-05-02T02:59:26.000+02:00,833.56,788.4,5.73,Night,,CRYPTO,0,1,0,1,2,1
TX0017660,U11705,M00596,2025-11-21T02:14:01.000+01:00,832.54,181.66,358.3,Night,22821.65,CARD,1,1,0,0,2,1
TX0011709,U11529,M00429,2025-04-10T22:12:16.000+02:00,831.63,648.86,28.17,Night,251.03,CRYPTO,0,1,0,1,2,1
TX0030966,U01014,M00146,2024-06-24T01:15:42.000+02:00,831.46,650.62,27.79,Night,32033.9,CRYPTO,0,1,0,1,2,1
TX0108924,U03684,M00047,2024-05-31T04:27:04.000+02:00,830.95,222.01,274.28,Night,11411.95,CRYPTO,0,1,0,1,2,1
TX0067683,U06415,M00557,2025-05-08T04:30:40.000+02:00,827.87,169.05,389.71,Night,8226.97,CASH,1,1,0,0,2,1
TX0037958,U08885,M00259,2024-02-25T22:21:12.000+01:00,826.7,329.8,150.67,Night,596.68,CRYPTO,0,1,0,1,2,1
TX0079637,U06421,M00415,2025-11-17T19:00:34.000+01:00,826.46,140.2,489.5,Evening,151.88,CRYPTO,1,0,0,1,2,1
TX0040720,U04705,M00510,2024-11-27T23:42:43.000+01:00,823.07,275.17,199.11,Night,15938.03,CRYPTO,0,1,0,1,2,1
TX0063094,U08843,M00352,2024-08-06T02:24:17.000+02:00,822.88,201.93,307.5,Night,3927.47,PAYPAL,1,1,0,0,2,1
TX0005294,U01880,M00596,2024-10-27T10:42:14.000+01:00,822.21,160.65,411.8,Morning,8725.3,CRYPTO,1,0,0,1,2,1
TX0040627,U07301,M00545,2025-01-10T16:12:06.000+01:00,821.95,181.15,353.74,Afternoon,92358.98,CRYPTO,1,0,0,1,2,1
TX0039600,U00835,M00311,2025-01-07T03:45:18.000+01:00,821.06,321.58,155.32,Night,3914.87,CRYPTO,0,1,0,1,2,1
TX0084845,U11699,M00352,2025-11-29T00:17:58.000+01:00,820.62,392.25,109.21,Night,13310.82,CRYPTO,0,1,0,1,2,1
TX0007420,U06047,M00537,2024-07-29T00:05:23.000+02:00,820.07,159.47,414.23,Night,6381.22,PAYPAL,1,1,0,0,2,1
TX0102309,U04495,M00196,2024-01-13T20:01:19.000+01:00,819.79,169.47,383.74,Evening,4206.15,CRYPTO,1,0,0,1,2,1
TX0114680,U05013,M00586,2025-04-19T13:31:42.000+02:00,819.27,141.91,477.3,Afternoon,78295.2,CRYPTO,1,0,0,1,2,1
TX0061435,U09519,M00327,2024-08-07T01:49:52.000+02:00,818.64,166.53,391.59,Night,,CARD,1,1,0,0,2,1
TX0011118,U05799,M00310,2024-02-27T17:02:18.000+01:00,818.44,178.69,358.01,Afternoon,11849.72,CRYPTO,1,0,0,1,2,1
TX0037561,U05766,M00442,2025-06-09T03:24:37.000+02:00,816.91,669.28,22.06,Night,2286.88,CRYPTO,0,1,0,1,2,1
TX0062085,U11989,M00083,2025-03-13T02:47:01.000+01:00,815.25,160.89,406.71,Night,1954.77,PAYPAL,1,1,0,0,2,1
TX0044574,U09115,M00402,2024-05-03T02:32:13.000+02:00,814.64,417.13,95.3,Night,453.5,CRYPTO,0,1,0,1,2,1
TX0027147,U03873,M00564,2025-07-24T23:55:05.000+02:00,812.69,542.96,49.68,Night,1889.13,CRYPTO,0,1,0,1,2,1
TX0046163,U08635,M00036,2024-09-07T00:13:16.000+02:00,811.53,153.68,428.06,Night,349.65,PAYPAL,1,1,0,0,2,1
TX0011663,U08659,M00339,2025-01-18T22:27:47.000+01:00,809.91,386.58,109.51,Night,1942.93,CRYPTO,0,1,0,1,2,1
TX0004673,U08924,M00345,2024-08-31T10:14:59.000+02:00,808.28,331.59,143.76,Morning,3.1,CRYPTO,0,0,1,1,2,1
TX0040040,U09943,M00507,2024-10-18T04:08:33.000+02:00,808.21,222.2,263.73,Night,7460.43,CRYPTO,0,1,0,1,2,1
TX0004181,U01062,M00545,2025-04-20T01:15:16.000+02:00,806.92,996.0,-18.98,Night,5918.55,CRYPTO,0,1,0,1,2,1
TX0036181,U07756,M00442,2024-07-29T02:55:37.000+02:00,805.99,596.52,35.12,Night,124961.87,CRYPTO,0,1,0,1,2,1
TX0098827,U01260,M00094,2025-07-13T03:02:45.000+02:00,805.76,409.2,96.91,Night,2.48,CRYPTO,0,1,1,1,3,1
TX0107796,U09044,M00474,2024-12-11T23:14:43.000+01:00,805.39,265.86,202.93,Night,930.17,CRYPTO,0,1,0,1,2,1
TX0109909,U01521,M00190,2025-05-20T22:19:09.000+02:00,804.12,331.04,142.91,Night,26397.32,CRYPTO,0,1,0,1,2,1
TX0098607,U01875,M00196,2024-11-20T01:03:15.000+01:00,803.13,129.52,520.1,Night,8107.77,PAYPAL,1,1,0,0,2,1
TX0071590,U03908,M00449,2024-09-26T23:02:08.000+02:00,801.95,245.97,226.04,Night,741.85,CRYPTO,0,1,0,1,2,1
TX0114204,U00308,M00442,2025-06-16T23:14:01.000+02:00,800.1,191.3,318.25,Night,1948.0,CASH,1,1,0,0,2,1
TX0087886,U10963,M00352,2025-02-17T22:23:50.000+01:00,799.37,241.74,230.68,Night,6697.15,CRYPTO,0,1,0,1,2,1
TX0072857,U10478,M00564,2025-12-26T23:41:58.000+01:00,794.79,119.49,565.16,Night,8864.77,PAYPAL,1,1,0,0,2,1
TX0026331,U09295,M00025,2025-06-29T23:52:36.000+02:00,794.75,345.5,130.03,Night,721.78,CRYPTO,0,1,0,1,2,1
TX0105608,U10750,M00258,2025-10-21T23:25:07.000+02:00,793.41,447.97,77.11,Night,21674.65,CRYPTO,0,1,0,1,2,1
TX0043699,U11195,M00237,2024-03-13T01:27:59.000+01:00,792.95,344.2,130.38,Night,3622.63,CRYPTO,0,1,0,1,2,1
TX0133416,U08549,M00460,2024-01-28T19:58:29.000+01:00,791.82,178.89,342.64,Evening,7351.48,CRYPTO,1,0,0,1,2,1
TX0037934,U10621,M00377,2025-09-23T04:18:08.000+02:00,791.81,459.3,72.4,Night,6443.9,CRYPTO,0,1,0,1,2,1
TX0105858,U05022,M00557,2024-12-27T22:37:45.000+01:00,791.42,302.08,161.99,Night,3329.17,CRYPTO,0,1,0,1,2,1
TX0130196,U07982,M00561,2025-10-22T01:01:51.000+02:00,790.61,344.33,129.61,Night,29109.83,CRYPTO,0,1,0,1,2,1
TX0090683,U08490,M00069,2024-07-21T02:10:11.000+02:00,784.63,164.12,378.08,Night,935.35,CARD,1,1,0,0,2,1
TX0095029,U08662,M00352,2024-09-08T20:00:28.000+02:00,784.22,165.04,375.18,Evening,1959.25,CRYPTO,1,0,0,1,2,1
TX0034020,U07346,M00278,2024-06-20T23:52:47.000+02:00,783.5,169.16,363.17,Night,20822.22,BANK_TRANSFER,1,1,0,0,2,1
TX0131364,U04925,M00575,2024-10-08T02:49:20.000+02:00,782.53,730.58,7.11,Night,12749.92,CRYPTO,0,1,0,1,2,1
TX0104317,U05754,M00346,2024-01-21T02:27:39.000+01:00,781.34,239.35,226.44,Night,,CRYPTO,0,1,0,1,2,1
TX0080797,U05451,M00264,2025-06-05T22:42:35.000+02:00,780.73,540.58,44.42,Night,378.52,CRYPTO,0,1,0,1,2,1
TX0087384,U02233,M00420,2024-02-26T03:36:52.000+01:00,780.5,456.34,71.03,Night,29367.2,CRYPTO,0,1,0,1,2,1
TX0006972,U05573,M00551,2025-03-08T02:05:32.000+01:00,777.71,247.98,213.62,Night,264046.4,CRYPTO,0,1,0,1,2,1
TX0020312,U09666,M00313,2024-10-09T23:48:30.000+02:00,777.23,1065.24,-27.04,Night,177.27,CRYPTO,0,1,0,1,2,1
TX0005036,U09614,M00557,2024-09-30T00:25:45.000+02:00,775.35,409.12,89.52,Night,806.75,CRYPTO,0,1,0,1,2,1
TX0033840,U07785,M00415,2024-11-16T23:27:28.000+01:00,775.13,846.54,-8.44,Night,8644.98,CRYPTO,0,1,0,1,2,1
TX0057672,U05026,M00564,2024-07-05T22:25:54.000+02:00,774.69,544.72,42.22,Night,1310.25,CRYPTO,0,1,0,1,2,1
TX0036947,U01268,M00343,2025-02-25T03:01:11.000+01:00,773.91,291.47,165.52,Night,4.03,PAYPAL,0,1,1,0,2,1
TX0023299,U00796,M00259,2025-01-10T13:21:46.000+01:00,773.81,146.85,426.92,Afternoon,1.47,CRYPTO,1,0,1,1,3,1
TX0102540,U02196,M00374,2025-05-04T02:14:42.000+02:00,772.49,846.61,-8.75,Night,,CRYPTO,0,1,0,1,2,1
TX0026191,U09610,M00026,2025-04-28T23:35:49.000+02:00,771.83,288.49,167.54,Night,191.4,CRYPTO,0,1,0,1,2,1
TX0050965,U07543,M00004,2024-09-01T02:21:14.000+02:00,771.72,159.86,382.75,Night,19950.57,BANK_TRANSFER,1,1,0,0,2,1
TX0053196,U01735,M00598,2024-04-03T22:22:21.000+02:00,771.45,193.38,298.92,Night,3353.93,CRYPTO,0,1,0,1,2,1
TX0103696,U10828,M00012,2024-09-15T03:02:23.000+02:00,771.23,387.9,98.82,Night,3933.38,CRYPTO,0,1,0,1,2,1
TX0120344,U07872,M00426,2025-12-09T03:44:02.000+01:00,770.52,328.72,134.4,Night,761476.57,CRYPTO,0,1,0,1,2,1
TX0089419,U03011,M00388,2024-01-18T05:17:02.000+01:00,770.47,325.56,136.66,Night,6538.27,CRYPTO,0,1,0,1,2,1
TX0088333,U00794,M00519,2025-12-19T23:42:11.000+01:00,769.08,357.73,114.99,Night,4.02,CARD,0,1,1,0,2,1
TX0094667,U99779,M00264,2024-06-12T23:58:16.000+02:00,766.12,766.12,0.0,Night,,CRYPTO,0,1,0,1,2,1
TX0012638,U11974,M00128,2025-10-26T02:43:57.000+02:00,765.86,596.19,28.46,Night,13480.68,CRYPTO,0,1,0,1,2,1
TX0003527,U02888,M00335,2024-09-17T07:26:21.000+02:00,765.71,98.51,677.26,Morning,3591.63,CRYPTO,1,0,0,1,2,1
TX0006433,U01303,M00133,2025-07-14T04:04:24.000+02:00,765.52,309.8,147.1,Night,17815.55,CRYPTO,0,1,0,1,2,1
TX0005238,U08383,M00487,2025-11-30T00:18:21.000+01:00,764.73,397.98,92.15,Night,3717.23,CRYPTO,0,1,0,1,2,1
TX0078583,U03153,M00041,2024-05-20T22:07:10.000+02:00,761.32,189.94,300.83,Night,4580.87,CARD,1,1,0,0,2,1
TX0002062,U08271,M00352,2025-02-25T22:09:26.000+01:00,761.28,296.51,156.74,Night,10876.67,CRYPTO,0,1,0,1,2,1
TX0131642,U11318,M00462,2025-05-03T22:25:35.000+02:00,761.02,211.55,259.74,Night,887.13,CRYPTO,0,1,0,1,2,1
TX0031283,U07230,M00064,2025-12-16T03:41:19.000+01:00,760.18,124.47,510.72,Night,742.42,CARD,1,1,0,0,2,1
TX0029478,U00042,M00533,2025-11-11T23:16:32.000+01:00,759.56,151.98,399.79,Night,330.2,CRYPTO,1,1,0,1,3,1
TX0120753,U09131,M00101,2024-06-21T22:15:46.000+02:00,754.8,178.25,323.45,Night,14516.57,CASH,1,1,0,0,2,1
TX0078883,U00300,M00111,2025-07-11T04:06:32.000+02:00,750.08,293.13,155.89,Night,336306.97,CRYPTO,0,1,0,1,2,1
TX0037075,U03712,M00194,2024-04-21T22:02:24.000+02:00,750.03,231.8,223.57,Night,278.03,CRYPTO,0,1,0,1,2,1
TX0026687,U11645,M00095,2024-04-11T01:30:29.000+02:00,749.97,200.7,273.68,Night,4724.23,CRYPTO,0,1,0,1,2,1
TX0083357,U05343,M00460,2024-05-07T22:12:40.000+02:00,749.83,208.61,259.43,Night,190.98,CRYPTO,0,1,0,1,2,1
TX0107447,U10302,M00431,2025-10-08T22:00:30.000+02:00,749.82,315.3,137.81,Night,570.83,CRYPTO,0,1,0,1,2,1
TX0128684,U01287,M00374,2025-04-21T02:50:17.000+02:00,749.21,408.28,83.51,Night,9567.2,CRYPTO,0,1,0,1,2,1
TX0103224,U04172,M00216,2025-11-30T03:38:25.000+01:00,745.31,172.57,331.89,Night,9527.32,CARD,1,1,0,0,2,1
TX0068781,U11811,M00561,2025-01-18T18:33:33.000+01:00,745.12,122.05,510.52,Evening,13455.27,CRYPTO,1,0,0,1,2,1
TX0046574,U11649,M00074,2025-07-28T03:32:36.000+02:00,743.54,259.99,185.98,Night,22538.47,CRYPTO,0,1,0,1,2,1
TX0132949,U02706,M00514,2025-05-26T01:32:50.000+02:00,742.56,271.44,173.57,Night,3229.13,CRYPTO,0,1,0,1,2,1
TX0084502,U01133,M00101,2024-12-23T23:43:00.000+01:00,742.34,179.57,313.4,Night,6232.58,CASH,1,1,0,0,2,1
TX0119941,U09859,M00420,2025-05-16T22:26:51.000+02:00,739.66,700.78,5.55,Night,251.75,CRYPTO,0,1,0,1,2,1
TX0082958,U02134,M00018,2025-07-14T03:24:34.000+02:00,738.21,181.81,306.03,Night,8922.33,CARD,1,1,0,0,2,1
TX0067804,U08073,M00167,2025-06-09T04:46:05.000+02:00,735.95,778.06,-5.41,Night,67270.88,CRYPTO,0,1,0,1,2,1
TX0070212,U01383,M00137,2025-02-06T23:10:46.000+01:00,734.48,448.2,63.87,Night,8246.83,CRYPTO,0,1,0,1,2,1
TX0132810,U04882,M00171,2024-03-14T04:15:23.000+01:00,731.83,309.09,136.77,Night,1.47,CASH,0,1,1,0,2,1
TX0016059,U09461,M00442,2024-02-23T17:55:06.000+01:00,731.35,130.78,459.21,Afternoon,8425.12,CRYPTO,1,0,0,1,2,1
TX0065666,U06139,M00456,2025-03-15T02:06:00.000+01:00,727.38,176.75,311.53,Night,7819.05,CRYPTO,1,1,0,1,3,1
TX0031125,U07308,M00069,2025-03-31T05:20:50.000+02:00,727.3,528.2,37.69,Night,12537.13,CRYPTO,0,1,0,1,2,1
TX0071554,U00123,M00262,2025-09-08T03:18:55.000+02:00,726.24,726.24,0.0,Night,,CRYPTO,0,1,0,1,2,1
TX0115058,U00963,M00144,2024-09-06T23:57:21.000+02:00,726.23,418.23,73.64,Night,621.03,CRYPTO,0,1,0,1,2,1
TX0039816,U03616,M00284,2025-05-08T22:29:08.000+02:00,726.1,958.49,-24.25,Night,54743.33,CRYPTO,0,1,0,1,2,1
TX0090173,U11606,M00405,2025-09-24T22:50:42.000+02:00,725.29,190.92,279.9,Night,604.57,CRYPTO,0,1,0,1,2,1
TX0000446,U09926,M00249,2024-12-08T01:37:26.000+01:00,724.55,285.4,153.87,Night,54439.63,CRYPTO,0,1,0,1,2,1
TX0010150,U03307,M00198,2024-02-17T01:23:13.000+01:00,724.46,305.86,136.86,Night,15120.68,CRYPTO,0,1,0,1,2,1
TX0048960,U05915,M00544,2024-06-23T22:14:05.000+02:00,722.6,813.07,-11.13,Night,10705.25,CRYPTO,0,1,0,1,2,1
TX0040149,U11577,M00217,2024-04-11T15:39:32.000+02:00,720.75,279.2,158.15,Afternoon,3.12,CRYPTO,0,0,1,1,2,1
TX0090661,U02730,M00442,2024-07-17T19:19:01.000+02:00,720.01,123.76,481.76,Evening,31678.95,CRYPTO,1,0,0,1,2,1
TX0137189,U06682,M00064,2024-03-01T18:04:51.000+01:00,718.22,102.62,599.87,Evening,1926.55,CRYPTO,1,0,0,1,2,1
TX0057383,U11088,M00190,2025-09-27T04:40:53.000+02:00,716.87,584.42,22.66,Night,4153.52,CRYPTO,0,1,0,1,2,1
TX0020792,U05578,M00279,2024-12-15T01:10:45.000+01:00,716.58,546.1,31.22,Night,19358.7,CRYPTO,0,1,0,1,2,1
TX0073683,U07317,M00260,2025-10-15T23:42:15.000+02:00,715.77,153.74,365.56,Night,857.25,CRYPTO,1,1,0,1,3,1
TX0121878,U08873,M00268,2025-07-06T02:40:21.000+02:00,715.64,419.64,70.54,Night,3429.95,CRYPTO,0,1,0,1,2,1
TX0080617,U03273,M00552,2025-02-07T03:18:21.000+01:00,715.21,522.2,36.96,Night,3920.4,CRYPTO,0,1,0,1,2,1
TX0072472,U06800,M00275,2024-04-07T22:10:58.000+02:00,713.12,177.27,302.28,Night,62085.13,PAYPAL,1,1,0,0,2,1
TX0046051,U06139,M00225,2024-10-18T23:45:19.000+02:00,711.44,176.75,302.51,Night,9639.37,CRYPTO,1,1,0,1,3,1
TX0008988,U00638,M00105,2024-06-25T22:06:51.000+02:00,711.32,297.66,138.97,Night,15035.48,CRYPTO,0,1,0,1,2,1
TX0132538,U09176,M00186,2024-08-18T04:19:10.000+02:00,708.79,311.37,127.64,Night,96.23,CRYPTO,0,1,0,1,2,1
TX0015289,U10422,M00283,2025-04-13T22:08:08.000+02:00,708.78,173.02,309.65,Night,3495.53,BANK_TRANSFER,1,1,0,0,2,1
TX0089124,U09081,M00474,2025-03-26T03:30:17.000+01:00,704.95,115.32,511.3,Night,8113.53,CRYPTO,1,1,0,1,3,1
TX0105602,U01189,M00496,2025-03-31T02:14:32.000+02:00,704.47,320.05,120.11,Night,4951.33,CRYPTO,0,1,0,1,2,1
TX0071504,U09998,M00526,2024-05-28T15:46:55.000+02:00,703.6,165.95,323.98,Afternoon,4.73,CRYPTO,1,0,1,1,3,1
TX0135932,U09091,M00323,2024-06-29T02:55:38.000+02:00,701.87,217.79,222.27,Night,25021.47,CRYPTO,0,1,0,1,2,1
TX0085160,U08648,M00283,2024-03-02T23:31:29.000+01:00,701.51,499.88,40.34,Night,1992.68,CRYPTO,0,1,0,1,2,1
TX0107909,U04112,M00192,2025-10-19T02:46:17.000+02:00,700.84,619.17,13.19,Night,8576.0,CRYPTO,0,1,0,1,2,1
TX0000395,U01899,M00199,2025-01-10T22:25:49.000+01:00,700.04,149.77,367.4,Night,201989.5,PAYPAL,1,1,0,0,2,1
TX0043401,U04253,M00097,2024-12-13T04:35:11.000+01:00,699.68,240.28,191.19,Night,4973.47,CRYPTO,0,1,0,1,2,1
TX0042244,U08431,M00185,2025-01-18T23:39:47.000+01:00,697.8,309.85,125.2,Night,316.73,CRYPTO,0,1,0,1,2,1
TX0058142,U05768,M00190,2024-10-25T23:05:49.000+02:00,697.45,272.84,155.63,Night,613.77,CRYPTO,0,1,0,1,2,1
TX0049883,U02120,M00167,2024-01-03T22:26:19.000+01:00,697.34,165.89,320.37,Night,,PAYPAL,1,1,0,0,2,1
TX0043480,U04280,M00408,2025-02-05T03:34:32.000+01:00,696.44,535.92,29.95,Night,103.63,CRYPTO,0,1,0,1,2,1
TX0134230,U11956,M00485,2024-11-22T22:41:17.000+01:00,695.92,381.31,82.51,Night,9511.0,CRYPTO,0,1,0,1,2,1
TX0106209,U04912,M00069,2024-12-10T10:31:32.000+01:00,695.06,150.39,362.17,Morning,103089.63,CRYPTO,1,0,0,1,2,1
TX0062275,U02220,M00192,2024-10-30T21:46:47.000+01:00,694.91,161.55,330.15,Evening,8682.0,CRYPTO,1,0,0,1,2,1
TX0103421,U04667,M00597,2024-12-31T00:16:59.000+01:00,693.9,552.1,25.68,Night,6192.7,CRYPTO,0,1,0,1,2,1
TX0115710,U04772,M00262,2024-06-25T23:41:23.000+02:00,693.22,1363.0,-49.14,Night,1060.0,CRYPTO,0,1,0,1,2,1
TX0101632,U06317,M00531,2025-04-04T23:33:26.000+02:00,693.14,776.52,-10.74,Night,9056.05,CRYPTO,0,1,0,1,2,1
TX0041258,U03892,M00069,2024-09-20T02:55:54.000+02:00,692.16,498.23,38.92,Night,922.78,CRYPTO,0,1,0,1,2,1
TX0100947,U06924,M00507,2024-08-02T23:36:30.000+02:00,692.14,521.01,32.85,Night,239.52,CRYPTO,0,1,0,1,2,1
TX0036615,U07054,M00537,2025-09-06T04:37:15.000+02:00,690.38,319.04,116.4,Night,58228.2,CRYPTO,0,1,0,1,2,1
TX0012973,U05171,M00395,2024-07-11T22:48:00.000+02:00,687.51,368.0,86.83,Night,5998.93,CRYPTO,0,1,0,1,2,1
TX0106419,U07453,M00390,2025-12-08T00:37:17.000+01:00,685.62,159.67,329.41,Night,65729.05,CARD,1,1,0,0,2,1
TX0063276,U05358,M00529,2025-11-16T18:51:43.000+01:00,683.44,142.93,378.16,Evening,11341.18,CRYPTO,1,0,0,1,2,1
TX0020237,U11262,M00101,2025-03-06T04:44:30.000+01:00,683.22,608.7,12.24,Night,689.85,CRYPTO,0,1,0,1,2,1
TX0054771,U03422,M00414,2024-04-14T03:49:26.000+02:00,682.92,701.39,-2.63,Night,2113.03,CRYPTO,0,1,0,1,2,1
TX0061150,U00260,M00471,2024-12-28T00:52:31.000+01:00,677.46,148.92,354.9,Night,6042.23,CARD,1,1,0,0,2,1
TX0037867,U11148,M00538,2024-06-08T01:49:15.000+02:00,674.38,365.62,84.45,Night,88841.53,CRYPTO,0,1,0,1,2,1
TX0089043,U05447,M00094,2024-04-30T00:37:41.000+02:00,671.84,157.4,326.83,Night,12055.18,CARD,1,1,0,0,2,1
TX0043347,U06214,M00554,2025-02-02T03:21:50.000+01:00,671.11,549.61,22.11,Night,1959.17,CRYPTO,0,1,0,1,2,1
TX0054223,U06585,M00572,2024-04-04T22:55:37.000+02:00,670.37,481.44,39.24,Night,144.38,CRYPTO,0,1,0,1,2,1
TX0052927,U06416,M00473,2025-11-04T01:35:25.000+01:00,669.98,141.3,374.17,Night,79713.48,PAYPAL,1,1,0,0,2,1
TX0053231,U08159,M00596,2024-06-15T22:20:15.000+02:00,665.27,158.15,320.66,Night,6510.22,PAYPAL,1,1,0,0,2,1
TX0137090,U07602,M00105,2024-04-23T04:27:24.000+02:00,663.96,93.5,610.15,Night,44151.03,CRYPTO,1,1,0,1,3,1
TX0014019,U05014,M00448,2024-11-15T17:08:58.000+01:00,661.47,158.3,317.85,Afternoon,14703.55,CRYPTO,1,0,0,1,2,1
TX0040219,U10312,M00076,2024-11-17T22:06:06.000+01:00,661.23,250.0,164.49,Night,667.17,CRYPTO,0,1,0,1,2,1
TX0026727,U09092,M00349,2024-08-23T02:51:48.000+02:00,661.13,284.81,132.13,Night,5135.37,CRYPTO,0,1,0,1,2,1
TX0127445,U05200,M00445,2025-06-03T04:05:00.000+02:00,660.71,701.27,-5.78,Night,51133.03,CRYPTO,0,1,0,1,2,1
TX0099540,U06248,M00593,2024-02-21T18:35:03.000+01:00,658.48,96.13,584.96,Evening,12542.25,CRYPTO,1,0,0,1,2,1
TX0003974,U04417,M00114,2024-04-11T05:36:37.000+02:00,658.15,464.11,41.81,Night,572.75,CRYPTO,0,1,0,1,2,1
TX0080595,U06065,M00244,2025-05-21T23:35:13.000+02:00,658.1,473.55,38.97,Night,3132.45,CRYPTO,0,1,0,1,2,1
TX0126529,U07452,M00583,2025-11-28T04:14:10.000+01:00,654.15,361.92,80.75,Night,17104.18,CRYPTO,0,1,0,1,2,1
TX0011958,U08579,M00310,2024-11-29T07:59:02.000+01:00,653.86,403.7,61.97,Morning,3.7,CRYPTO,0,0,1,1,2,1
TX0033664,U04241,M00142,2024-04-29T01:23:46.000+02:00,652.59,812.2,-19.65,Night,3495.07,CRYPTO,0,1,0,1,2,1
TX0137871,U08968,M00323,2025-02-17T01:59:13.000+01:00,652.35,243.29,168.14,Night,764.48,CRYPTO,0,1,0,1,2,1
TX0027329,U05201,M00276,2025-08-23T02:33:00.000+02:00,650.3,305.51,112.86,Night,1786.53,CRYPTO,0,1,0,1,2,1
TX0137056,U04976,M00473,2024-06-15T03:46:49.000+02:00,646.88,141.27,357.91,Night,437.35,CASH,1,1,0,0,2,1
TX0124639,U03526,M00572,2024-08-08T05:37:00.000+02:00,645.8,220.39,193.03,Night,2.57,CRYPTO,0,1,1,1,3,1
TX0089578,U00260,M00274,2024-10-22T07:11:50.000+02:00,645.15,148.92,333.21,Morning,9854.03,CRYPTO,1,0,0,1,2,1
TX0123753,U04587,M00255,2025-05-28T05:42:37.000+02:00,644.06,569.46,13.1,Night,10594.47,CRYPTO,0,1,0,1,2,1
TX0037179,U04698,M00435,2024-05-28T03:51:11.000+02:00,642.7,195.69,228.42,Night,3474.73,CRYPTO,0,1,0,1,2,1
TX0117994,U06182,M00291,2025-07-15T03:14:18.000+02:00,642.6,622.72,3.19,Night,4044.58,CRYPTO,0,1,0,1,2,1
TX0032602,U10774,M00016,2025-08-13T23:47:42.000+02:00,641.12,1076.19,-40.43,Night,62.95,CRYPTO,0,1,0,1,2,1
TX0122919,U08481,M00040,2025-10-14T00:50:22.000+02:00,638.95,226.49,182.11,Night,111524.62,CRYPTO,0,1,0,1,2,1
TX0107572,U00021,M00009,2025-08-16T03:50:04.000+02:00,637.5,331.96,92.04,Night,4378.78,CRYPTO,0,1,0,1,2,1
TX0112789,U04282,M00473,2024-08-19T01:17:25.000+02:00,636.28,503.27,26.43,Night,445.72,CRYPTO,0,1,0,1,2,1
TX0120777,U09389,M00352,2025-02-28T22:43:00.000+01:00,636.02,476.61,33.45,Night,9050.85,CRYPTO,0,1,0,1,2,1
TX0119964,U04931,M00071,2024-04-30T19:44:44.000+02:00,633.3,107.68,488.11,Evening,9144.2,CRYPTO,1,0,0,1,2,1
TX0022364,U00395,M00145,2024-07-16T02:37:41.000+02:00,631.51,369.55,70.89,Night,10710.85,CRYPTO,0,1,0,1,2,1
TX0013082,U06073,M00281,2024-12-02T23:59:32.000+01:00,622.68,583.83,6.65,Night,0.13,CRYPTO,0,1,1,1,3,1
TX0045977,U05021,M00374,2025-06-08T22:20:16.000+02:00,621.04,350.36,77.26,Night,,CRYPTO,0,1,0,1,2,1
TX0022893,U09260,M00524,2024-10-29T01:06:41.000+01:00,620.05,964.06,-35.68,Night,2746.55,CRYPTO,0,1,0,1,2,1
TX0109912,U09999,M00443,2025-04-19T22:27:51.000+02:00,619.9,411.21,50.75,Night,283.87,CRYPTO,0,1,0,1,2,1
TX0109937,U03193,M00013,2024-11-15T01:31:35.000+01:00,617.59,267.34,131.01,Night,40934.7,CRYPTO,0,1,0,1,2,1
TX0109363,U09559,M00046,2024-05-19T04:27:52.000+02:00,617.21,663.6,-6.99,Night,13360.57,CRYPTO,0,1,0,1,2,1
TX0002622,U07190,M00484,2025-04-16T07:07:20.000+02:00,616.22,154.01,300.12,Morning,67413.43,CRYPTO,1,0,0,1,2,1
TX0077128,U01298,M00440,2024-10-12T01:38:25.000+02:00,613.44,428.56,43.14,Night,476.55,CRYPTO,0,1,0,1,2,1
TX0013267,U04577,M00182,2024-09-17T15:38:15.000+02:00,608.83,461.94,31.8,Afternoon,4.22,CRYPTO,0,0,1,1,2,1
TX0043126,U05949,M00327,2025-05-06T03:37:21.000+02:00,608.64,414.18,46.95,Night,3634.3,CRYPTO,0,1,0,1,2,1
TX0080276,U00434,M00360,2025-08-16T23:32:07.000+02:00,604.85,139.99,332.08,Night,7308.7,CRYPTO,1,1,0,1,3,1
TX0074639,U07394,M00416,2024-03-30T23:43:19.000+01:00,603.26,342.05,76.36,Night,3667.1,CRYPTO,0,1,0,1,2,1
TX0023496,U02476,M00006,2024-11-20T23:35:05.000+01:00,602.73,566.63,6.37,Night,5189.5,CRYPTO,0,1,0,1,2,1
TX0048055,U11742,M00256,2025-02-28T02:23:08.000+01:00,602.55,260.6,131.22,Night,1.8,BANK_TRANSFER,0,1,1,0,2,1
TX0057631,U06337,M00502,2025-08-14T23:11:06.000+02:00,602.42,548.38,9.85,Night,49354.53,CRYPTO,0,1,0,1,2,1
TX0007261,U09191,M00320,2024-02-16T17:27:20.000+01:00,598.69,287.24,108.43,Afternoon,1.63,CRYPTO,0,0,1,1,2,1
TX0117230,U03573,M00162,2024-03-22T21:39:14.000+01:00,598.07,348.13,71.8,Evening,1.48,CRYPTO,0,0,1,1,2,1
TX0123501,U09990,M00006,2025-04-20T23:03:46.000+02:00,597.36,550.41,8.53,Night,11827.62,CRYPTO,0,1,0,1,2,1
TX0127113,U03250,M00172,2024-11-26T05:31:42.000+01:00,595.23,282.67,110.57,Night,5406.12,CRYPTO,0,1,0,1,2,1
TX0088167,U04698,M00558,2024-02-09T01:31:32.000+01:00,595.21,195.69,204.15,Night,3349.12,CRYPTO,0,1,0,1,2,1
TX0117273,U02197,M00055,2025-10-27T22:58:50.000+01:00,595.2,139.51,326.62,Night,1204.85,CRYPTO,1,1,0,1,3,1
TX0106467,U03479,M00096,2024-11-20T02:30:12.000+01:00,595.06,357.91,66.26,Night,856.37,CRYPTO,0,1,0,1,2,1
TX0013609,U00552,M00142,2025-07-18T04:16:02.000+02:00,594.29,474.37,25.28,Night,186.35,CRYPTO,0,1,0,1,2,1
TX0037373,U01993,M00411,2024-08-21T14:19:02.000+02:00,593.74,142.57,316.46,Afternoon,5918.37,CRYPTO,1,0,0,1,2,1
TX0065354,U03860,M00395,2025-03-11T23:57:07.000+01:00,593.47,336.87,76.17,Night,3314.3,CRYPTO,0,1,0,1,2,1
TX0093216,U04107,M00056,2025-10-03T22:27:17.000+02:00,593.43,350.02,69.54,Night,205.32,CRYPTO,0,1,0,1,2,1
TX0106728,U07108,M00281,2025-05-18T03:57:19.000+02:00,592.68,203.9,190.68,Night,26741.6,CRYPTO,0,1,0,1,2,1
TX0078769,U04236,M00274,2025-12-04T02:45:21.000+01:00,592.41,226.62,161.42,Night,2078.85,CRYPTO,0,1,0,1,2,1
TX0054107,U10877,M00209,2024-10-25T01:08:06.000+02:00,591.13,658.38,-10.21,Night,9511.42,CRYPTO,0,1,0,1,2,1
TX0090170,U10028,M00517,2024-05-08T22:24:29.000+02:00,589.52,211.99,178.08,Night,10782.12,CRYPTO,0,1,0,1,2,1
TX0092173,U10433,M00531,2025-05-23T22:40:12.000+02:00,588.87,134.85,336.69,Night,386525.18,CASH,1,1,0,0,2,1
TX0091972,U09627,M00578,2025-11-28T02:51:06.000+01:00,588.56,687.49,-14.39,Night,6500.95,CRYPTO,0,1,0,1,2,1
TX0109253,U06413,M00373,2024-10-18T08:47:12.000+02:00,588.48,205.82,185.92,Morning,4.1,CRYPTO,0,0,1,1,2,1
TX0040384,U06794,M00360,2025-08-14T00:40:11.000+02:00,583.33,605.55,-3.67,Night,65801.9,CRYPTO,0,1,0,1,2,1
TX0031490,U02664,M00337,2024-10-03T05:47:20.000+02:00,582.31,381.51,52.63,Night,100722.33,CRYPTO,0,1,0,1,2,1
TX0116795,U04693,M00264,2025-06-02T02:55:23.000+02:00,580.87,416.74,39.39,Night,6390.28,CRYPTO,0,1,0,1,2,1
TX0038505,U08405,M00036,2025-04-11T22:07:03.000+02:00,580.45,174.95,231.79,Night,,CRYPTO,0,1,0,1,2,1
TX0073200,U02086,M00554,2025-02-15T22:25:07.000+01:00,577.74,265.7,117.44,Night,3108.75,CRYPTO,0,1,0,1,2,1
TX0022038,U02591,M00005,2024-04-30T03:15:52.000+02:00,576.1,380.24,51.51,Night,5911.37,CRYPTO,0,1,0,1,2,1
TX0048967,U03330,M00106,2025-04-23T09:25:07.000+02:00,575.97,167.53,243.8,Morning,4.2,CRYPTO,0,0,1,1,2,1
TX0043653,U01423,M00375,2024-11-25T01:26:06.000+01:00,574.38,457.9,25.44,Night,3504.3,CRYPTO,0,1,0,1,2,1
TX0091289,U11021,M00050,2025-11-03T22:11:47.000+01:00,573.41,134.98,324.8,Night,51113.87,CRYPTO,1,1,0,1,3,1
TX0081742,U08463,M00419,2025-06-01T22:19:49.000+02:00,573.12,293.96,94.97,Night,141.78,CRYPTO,0,1,0,1,2,1
TX0133059,U02219,M00368,2024-08-24T00:38:25.000+02:00,572.97,459.21,24.77,Night,5153.93,CRYPTO,0,1,0,1,2,1
TX0054317,U04251,M98267,2024-11-13T04:03:51.000+01:00,572.1,250.3,128.57,Night,,CRYPTO,0,1,0,1,2,1
TX0084957,U01407,M00069,2024-10-20T06:27:13.000+02:00,571.4,116.73,389.49,Morning,662.15,CRYPTO,1,0,0,1,2,1
TX0065343,U10383,M00340,2024-04-09T05:37:50.000+02:00,570.99,119.43,378.09,Night,3597.33,CARD,1,1,0,0,2,1
TX0081423,U09474,M00443,2025-01-04T23:53:47.000+01:00,570.86,916.0,-37.68,Night,223.6,CRYPTO,0,1,0,1,2,1
TX0087592,U08117,M00555,2025-05-24T09:45:30.000+02:00,569.62,141.51,302.53,Morning,5188.05,CRYPTO,1,0,0,1,2,1
TX0016318,U04158,M00052,2024-11-18T04:25:50.000+01:00,568.67,274.87,106.89,Night,7277.18,CRYPTO,0,1,0,1,2,1
TX0079275,U08933,M00488,2024-06-09T22:11:26.000+02:00,565.48,311.47,81.55,Night,3164.35,CRYPTO,0,1,0,1,2,1
TX0074221,U00425,M00552,2024-08-10T02:30:48.000+02:00,565.19,194.89,190.0,Night,5.23,CRYPTO,0,1,0,1,2,1
TX0062585,U00922,M00061,2024-09-10T22:31:58.000+02:00,564.97,194.73,190.13,Night,735.93,CRYPTO,0,1,0,1,2,1
TX0027836,U08119,M00276,2025-07-23T00:35:47.000+02:00,564.15,213.68,164.02,Night,58010.02,CRYPTO,0,1,0,1,2,1
TX0116709,U10249,M00315,2025-07-09T22:06:46.000+02:00,562.01,131.35,327.86,Night,10.35,CARD,1,1,0,0,2,1
TX0113626,U01713,M00342,2024-08-13T01:44:13.000+02:00,561.03,523.11,7.25,Night,1065.67,CRYPTO,0,1,0,1,2,1
TX0129651,U00865,M00582,2024-03-27T04:17:39.000+01:00,559.51,473.41,18.19,Night,809.55,CRYPTO,0,1,0,1,2,1
TX0116488,U10395,M00227,2024-05-14T22:33:47.000+02:00,557.82,311.42,79.12,Night,162.32,CRYPTO,0,1,0,1,2,1
TX0031612,U00715,M00228,2025-07-30T23:56:31.000+02:00,557.15,670.39,-16.89,Night,1344.72,CRYPTO,0,1,0,1,2,1
TX0078414,U08703,M00362,2024-08-11T23:38:24.000+02:00,556.38,255.55,117.72,Night,3605.28,CRYPTO,0,1,0,1,2,1
TX0066222,U07682,M00190,2024-06-17T04:12:15.000+02:00,555.82,594.3,-6.47,Night,4980.77,CRYPTO,0,1,0,1,2,1
TX0047224,U10564,M00337,2024-03-12T22:21:29.000+01:00,554.19,136.06,307.31,Night,,CARD,1,1,0,0,2,1
TX0099248,U03247,M00444,2024-04-13T12:29:26.000+02:00,552.73,130.79,322.61,Afternoon,4753.85,CRYPTO,1,0,0,1,2,1
TX0011939,U01965,M00101,2025-04-23T03:40:57.000+02:00,552.66,513.99,7.52,Night,10592.53,CRYPTO,0,1,0,1,2,1
TX0048077,U10614,M00146,2024-06-02T05:21:02.000+02:00,549.36,1649.1,-66.69,Night,0.8,PAYPAL,0,1,1,0,2,1
TX0114143,U09867,M00091,2024-06-16T23:41:15.000+02:00,547.43,149.68,265.73,Night,855.27,CRYPTO,0,1,0,1,2,1
TX0018260,U09999,M00016,2025-07-25T02:50:16.000+02:00,547.01,411.21,33.03,Night,4789.3,CRYPTO,0,1,0,1,2,1
TX0101453,U05667,M00069,2025-04-10T11:52:11.000+02:00,546.19,71.62,662.57,Morning,104760.85,CRYPTO,1,0,0,1,2,1
TX0096375,U01515,M00364,2024-01-15T00:47:26.000+01:00,545.92,233.85,133.45,Night,12358.1,CRYPTO,0,1,0,1,2,1
TX0063018,U07232,M00185,2025-04-27T03:36:17.000+02:00,545.37,392.91,38.8,Night,16802.42,CRYPTO,0,1,0,1,2,1
TX0104807,U05636,M00008,2024-07-20T03:40:38.000+02:00,545.37,318.69,71.13,Night,20519.3,CRYPTO,0,1,0,1,2,1
TX0066674,U01712,M00086,2024-10-12T03:17:20.000+02:00,544.17,109.14,398.59,Night,370.35,CRYPTO,1,1,0,1,3,1
TX0137399,U04648,M00090,2024-03-09T02:15:02.000+01:00,543.75,808.61,-32.75,Night,7723.23,CRYPTO,0,1,0,1,2,1
TX0091126,U03764,M00304,2025-03-28T22:03:51.000+01:00,542.93,356.84,52.15,Night,1326.4,CRYPTO,0,1,0,1,2,1
TX0059392,U04162,M00310,2025-04-26T22:04:10.000+02:00,542.05,147.84,266.65,Night,1439.98,CRYPTO,0,1,0,1,2,1
TX0092609,U03467,M00047,2025-01-05T03:52:19.000+01:00,540.53,190.04,184.42,Night,12062.27,CRYPTO,0,1,0,1,2,1
TX0091221,U01834,M00092,2024-07-25T23:01:56.000+02:00,540.15,302.08,78.81,Night,10218.88,CRYPTO,0,1,0,1,2,1
TX0116918,U03374,M00364,2024-06-17T01:28:56.000+02:00,539.07,366.26,47.18,Night,0.93,CRYPTO,0,1,1,1,3,1
TX0043007,U05535,M00572,2024-07-04T22:57:34.000+02:00,537.74,427.06,25.92,Night,1973.6,CRYPTO,0,1,0,1,2,1
TX0109920,U11724,M00358,2025-05-02T22:53:26.000+02:00,537.36,360.76,48.95,Night,400.6,CRYPTO,0,1,0,1,2,1
TX0100990,U11282,M00572,2025-04-09T22:47:38.000+02:00,536.72,530.57,1.16,Night,114.43,CRYPTO,0,1,0,1,2,1
TX0132337,U01366,M00452,2025-08-15T03:17:50.000+02:00,536.51,175.49,205.72,Night,3437.22,CRYPTO,0,1,0,1,2,1
TX0111875,U07299,M90300,2025-04-24T05:08:58.000+02:00,535.4,109.47,389.08,Night,8024.53,PAYPAL,1,1,0,0,2,1
TX0091818,U03008,M00362,2024-12-10T15:34:56.000+01:00,534.23,100.88,429.56,Afternoon,1208.23,CRYPTO,1,0,0,1,2,1
TX0005320,U04253,M00176,2025-06-29T00:39:55.000+02:00,533.66,240.28,122.1,Night,4647.4,CRYPTO,0,1,0,1,2,1
TX0135702,U10527,M00218,2025-06-15T22:43:22.000+02:00,532.15,605.22,-12.07,Night,1250.13,CRYPTO,0,1,0,1,2,1
TX0029780,U02498,M00119,2024-06-07T22:34:04.000+02:00,531.73,320.98,65.66,Night,98.25,CRYPTO,0,1,0,1,2,1
TX0016650,U11650,M00362,2025-01-26T22:05:54.000+01:00,530.3,209.86,152.7,Night,423.52,CRYPTO,0,1,0,1,2,1
TX0060398,U10611,M00002,2024-11-11T02:18:24.000+01:00,529.37,681.2,-22.29,Night,36715.88,CRYPTO,0,1,0,1,2,1
TX0120212,U04234,M00166,2024-12-20T05:38:17.000+01:00,528.23,2712.14,-80.52,Night,16267.03,CRYPTO,0,1,0,1,2,1
TX0071212,U09865,M00533,2024-03-10T01:30:22.000+01:00,526.85,268.36,96.32,Night,2095.4,CRYPTO,0,1,0,1,2,1
TX0052994,U11885,M00203,2025-05-21T05:26:13.000+02:00,525.15,106.86,391.42,Night,5317.17,PAYPAL,1,1,0,0,2,1
TX0077921,U02107,M00171,2025-11-18T03:03:04.000+01:00,523.02,1040.3,-49.72,Night,14975.77,CRYPTO,0,1,0,1,2,1
TX0027968,U01327,M00433,2025-07-03T05:59:15.000+02:00,522.61,560.76,-6.8,Night,744.7,CRYPTO,0,1,0,1,2,1
TX0134445,U04130,M00082,2024-01-25T00:43:26.000+01:00,522.2,124.13,320.67,Night,920.93,CARD,1,1,0,0,2,1
TX0045686,U05958,M00525,2024-05-04T22:59:25.000+02:00,521.95,590.95,-11.68,Night,141226.55,CRYPTO,0,1,0,1,2,1
TX0113500,U10914,M00596,2024-09-23T21:05:19.000+02:00,519.37,117.35,342.58,Evening,761.03,CRYPTO,1,0,0,1,2,1
TX0060579,U07320,M00411,2025-10-14T01:39:30.000+02:00,518.03,330.93,56.54,Night,5236.05,CRYPTO,0,1,0,1,2,1
TX0005661,U02666,M00160,2024-08-16T05:46:05.000+02:00,517.43,123.06,320.46,Night,17776.22,CARD,1,1,0,0,2,1
TX0064152,U04753,M00442,2025-01-08T18:43:11.000+01:00,517.07,86.05,500.87,Evening,205.65,CRYPTO,1,0,0,1,2,1
TX0001249,U05312,M00220,2024-10-09T14:39:26.000+02:00,516.79,121.07,326.86,Afternoon,,CRYPTO,1,0,0,1,2,1
TX0067832,U00376,M00008,2025-08-22T00:28:06.000+02:00,516.39,621.96,-16.97,Night,6086.15,CRYPTO,0,1,0,1,2,1
TX0091092,U09363,M00580,2025-08-06T22:29:42.000+02:00,516.3,327.03,57.88,Night,6079.43,CRYPTO,0,1,0,1,2,1
TX0012207,U03860,M00463,2024-08-18T05:16:58.000+02:00,515.68,336.87,53.08,Night,594.65,CRYPTO,0,1,0,1,2,1
TX0014234,U05977,M00203,2025-04-02T01:54:52.000+02:00,514.62,121.15,324.77,Night,3354.55,PAYPAL,1,1,0,0,2,1
TX0136321,U06948,M00565,2025-01-08T02:31:28.000+01:00,513.9,163.64,214.04,Night,8889.58,CRYPTO,0,1,0,1,2,1
TX0116722,U03287,M00461,2025-04-01T23:31:28.000+02:00,513.35,915.63,-43.93,Night,48438.33,CRYPTO,0,1,0,1,2,1
TX0000119,U03111,M00340,2025-09-21T00:43:06.000+02:00,512.47,102.05,402.2,Night,24947.38,PAYPAL,1,1,0,0,2,1
TX0063442,U09396,M00058,2024-06-27T03:13:05.000+02:00,511.79,233.19,119.48,Night,4259.9,CRYPTO,0,1,0,1,2,1
TX0111123,U01576,M00318,2024-06-18T22:56:04.000+02:00,510.97,174.85,192.24,Night,560.12,CRYPTO,0,1,0,1,2,1
TX0068961,U00431,M00203,2025-12-06T01:30:12.000+01:00,510.6,119.92,325.78,Night,151949.7,CARD,1,1,0,0,2,1
TX0006473,U10744,M00399,2025-09-18T00:34:55.000+02:00,508.89,191.26,166.08,Night,9044.48,CRYPTO,0,1,0,1,2,1
TX0092424,U06214,M00451,2025-01-27T05:55:37.000+01:00,508.24,549.61,-7.53,Night,2677.9,CRYPTO,0,1,0,1,2,1
TX0045748,U01045,M00595,2024-11-28T02:48:04.000+01:00,503.45,175.42,187.0,Night,3855.42,CRYPTO,0,1,0,1,2,1
TX0034643,U10728,M00552,2024-05-13T22:29:34.000+02:00,502.22,1119.55,-55.14,Night,1112.75,CRYPTO,0,1,0,1,2,1
TX0092095,U09506,M00573,2025-07-09T00:00:20.000+02:00,500.1,271.09,84.48,Night,5112.68,CRYPTO,0,1,0,1,2,1
TX0060807,U07717,M00449,2024-09-05T23:09:03.000+02:00,499.01,190.93,161.36,Night,4.37,BANK_TRANSFER,0,1,1,0,2,1
TX0074350,U05593,M00539,2024-09-30T23:37:15.000+02:00,499.01,193.58,157.77,Night,5202.23,CRYPTO,0,1,0,1,2,1
TX0078350,U03714,M00220,2024-07-09T10:06:46.000+02:00,498.96,235.99,111.44,Morning,1.85,CRYPTO,0,0,1,1,2,1
TX0051200,U04295,M00323,2024-04-07T23:09:24.000+02:00,498.74,481.84,3.51,Night,313.32,CRYPTO,0,1,0,1,2,1
TX0103780,U05169,M00223,2025-08-19T22:58:33.000+02:00,497.93,813.89,-38.82,Night,4496.57,CRYPTO,0,1,0,1,2,1
TX0115307,U01228,M00278,2024-06-18T23:23:46.000+02:00,495.07,525.09,-5.72,Night,,CRYPTO,0,1,0,1,2,1
TX0132667,U04925,M00383,2025-01-30T04:16:30.000+01:00,493.66,730.58,-32.43,Night,1031.95,CRYPTO,0,1,0,1,2,1
TX0069527,U10056,M00137,2025-08-17T12:31:40.000+02:00,491.23,362.01,35.7,Afternoon,2.23,CRYPTO,0,0,1,1,2,1
TX0041400,U05855,M00391,2025-06-23T02:09:38.000+02:00,489.23,203.5,140.4,Night,10726.23,CRYPTO,0,1,0,1,2,1
TX0079902,U08460,M00484,2024-04-08T23:40:53.000+02:00,488.83,297.55,64.29,Night,4500.13,CRYPTO,0,1,0,1,2,1
TX0061016,U01381,M00195,2025-11-16T22:26:45.000+01:00,484.67,517.74,-6.39,Night,17772.53,CRYPTO,0,1,0,1,2,1
TX0094666,U07788,M00164,2024-11-24T22:17:06.000+01:00,484.15,853.68,-43.29,Night,4520.58,CRYPTO,0,1,0,1,2,1
TX0006444,U00670,M00428,2025-10-18T01:50:09.000+02:00,483.31,764.01,-36.74,Night,8793.07,CRYPTO,0,1,0,1,2,1
TX0013910,U06229,M00586,2024-10-08T02:58:28.000+02:00,483.16,388.87,24.25,Night,8981.6,CRYPTO,0,1,0,1,2,1
TX0099249,U06037,M00088,2025-02-06T00:20:11.000+01:00,482.15,196.47,145.4,Night,5895.25,CRYPTO,0,1,0,1,2,1
TX0057236,U06544,M00383,2025-10-12T05:27:22.000+02:00,481.73,399.13,20.7,Night,792.73,CRYPTO,0,1,0,1,2,1
TX0096362,U01505,M00447,2025-04-10T01:18:17.000+02:00,480.86,711.87,-32.45,Night,59.88,CRYPTO,0,1,0,1,2,1
TX0075770,U02712,M00346,2024-04-29T23:04:19.000+02:00,480.73,450.36,6.74,Night,976.25,CRYPTO,0,1,0,1,2,1
TX0033834,U06236,M00096,2025-04-17T23:05:04.000+02:00,480.06,228.35,110.23,Night,556.7,CRYPTO,0,1,0,1,2,1
TX0005230,U11411,M00461,2024-03-16T03:28:31.000+01:00,479.72,247.26,94.02,Night,10665.58,CRYPTO,0,1,0,1,2,1
TX0117285,U11296,M00576,2025-09-17T23:54:20.000+02:00,478.04,174.68,173.66,Night,994.15,CRYPTO,0,1,0,1,2,1
TX0097911,U00376,M00057,2024-07-03T22:47:18.000+02:00,476.41,621.96,-23.4,Night,3217.27,CRYPTO,0,1,0,1,2,1
TX0059735,U09346,M00142,2024-09-11T03:59:56.000+02:00,476.09,493.98,-3.62,Night,2283.18,CRYPTO,0,1,0,1,2,1
TX0096206,U08659,M00397,2025-07-31T01:42:21.000+02:00,475.27,386.58,22.94,Night,6147.32,CRYPTO,0,1,0,1,2,1
TX0037032,U08863,M00139,2025-01-29T23:45:25.000+01:00,474.41,230.97,105.4,Night,0.8,CASH,0,1,1,0,2,1
TX0003694,U01983,M00098,2024-07-31T04:31:25.000+02:00,473.55,373.6,26.75,Night,5366.75,CRYPTO,0,1,0,1,2,1
TX0098742,U05312,M00245,2025-05-22T02:15:52.000+02:00,473.42,121.07,291.04,Night,18170.87,CRYPTO,0,1,0,1,2,1
TX0027489,U03948,M00022,2025-08-30T03:33:09.000+02:00,472.82,450.05,5.06,Night,5356.67,CRYPTO,0,1,0,1,2,1
TX0026834,U07245,M00216,2025-03-25T23:12:01.000+01:00,468.97,719.71,-34.84,Night,20975.82,CRYPTO,0,1,0,1,2,1
TX0052164,U03675,M00397,2024-05-11T02:34:38.000+02:00,467.15,150.52,210.36,Night,3234.05,CRYPTO,0,1,0,1,2,1
TX0098948,U11514,M00316,2025-03-12T04:08:36.000+01:00,466.97,628.53,-25.7,Night,12532.48,CRYPTO,0,1,0,1,2,1
TX0137230,U07079,M00262,2024-12-07T18:04:14.000+01:00,466.85,109.53,326.22,Evening,5799.42,CRYPTO,1,0,0,1,2,1
TX0059953,U06214,M00368,2025-01-13T01:57:32.000+01:00,466.42,549.61,-15.14,Night,103657.9,CRYPTO,0,1,0,1,2,1
TX0068423,U07021,M00078,2024-10-30T22:59:36.000+01:00,466.1,445.92,4.53,Night,42554.65,CRYPTO,0,1,0,1,2,1
TX0084188,U05908,M00036,2025-02-17T22:47:06.000+01:00,465.22,568.82,-18.21,Night,10328.42,CRYPTO,0,1,0,1,2,1
TX0106807,U11254,M00310,2024-03-06T00:53:00.000+01:00,465.19,534.15,-12.91,Night,,CRYPTO,0,1,0,1,2,1
TX0098670,U11605,M00458,2024-11-05T02:32:51.000+01:00,464.07,106.71,334.88,Night,95207.57,CARD,1,1,0,0,2,1
TX0038572,U11820,M00069,2025-08-17T22:13:54.000+02:00,463.2,964.82,-51.99,Night,603.08,CRYPTO,0,1,0,1,2,1
TX0070261,U07009,M00227,2024-05-18T22:50:15.000+02:00,461.74,546.78,-15.55,Night,16498.88,CRYPTO,0,1,0,1,2,1
TX0083074,U04462,M00281,2025-04-07T01:38:12.000+02:00,460.65,572.45,-19.53,Night,7439.47,CRYPTO,0,1,0,1,2,1
TX0119441,U09086,M00526,2025-12-29T22:22:26.000+01:00,459.31,242.2,89.64,Night,1.78,CARD,0,1,1,0,2,1
TX0060081,U10708,M00220,2025-04-12T05:57:21.000+02:00,459.29,217.62,111.05,Night,206471.22,CRYPTO,0,1,0,1,2,1
TX0030771,U09280,M00590,2025-08-08T23:41:07.000+02:00,457.52,214.75,113.05,Night,131.18,CRYPTO,0,1,0,1,2,1
TX0051994,U01939,M00089,2024-02-12T02:44:03.000+01:00,456.34,166.61,173.89,Night,294.47,CRYPTO,0,1,0,1,2,1
TX0014835,U06103,M00135,2025-03-02T23:34:46.000+01:00,454.64,170.05,167.36,Night,7090.92,CRYPTO,0,1,0,1,2,1
TX0016727,U11524,M00316,2025-11-21T00:13:29.000+01:00,454.33,283.8,60.09,Night,7982.23,CRYPTO,0,1,0,1,2,1
TX0045042,U10690,M00011,2024-10-21T02:02:34.000+02:00,454.1,395.3,14.87,Night,5452.37,CRYPTO,0,1,0,1,2,1
TX0101003,U01510,M00183,2025-10-07T02:58:17.000+02:00,453.42,318.89,42.18,Night,2382.02,CRYPTO,0,1,0,1,2,1
TX0137215,U01122,M00227,2025-11-17T03:32:53.000+01:00,451.4,110.38,308.96,Night,201.72,PAYPAL,1,1,0,0,2,1
TX0028178,U01104,M00381,2025-02-17T02:57:20.000+01:00,449.63,216.06,108.11,Night,1799.32,CRYPTO,0,1,0,1,2,1
TX0103517,U00465,M00112,2024-08-06T22:28:04.000+02:00,447.2,957.3,-53.29,Night,59799.37,CRYPTO,0,1,0,1,2,1
TX0031375,U02086,M00275,2025-12-01T03:05:36.000+01:00,445.97,265.7,67.85,Night,222682.13,CRYPTO,0,1,0,1,2,1
TX0012232,U04036,M00037,2024-03-02T04:19:38.000+01:00,445.83,195.13,128.48,Night,,CRYPTO,0,1,0,1,2,1
TX0002734,U07668,M00542,2024-07-29T04:19:46.000+02:00,445.78,414.34,7.59,Night,14178.53,CRYPTO,0,1,0,1,2,1
TX0022816,U01121,M00189,2025-03-09T03:44:11.000+01:00,445.5,196.25,127.01,Night,52467.95,CRYPTO,0,1,0,1,2,1
TX0063731,U09948,M00315,2025-05-02T22:01:27.000+02:00,445.42,582.49,-23.53,Night,10274.53,CRYPTO,0,1,0,1,2,1
TX0122755,U09794,M00234,2025-10-24T03:37:05.000+02:00,444.8,359.12,23.86,Night,2203.23,CRYPTO,0,1,0,1,2,1
TX0086818,U02342,M00329,2024-02-02T02:19:43.000+01:00,444.53,468.54,-5.12,Night,,CRYPTO,0,1,0,1,2,1
TX0137779,U04925,M00220,2024-09-29T02:13:39.000+02:00,443.58,730.58,-39.28,Night,10842.07,CRYPTO,0,1,0,1,2,1
TX0040458,U09519,M00576,2025-01-11T03:52:54.000+01:00,442.55,166.53,165.75,Night,66688.32,CRYPTO,0,1,0,1,2,1
TX0116034,U07054,M00125,2024-10-02T02:58:50.000+02:00,442.16,319.04,38.59,Night,250.58,CRYPTO,0,1,0,1,2,1
TX0109813,U06742,M00234,2025-06-09T00:59:41.000+02:00,438.12,418.61,4.66,Night,136201.7,CRYPTO,0,1,0,1,2,1
TX0044877,U10151,M00451,2025-11-15T03:04:36.000+01:00,437.92,526.6,-16.84,Night,94175.9,CRYPTO,0,1,0,1,2,1
TX0132309,U01431,M00351,2025-05-29T04:45:24.000+02:00,436.27,280.87,55.33,Night,13656.87,CRYPTO,0,1,0,1,2,1
TX0059886,U00016,M00470,2025-01-02T03:44:59.000+01:00,433.97,316.62,37.06,Night,,CRYPTO,0,1,0,1,2,1
TX0124972,U03011,M00046,2024-03-28T23:04:36.000+01:00,433.56,325.56,33.17,Night,803.97,CRYPTO,0,1,0,1,2,1
TX0119417,U09432,M00354,2025-09-16T23:10:28.000+02:00,432.14,203.3,112.56,Night,9247.52,CRYPTO,0,1,0,1,2,1
TX0087247,U11030,M00522,2024-11-23T02:18:30.000+01:00,431.26,673.4,-35.96,Night,16326.4,CRYPTO,0,1,0,1,2,1
TX0080709,U11891,M00428,2025-03-07T22:43:24.000+01:00,430.42,410.52,4.85,Night,8114.92,CRYPTO,0,1,0,1,2,1
TX0119849,U04108,M00446,2025-07-18T22:01:13.000+02:00,429.71,303.76,41.46,Night,21167.92,CRYPTO,0,1,0,1,2,1
TX0022019,U03250,M00518,2024-11-13T00:38:44.000+01:00,429.22,282.67,51.84,Night,5149.68,CRYPTO,0,1,0,1,2,1
TX0085420,U08402,M00423,2025-02-07T02:16:01.000+01:00,426.43,409.79,4.06,Night,5547.48,CRYPTO,0,1,0,1,2,1
TX0053709,U11064,M00119,2024-11-08T04:40:16.000+01:00,425.64,125.07,240.33,Night,57388.7,CRYPTO,0,1,0,1,2,1
TX0003185,U02799,M00260,2025-09-30T04:44:03.000+02:00,425.01,411.15,3.37,Night,874.78,CRYPTO,0,1,0,1,2,1
TX0027273,U10356,M00399,2025-03-22T00:00:52.000+01:00,424.31,270.75,56.72,Night,4240.1,CRYPTO,0,1,0,1,2,1
TX0134971,U11701,M00583,2025-06-11T23:07:17.000+02:00,424.0,235.77,79.84,Night,,CRYPTO,0,1,0,1,2,1
TX0081711,U09146,M00240,2024-09-12T09:20:09.000+02:00,423.31,750.81,-43.62,Morning,1.45,CRYPTO,0,0,1,1,2,1
TX0097750,U10107,M00141,2024-12-21T01:13:14.000+01:00,422.09,219.75,92.07,Night,24852.05,CRYPTO,0,1,0,1,2,1
TX0085185,U10757,M00193,2025-02-18T02:54:35.000+01:00,421.06,617.73,-31.84,Night,4010.32,CRYPTO,0,1,0,1,2,1
TX0099996,U06393,M00262,2024-04-10T05:10:53.000+02:00,419.07,199.51,110.05,Night,4198.62,CRYPTO,0,1,0,1,2,1
TX0028240,U11117,M00451,2025-02-07T23:37:11.000+01:00,416.47,88.0,373.28,Night,12150.78,BANK_TRANSFER,1,1,0,0,2,1
TX0045169,U08564,M00162,2024-03-09T00:58:03.000+01:00,415.99,690.35,-39.74,Night,218.22,CRYPTO,0,1,0,1,2,1
TX0050691,U03737,M00068,2025-05-07T04:55:03.000+02:00,414.26,221.02,87.43,Night,2600.57,CRYPTO,0,1,0,1,2,1
TX0120045,U02838,M00151,2025-05-27T05:09:26.000+02:00,413.55,470.51,-12.11,Night,11150.23,CRYPTO,0,1,0,1,2,1
TX0017573,U11338,M00362,2024-10-01T03:29:30.000+02:00,413.31,663.51,-37.71,Night,,CRYPTO,0,1,0,1,2,1
TX0068737,U09350,M00236,2024-10-04T22:57:50.000+02:00,412.25,349.01,18.12,Night,93782.15,CRYPTO,0,1,0,1,2,1
TX0108497,U01199,M00318,2024-12-05T02:44:14.000+01:00,411.09,174.9,135.04,Night,2209.8,CRYPTO,0,1,0,1,2,1
TX0073161,U11062,M00547,2025-01-21T05:51:51.000+01:00,409.95,2227.39,-81.6,Night,134776.0,CRYPTO,0,1,0,1,2,1
TX0049918,U04548,M00467,2024-07-02T23:59:30.000+02:00,409.55,159.89,156.14,Night,,CRYPTO,0,1,0,1,2,1
TX0050182,U01964,M00329,2024-01-25T05:33:41.000+01:00,409.34,338.99,20.75,Night,4843.73,CRYPTO,0,1,0,1,2,1
TX0083925,U11624,M00265,2025-03-05T03:06:43.000+01:00,407.66,563.09,-27.6,Night,2132.2,CRYPTO,0,1,0,1,2,1
TX0038413,U09416,M00307,2025-09-09T05:56:50.000+02:00,406.74,328.41,23.85,Night,7954.42,CRYPTO,0,1,0,1,2,1
TX0039926,U03705,M00600,2025-03-15T03:50:12.000+01:00,406.44,73.28,454.64,Night,9030.82,CRYPTO,1,1,0,1,3,1
TX0131016,U02688,M00195,2025-02-16T02:32:57.000+01:00,406.11,474.64,-14.44,Night,7617.18,CRYPTO,0,1,0,1,2,1
TX0076236,U04286,M00585,2025-05-23T23:05:27.000+02:00,404.01,290.46,39.09,Night,3256.07,CRYPTO,0,1,0,1,2,1
TX0090602,U07633,M00035,2024-10-14T05:49:36.000+02:00,401.78,295.6,35.92,Night,71577.13,CRYPTO,0,1,0,1,2,1
TX0060630,U06591,M00153,2025-06-20T03:36:10.000+02:00,400.57,137.95,190.38,Night,183241.78,CRYPTO,0,1,0,1,2,1
TX0105742,U09707,M00549,2024-10-17T01:59:11.000+02:00,400.49,95.82,317.98,Night,89785.45,CARD,1,1,0,0,2,1
TX0073183,U03373,M00005,2025-04-15T01:16:37.000+02:00,399.75,204.34,95.63,Night,3913.73,CRYPTO,0,1,0,1,2,1
TX0059717,U09197,M00451,2025-07-15T23:49:18.000+02:00,396.79,561.77,-29.37,Night,14966.03,CRYPTO,0,1,0,1,2,1
TX0040522,U02041,M00553,2024-03-18T00:53:45.000+01:00,395.99,449.27,-11.86,Night,3404.62,CRYPTO,0,1,0,1,2,1
TX0045102,U11849,M00460,2025-03-30T04:27:17.000+02:00,395.46,422.55,-6.41,Night,16408.95,CRYPTO,0,1,0,1,2,1
TX0012597,U01139,M00209,2024-04-27T02:21:28.000+02:00,394.42,411.16,-4.07,Night,2422.05,CRYPTO,0,1,0,1,2,1
TX0021623,U10802,M00362,2024-06-28T22:21:08.000+02:00,391.97,377.97,3.7,Night,2.95,CASH,0,1,1,0,2,1
TX0060477,U01587,M00586,2025-09-19T00:36:12.000+02:00,388.93,247.44,57.18,Night,31975.47,CRYPTO,0,1,0,1,2,1
TX0018659,U05832,M00198,2025-01-24T22:34:40.000+01:00,388.92,101.72,282.35,Night,4796.72,CRYPTO,0,1,0,1,2,1
TX0041220,U09539,M00219,2024-09-07T02:01:10.000+02:00,388.56,239.89,61.97,Night,6128.27,CRYPTO,0,1,0,1,2,1
TX0091386,U00270,M00452,2025-03-26T23:02:12.000+01:00,387.34,279.58,38.55,Night,422.47,CRYPTO,0,1,0,1,2,1
TX0008619,U00636,M00242,2025-05-30T22:24:04.000+02:00,385.88,265.5,45.34,Night,20743.38,CRYPTO,0,1,0,1,2,1
TX0097069,U04619,M00470,2024-12-29T23:33:01.000+01:00,385.56,406.01,-5.04,Night,321.77,CRYPTO,0,1,0,1,2,1
TX0123759,U05908,M00354,2025-01-24T03:44:27.000+01:00,384.68,568.82,-32.37,Night,3647.62,CRYPTO,0,1,0,1,2,1
TX0005282,U02368,M00074,2025-10-24T01:09:37.000+02:00,384.35,580.24,-33.76,Night,17890.58,CRYPTO,0,1,0,1,2,1
TX0053314,U03842,M00330,2024-07-30T02:31:39.000+02:00,383.7,338.85,13.24,Night,5071.08,CRYPTO,0,1,0,1,2,1
TX0085508,U10295,M00092,2024-07-18T01:30:58.000+02:00,382.55,497.25,-23.07,Night,7560.95,CRYPTO,0,1,0,1,2,1
TX0023678,U11891,M00429,2024-09-19T23:52:19.000+02:00,381.86,410.52,-6.98,Night,,CRYPTO,0,1,0,1,2,1
TX0091336,U00472,M00310,2024-11-19T01:23:25.000+01:00,381.67,286.81,33.07,Night,31198.27,CRYPTO,0,1,0,1,2,1
TX0066281,U05246,M00507,2025-04-23T22:22:54.000+02:00,380.81,1073.3,-64.52,Night,3605.18,CRYPTO,0,1,0,1,2,1
TX0067377,U01359,M00565,2025-03-28T02:46:32.000+01:00,379.93,279.9,35.74,Night,212583.68,CRYPTO,0,1,0,1,2,1
TX0012133,U02419,M00095,2025-01-25T22:10:21.000+01:00,379.53,297.74,27.47,Night,627.47,CRYPTO,0,1,0,1,2,1
TX0030478,U03654,M00003,2024-09-01T05:19:13.000+02:00,378.11,147.23,156.82,Night,51123.65,CRYPTO,0,1,0,1,2,1
TX0135762,U07854,M00078,2024-10-30T01:04:33.000+01:00,377.17,558.9,-32.52,Night,19090.13,CRYPTO,0,1,0,1,2,1
TX0042492,U10773,M00088,2025-01-17T00:28:53.000+01:00,376.81,428.06,-11.97,Night,2975.7,CRYPTO,0,1,0,1,2,1
TX0071812,U09569,M00253,2024-03-23T23:27:37.000+01:00,376.46,92.46,307.17,Night,10935.92,BANK_TRANSFER,1,1,0,0,2,1
TX0075716,U05247,M00449,2024-06-24T03:13:34.000+02:00,375.59,577.52,-34.96,Night,3149.92,CRYPTO,0,1,0,1,2,1
TX0036883,U03934,M00526,2025-07-31T22:39:29.000+02:00,375.16,224.37,67.21,Night,29243.42,CRYPTO,0,1,0,1,2,1
TX0054251,U07321,M00475,2025-03-12T22:27:57.000+01:00,372.97,145.14,156.97,Night,531.03,CRYPTO,0,1,0,1,2,1
TX0095996,U00440,M00581,2025-07-18T23:42:12.000+02:00,372.87,268.57,38.84,Night,10358.67,CRYPTO,0,1,0,1,2,1
TX0048834,U08933,M00242,2024-06-24T22:44:55.000+02:00,372.44,311.47,19.58,Night,440.73,CRYPTO,0,1,0,1,2,1
TX0090120,U04464,M00435,2024-01-24T03:09:16.000+01:00,371.37,364.66,1.84,Night,3490.72,CRYPTO,0,1,0,1,2,1
TX0100810,U00925,M00371,2024-10-06T16:44:45.000+02:00,370.66,197.79,87.4,Afternoon,1.62,CRYPTO,0,0,1,1,2,1
TX0130816,U00839,M00090,2025-06-09T23:04:21.000+02:00,368.86,446.02,-17.3,Night,735.28,CRYPTO,0,1,0,1,2,1
TX0022952,U11752,M00393,2025-08-26T22:25:05.000+02:00,368.79,424.85,-13.19,Night,378.45,CRYPTO,0,1,0,1,2,1
TX0066465,U08890,M00156,2025-02-16T23:42:45.000+01:00,365.94,962.78,-61.99,Night,343.83,CRYPTO,0,1,0,1,2,1
TX0039175,U04960,M00096,2024-09-12T04:21:04.000+02:00,365.3,566.65,-35.53,Night,67134.67,CRYPTO,0,1,0,1,2,1
TX0074476,U07994,M00252,2025-05-14T23:26:23.000+02:00,363.96,160.83,126.3,Night,113872.12,CRYPTO,0,1,0,1,2,1
TX0011877,U07511,M00447,2024-09-30T04:11:01.000+02:00,363.77,387.95,-6.23,Night,3233.4,CRYPTO,0,1,0,1,2,1
TX0114675,U01626,M00267,2025-05-27T03:46:25.000+02:00,361.97,278.46,29.99,Night,5297.7,CRYPTO,0,1,0,1,2,1
TX0035512,U09808,M00176,2024-06-27T04:31:17.000+02:00,361.46,815.07,-55.65,Night,604.53,CRYPTO,0,1,0,1,2,1
TX0027643,U02283,M00499,2025-04-08T23:05:06.000+02:00,361.08,843.02,-57.17,Night,4855.12,CRYPTO,0,1,0,1,2,1
TX0083200,U04098,M00117,2024-12-25T23:33:32.000+01:00,360.25,430.73,-16.36,Night,3.6,CASH,0,1,1,0,2,1
TX0035704,U02364,M00213,2024-08-17T00:56:16.000+02:00,359.96,305.61,17.78,Night,10593.5,CRYPTO,0,1,0,1,2,1
TX0058359,U07076,M00283,2024-11-08T10:32:20.000+01:00,359.16,246.72,45.57,Morning,0.92,CRYPTO,0,0,1,1,2,1
TX0014010,U06507,M00315,2024-12-14T22:08:54.000+01:00,359.0,996.66,-63.98,Night,20833.2,CRYPTO,0,1,0,1,2,1
TX0134380,U03046,M00236,2024-01-03T22:28:30.000+01:00,358.62,394.55,-9.11,Night,4.18,CARD,0,1,1,0,2,1
TX0004199,U04418,M00019,2024-03-16T23:32:24.000+01:00,358.5,108.11,231.61,Night,846.22,CRYPTO,0,1,0,1,2,1
TX0093564,U03835,M00405,2025-10-30T15:34:48.000+01:00,356.73,365.2,-2.32,Afternoon,3.27,CRYPTO,0,0,1,1,2,1
TX0089076,U11854,M00505,2024-10-16T22:45:34.000+02:00,355.07,318.68,11.42,Night,72803.35,CRYPTO,0,1,0,1,2,1
TX0090763,U04772,M00345,2024-10-07T04:07:47.000+02:00,354.94,1363.0,-73.96,Night,3932.25,CRYPTO,0,1,0,1,2,1
TX0065073,U09331,M00530,2024-06-26T03:17:49.000+02:00,354.54,260.83,35.93,Night,1691.78,CRYPTO,0,1,0,1,2,1
TX0087566,U04196,M00286,2025-03-11T22:32:29.000+01:00,353.21,335.43,5.3,Night,124.47,CRYPTO,0,1,0,1,2,1
TX0129308,U03955,M00244,2024-06-28T00:10:16.000+02:00,351.3,684.35,-48.67,Night,65.8,CRYPTO,0,1,0,1,2,1
TX0115091,U02623,M00275,2025-05-31T23:41:25.000+02:00,350.98,283.4,23.84,Night,55274.43,CRYPTO,0,1,0,1,2,1
TX0103925,U08900,M00354,2025-09-28T22:07:27.000+02:00,350.07,360.24,-2.82,Night,1844.3,CRYPTO,0,1,0,1,2,1
TX0106859,U04301,M00442,2024-09-29T02:47:00.000+02:00,349.8,540.67,-35.3,Night,8906.85,CRYPTO,0,1,0,1,2,1
TX0044582,U06209,M00202,2024-04-05T01:37:33.000+02:00,348.82,269.58,29.39,Night,58850.1,CRYPTO,0,1,0,1,2,1
TX0000109,U02829,M00085,2024-09-26T00:20:48.000+02:00,348.37,480.3,-27.47,Night,17985.67,CRYPTO,0,1,0,1,2,1
TX0048298,U04763,M00597,2025-07-01T23:22:28.000+02:00,347.08,225.34,54.03,Night,,CRYPTO,0,1,0,1,2,1
TX0041440,U03149,M00252,2024-08-13T23:00:17.000+02:00,346.93,597.03,-41.89,Night,0.65,BANK_TRANSFER,0,1,1,0,2,1
TX0098223,U04143,M00374,2025-07-11T04:24:20.000+02:00,346.08,271.98,27.25,Night,37828.07,CRYPTO,0,1,0,1,2,1
TX0061515,U04667,M00513,2025-03-27T23:26:42.000+01:00,345.27,552.1,-37.46,Night,37.68,CRYPTO,0,1,0,1,2,1
TX0007191,U00009,M00417,2024-04-06T01:13:53.000+02:00,344.08,276.4,24.49,Night,17625.47,CRYPTO,0,1,0,1,2,1
TX0082151,U11470,M00185,2025-03-21T04:56:47.000+01:00,341.82,138.96,145.99,Night,69848.67,CRYPTO,0,1,0,1,2,1
TX0029924,U01148,M00082,2025-02-04T23:09:36.000+01:00,341.58,58.38,485.12,Night,1415.35,CARD,1,1,0,0,2,1
TX0079010,U09284,M00001,2024-06-22T22:55:28.000+02:00,341.2,278.37,22.57,Night,389.78,CRYPTO,0,1,0,1,2,1
TX0009759,U09530,M00576,2024-11-07T01:59:32.000+01:00,341.13,353.84,-3.59,Night,551.88,CRYPTO,0,1,0,1,2,1
TX0079681,U09121,M00397,2025-05-30T21:47:10.000+02:00,340.1,591.29,-42.48,Evening,2.62,CRYPTO,0,0,1,1,2,1
TX0040246,U02247,M00195,2024-03-13T23:28:37.000+01:00,339.35,551.75,-38.5,Night,30.85,CRYPTO,0,1,0,1,2,1
TX0075111,U05489,M00144,2025-04-13T05:48:16.000+02:00,337.13,221.49,52.21,Night,12487.38,CRYPTO,0,1,0,1,2,1
TX0014450,U09505,M00408,2025-07-07T22:33:42.000+02:00,335.34,119.58,180.44,Night,1274.25,CRYPTO,0,1,0,1,2,1
TX0051935,U06652,M00319,2024-05-14T00:11:10.000+02:00,335.05,171.79,95.04,Night,16166.68,CRYPTO,0,1,0,1,2,1
TX0028307,U02426,M00192,2024-05-03T22:52:48.000+02:00,334.76,268.39,24.73,Night,24768.63,CRYPTO,0,1,0,1,2,1
TX0027842,U06314,M00270,2024-12-05T16:43:57.000+01:00,334.6,434.29,-22.95,Afternoon,2.62,CRYPTO,0,0,1,1,2,1
TX0117754,U02946,M00144,2024-02-24T22:47:18.000+01:00,334.01,117.27,184.83,Night,1206.87,CRYPTO,0,1,0,1,2,1
TX0020876,U01068,M00049,2024-04-06T22:06:54.000+02:00,332.46,322.31,3.15,Night,12923.42,CRYPTO,0,1,0,1,2,1
TX0065271,U01716,M00445,2024-05-08T22:15:48.000+02:00,330.78,128.38,157.66,Night,660.9,CRYPTO,0,1,0,1,2,1
TX0016015,U00214,M00045,2025-02-20T03:02:54.000+01:00,330.41,158.23,108.82,Night,12021.63,CRYPTO,0,1,0,1,2,1
TX0009814,U11556,M00447,2025-02-01T00:01:27.000+01:00,329.04,400.15,-17.77,Night,,CRYPTO,0,1,0,1,2,1
TX0019134,U08567,M00086,2025-11-23T23:23:39.000+01:00,328.0,132.22,148.08,Night,841.18,CRYPTO,0,1,0,1,2,1
TX0071734,U09806,M00076,2025-05-07T00:53:36.000+02:00,327.93,325.32,0.8,Night,98616.43,CRYPTO,0,1,0,1,2,1
TX0025375,U07178,M00417,2025-06-24T22:03:09.000+02:00,327.89,560.32,-41.48,Night,15954.88,CRYPTO,0,1,0,1,2,1
TX0000750,U03934,M00159,2024-01-10T00:50:19.000+01:00,327.43,224.37,45.93,Night,,CRYPTO,0,1,0,1,2,1
TX0130525,U04922,M00238,2025-03-07T04:25:02.000+01:00,327.03,362.68,-9.83,Night,858.88,CRYPTO,0,1,0,1,2,1
TX0005808,U01735,M00164,2024-06-01T04:44:58.000+02:00,326.35,193.38,68.76,Night,56458.2,CRYPTO,0,1,0,1,2,1
TX0114393,U10607,M00335,2024-12-25T22:56:44.000+01:00,325.98,564.16,-42.22,Night,4.02,BANK_TRANSFER,0,1,1,0,2,1
TX0097602,U05672,M00221,2025-11-25T02:36:38.000+01:00,325.3,550.97,-40.96,Night,12729.35,CRYPTO,0,1,0,1,2,1
TX0016838,U05199,M00029,2024-04-10T01:39:33.000+02:00,324.7,614.38,-47.15,Night,789.92,CRYPTO,0,1,0,1,2,1
TX0044578,U08680,M00485,2024-06-21T22:26:15.000+02:00,324.66,119.25,172.26,Night,3.18,CRYPTO,0,1,1,1,3,1
TX0016248,U08961,M00096,2024-10-29T02:30:53.000+01:00,324.37,259.24,25.12,Night,3698.48,CRYPTO,0,1,0,1,2,1
TX0021924,U03939,M00017,2025-08-02T01:24:37.000+02:00,322.73,391.38,-17.54,Night,264312.98,CRYPTO,0,1,0,1,2,1
TX0092612,U00829,M00247,2024-11-03T01:21:07.000+01:00,321.09,489.22,-34.37,Night,,CRYPTO,0,1,0,1,2,1
TX0076296,U03145,M00454,2025-04-29T22:37:46.000+02:00,320.48,224.55,42.72,Night,928.4,CRYPTO,0,1,0,1,2,1
TX0084752,U04447,M00166,2024-06-05T02:53:18.000+02:00,320.46,916.85,-65.05,Night,21058.53,CRYPTO,0,1,0,1,2,1
TX0106075,U04823,M00517,2025-01-23T03:57:52.000+01:00,319.69,342.27,-6.6,Night,40962.52,CRYPTO,0,1,0,1,2,1
TX0102470,U03532,M00089,2024-06-13T23:47:06.000+02:00,319.57,783.4,-59.21,Night,441.93,CRYPTO,0,1,0,1,2,1
TX0128800,U06534,M00369,2025-10-11T22:44:50.000+02:00,318.74,115.78,175.3,Night,292.5,CRYPTO,0,1,0,1,2,1
TX0069006,U01214,M00198,2024-01-23T22:37:38.000+01:00,318.38,663.65,-52.03,Night,10661.3,CRYPTO,0,1,0,1,2,1
TX0041272,U03361,M00001,2024-02-11T02:45:34.000+01:00,316.94,184.11,72.14,Night,1788.08,CRYPTO,0,1,0,1,2,1
TX0074402,U11549,M00579,2024-12-29T08:32:34.000+01:00,315.98,250.38,26.2,Morning,4.45,CRYPTO,0,0,1,1,2,1
TX0105727,U03254,M00153,2024-08-05T01:32:32.000+02:00,314.42,349.82,-10.12,Night,53828.13,CRYPTO,0,1,0,1,2,1
TX0096711,U02550,M00540,2025-01-05T01:07:39.000+01:00,314.14,534.29,-41.2,Night,65439.05,CRYPTO,0,1,0,1,2,1
TX0027747,U04210,M00146,2025-04-04T01:22:31.000+02:00,314.12,603.22,-47.93,Night,93639.25,CRYPTO,0,1,0,1,2,1
TX0048329,U10551,M00096,2025-06-23T00:17:25.000+02:00,312.18,350.28,-10.88,Night,14918.77,CRYPTO,0,1,0,1,2,1
TX0088724,U11687,M00516,2025-06-22T04:14:57.000+02:00,311.91,219.85,41.88,Night,8920.65,CRYPTO,0,1,0,1,2,1
TX0031219,U05523,M00401,2025-01-02T22:13:52.000+01:00,310.52,215.86,43.85,Night,274.82,CRYPTO,0,1,0,1,2,1
TX0119647,U10143,M00125,2025-01-07T23:34:20.000+01:00,309.39,532.53,-41.9,Night,4831.73,CRYPTO,0,1,0,1,2,1
TX0117771,U01527,M00242,2025-04-17T02:13:49.000+02:00,307.12,222.88,37.79,Night,3973.25,CRYPTO,0,1,0,1,2,1
TX0024615,U08686,M00328,2025-10-08T04:56:51.000+02:00,306.53,216.28,41.73,Night,7707.65,CRYPTO,0,1,0,1,2,1
TX0130758,U11495,M00585,2025-12-07T01:46:12.000+01:00,305.34,373.65,-18.28,Night,5827.1,CRYPTO,0,1,0,1,2,1
TX0042217,U05823,M00439,2025-04-20T23:58:05.000+02:00,305.12,905.39,-66.3,Night,1.38,PAYPAL,0,1,1,0,2,1
TX0007067,U07561,M00581,2024-10-30T03:53:28.000+01:00,303.43,183.22,65.61,Night,645.25,CRYPTO,0,1,0,1,2,1
TX0019548,U03564,M00377,2025-08-11T05:18:53.000+02:00,302.9,272.6,11.12,Night,10559.65,CRYPTO,0,1,0,1,2,1
TX0056390,U01762,M00176,2024-08-31T22:35:11.000+02:00,302.29,438.94,-31.13,Night,1703.35,CRYPTO,0,1,0,1,2,1
TX0137557,U00873,M00230,2024-12-19T03:46:58.000+01:00,302.16,205.11,47.32,Night,6923.12,CRYPTO,0,1,0,1,2,1
TX0128775,U10329,M00059,2025-06-13T04:10:34.000+02:00,302.04,276.9,9.08,Night,15462.55,CRYPTO,0,1,0,1,2,1
TX0050694,U03260,M00230,2024-12-20T04:30:37.000+01:00,301.52,258.9,16.46,Night,9655.97,CRYPTO,0,1,0,1,2,1
TX0118899,U03158,M00581,2024-07-24T22:43:25.000+02:00,301.36,425.26,-29.13,Night,3284.0,CRYPTO,0,1,0,1,2,1
TX0079947,U07931,M00200,2025-03-15T01:16:06.000+01:00,300.59,121.57,147.26,Night,9434.23,CRYPTO,0,1,0,1,2,1
TX0024214,U04958,M00333,2024-09-16T23:17:30.000+02:00,300.4,542.14,-44.59,Night,431.57,CRYPTO,0,1,0,1,2,1
TX0030005,U06073,M00266,2025-03-13T00:06:51.000+01:00,298.48,583.83,-48.88,Night,6365.13,CRYPTO,0,1,0,1,2,1
TX0034854,U01739,M00069,2024-04-11T22:08:16.000+02:00,298.41,381.89,-21.86,Night,2.42,BANK_TRANSFER,0,1,1,0,2,1
TX0056118,U03474,M00049,2024-07-23T22:58:57.000+02:00,297.72,801.54,-62.86,Night,16495.73,CRYPTO,0,1,0,1,2,1
TX0054010,U04106,M00253,2024-03-19T01:07:37.000+01:00,296.6,213.36,39.01,Night,794.5,CRYPTO,0,1,0,1,2,1
TX0092024,U03260,M00106,2024-12-26T06:10:19.000+01:00,295.35,258.9,14.08,Morning,4.33,CRYPTO,0,0,1,1,2,1
TX0011962,U00829,M00182,2025-01-19T04:16:16.000+01:00,295.26,489.22,-39.65,Night,16645.6,CRYPTO,0,1,0,1,2,1
TX0074412,U10832,M00562,2025-05-19T23:28:04.000+02:00,294.4,192.36,53.04,Night,675.47,CRYPTO,0,1,0,1,2,1
TX0029922,U01965,M00051,2024-12-07T22:24:48.000+01:00,294.3,513.99,-42.74,Night,201.77,CRYPTO,0,1,0,1,2,1
TX0003878,U06880,M00270,2025-06-13T23:47:14.000+02:00,293.6,211.55,38.79,Night,1.15,PAYPAL,0,1,1,0,2,1
TX0016149,U05391,M00484,2025-07-25T22:27:03.000+02:00,292.7,489.88,-40.25,Night,40876.35,CRYPTO,0,1,0,1,2,1
TX0046470,U04667,M00024,2025-03-27T22:49:01.000+01:00,292.32,552.1,-47.05,Night,3505.97,CRYPTO,0,1,0,1,2,1
TX0085614,U11330,M00446,2025-06-11T22:10:55.000+02:00,292.27,863.44,-66.15,Night,886.07,CRYPTO,0,1,0,1,2,1
TX0021966,U00457,M00428,2025-04-13T23:02:41.000+02:00,292.09,481.26,-39.31,Night,109.6,CRYPTO,0,1,0,1,2,1
TX0135034,U04772,M00566,2024-10-16T01:02:27.000+02:00,291.64,1363.0,-78.6,Night,10751.63,CRYPTO,0,1,0,1,2,1
TX0014642,U03797,M00189,2025-04-08T04:57:17.000+02:00,290.75,967.86,-69.96,Night,6326.03,CRYPTO,0,1,0,1,2,1
TX0006168,U02476,M00434,2025-05-30T00:55:19.000+02:00,288.57,566.63,-49.07,Night,2281.13,CRYPTO,0,1,0,1,2,1
TX0010489,U05668,M00407,2025-07-10T22:54:54.000+02:00,287.69,323.89,-11.18,Night,393.68,CRYPTO,0,1,0,1,2,1
TX0045055,U08779,M00011,2025-10-13T23:28:54.000+02:00,287.68,399.93,-28.07,Night,751.25,CRYPTO,0,1,0,1,2,1
TX0078928,U11547,M00146,2025-10-24T03:54:13.000+02:00,286.7,358.19,-19.96,Night,10651.6,CRYPTO,0,1,0,1,2,1
TX0075180,U07600,M00097,2024-07-08T03:35:27.000+02:00,285.96,215.26,32.85,Night,9685.48,CRYPTO,0,1,0,1,2,1
TX0051002,U06712,M00066,2025-05-28T22:48:17.000+02:00,284.5,191.68,48.42,Night,15090.15,CRYPTO,0,1,0,1,2,1
TX0004363,U05099,M00128,2025-11-06T03:54:20.000+01:00,284.28,197.52,43.92,Night,5097.33,CRYPTO,0,1,0,1,2,1
TX0122047,U02756,M00377,2024-02-14T22:52:01.000+01:00,284.26,90.96,212.53,Night,10577.22,CRYPTO,0,1,0,1,2,1
TX0074223,U03909,M00391,2025-01-13T01:55:55.000+01:00,284.22,189.89,49.67,Night,5813.87,CRYPTO,0,1,0,1,2,1
TX0043976,U00442,M00299,2024-06-27T00:48:27.000+02:00,283.97,242.82,16.95,Night,4830.38,CRYPTO,0,1,0,1,2,1
TX0099408,U00759,M00162,2025-04-03T22:45:28.000+02:00,283.59,218.19,29.97,Night,2779.78,CRYPTO,0,1,0,1,2,1
TX0063025,U11608,M00023,2025-01-31T01:46:17.000+01:00,283.25,296.7,-4.53,Night,861.27,CRYPTO,0,1,0,1,2,1
TX0023617,U11725,M00232,2025-12-27T03:17:27.000+01:00,283.2,232.24,21.94,Night,94.57,CRYPTO,0,1,0,1,2,1
TX0002137,U07275,M00049,2024-12-24T12:05:01.000+01:00,282.82,342.54,-17.43,Afternoon,1.45,CRYPTO,0,0,1,1,2,1
TX0042846,U04694,M00301,2024-05-16T22:06:35.000+02:00,280.5,561.67,-50.06,Night,101.52,CRYPTO,0,1,0,1,2,1
TX0015920,U05749,M00470,2024-12-07T04:44:36.000+01:00,279.81,219.68,27.37,Night,6560.82,CRYPTO,0,1,0,1,2,1
TX0111185,U04285,M00340,2024-10-29T23:38:09.000+01:00,279.31,955.13,-70.76,Night,14788.25,CRYPTO,0,1,0,1,2,1
TX0021477,U08993,M00387,2024-10-10T01:58:31.000+02:00,279.09,417.18,-33.1,Night,10863.2,CRYPTO,0,1,0,1,2,1
TX0132797,U11701,M00220,2025-12-05T02:04:08.000+01:00,279.08,235.77,18.37,Night,20357.93,CRYPTO,0,1,0,1,2,1
TX0085245,U05140,M00281,2025-01-03T01:46:59.000+01:00,278.51,127.64,118.19,Night,59709.17,CRYPTO,0,1,0,1,2,1
TX0103719,U11414,M00173,2025-12-27T01:48:06.000+01:00,277.65,329.0,-15.61,Night,1882.88,CRYPTO,0,1,0,1,2,1
TX0104539,U00465,M00237,2024-10-01T22:03:50.000+02:00,277.63,957.3,-71.0,Night,6484.35,CRYPTO,0,1,0,1,2,1
TX0072302,U05498,M00504,2025-12-30T22:49:59.000+01:00,276.83,174.97,58.21,Night,3305.95,CRYPTO,0,1,0,1,2,1
TX0136953,U02134,M00135,2025-07-07T22:42:14.000+02:00,276.17,181.81,51.9,Night,3.47,CARD,0,1,1,0,2,1
TX0017112,U08984,M00218,2024-04-08T23:56:55.000+02:00,275.93,1155.05,-76.11,Night,332.88,CRYPTO,0,1,0,1,2,1
TX0026238,U06883,M00360,2025-09-27T23:36:21.000+02:00,275.7,436.39,-36.82,Night,13293.05,CRYPTO,0,1,0,1,2,1
TX0046747,U03823,M00143,2025-03-25T13:32:12.000+01:00,275.54,408.75,-32.59,Afternoon,1.5,CRYPTO,0,0,1,1,2,1
TX0052296,U09731,M00039,2024-02-27T04:04:32.000+01:00,275.4,143.94,91.33,Night,4823.03,CRYPTO,0,1,0,1,2,1
TX0082004,U00029,M00069,2024-12-11T03:25:54.000+01:00,275.21,246.92,11.46,Night,857.22,CRYPTO,0,1,0,1,2,1
TX0034544,U11434,M00259,2025-06-02T00:43:24.000+02:00,274.72,184.67,48.76,Night,239605.98,CRYPTO,0,1,0,1,2,1
TX0046656,U05659,M00538,2024-10-19T04:38:04.000+02:00,272.94,308.81,-11.61,Night,4635.53,CRYPTO,0,1,0,1,2,1
TX0073371,U10666,M00492,2024-05-27T16:22:34.000+02:00,272.41,231.46,17.69,Afternoon,2.17,CRYPTO,0,0,1,1,2,1
TX0095200,U06455,M00135,2024-12-03T22:57:24.000+01:00,271.09,238.61,13.61,Night,16048.0,CRYPTO,0,1,0,1,2,1
TX0108331,U01735,M00157,2025-03-29T02:50:21.000+01:00,270.83,193.38,40.05,Night,1366.32,CRYPTO,0,1,0,1,2,1
TX0021433,U01758,M00384,2024-12-08T03:32:02.000+01:00,270.79,325.56,-16.82,Night,2086.33,CRYPTO,0,1,0,1,2,1
TX0051227,U06650,M00102,2024-12-12T02:04:27.000+01:00,269.51,280.96,-4.07,Night,10559.63,CRYPTO,0,1,0,1,2,1
TX0023028,U03758,M00262,2025-05-01T22:12:04.000+02:00,268.87,622.75,-56.83,Night,745.72,CRYPTO,0,1,0,1,2,1
TX0059611,U07377,M00082,2024-09-08T05:50:15.000+02:00,268.69,594.73,-54.82,Night,8231.55,CRYPTO,0,1,0,1,2,1
TX0133102,U04447,M00531,2025-02-28T23:51:12.000+01:00,267.24,916.85,-70.85,Night,950.4,CRYPTO,0,1,0,1,2,1
TX0018567,U07255,M00156,2025-06-24T23:16:15.000+02:00,266.5,125.38,112.55,Night,1023.4,CRYPTO,0,1,0,1,2,1
TX0065310,U09964,M00312,2024-08-02T13:14:48.000+02:00,266.44,181.36,46.91,Afternoon,4.47,CRYPTO,0,0,1,1,2,1
TX0022998,U02595,M00099,2025-09-15T02:17:39.000+02:00,266.37,140.52,89.56,Night,18128.92,CRYPTO,0,1,0,1,2,1
TX0043900,U00759,M00377,2025-06-26T02:37:49.000+02:00,266.29,218.19,22.05,Night,2543.37,CRYPTO,0,1,0,1,2,1
TX0004640,U10914,M00585,2024-06-06T00:33:15.000+02:00,263.97,117.35,124.94,Night,156037.65,CRYPTO,0,1,0,1,2,1
TX0088015,U10782,M00151,2024-03-06T04:16:33.000+01:00,263.27,301.41,-12.65,Night,,CRYPTO,0,1,0,1,2,1
TX0075369,U10375,M00537,2025-03-25T03:25:29.000+01:00,262.72,259.57,1.21,Night,14726.13,CRYPTO,0,1,0,1,2,1
TX0017904,U02316,M00564,2024-04-04T17:06:21.000+02:00,262.58,429.61,-38.88,Afternoon,4.55,CRYPTO,0,0,1,1,2,1
TX0054527,U05123,M00031,2025-07-22T18:46:39.000+02:00,262.37,113.88,130.4,Evening,3.55,CRYPTO,0,0,1,1,2,1
TX0079243,U10137,M00157,2025-04-25T22:55:09.000+02:00,262.16,400.66,-34.57,Night,8861.53,CRYPTO,0,1,0,1,2,1
TX0046635,U08387,M00321,2025-02-23T01:06:44.000+01:00,260.87,209.34,24.62,Night,358.65,CRYPTO,0,1,0,1,2,1
TX0071639,U03793,M00372,2024-10-17T05:41:15.000+02:00,260.33,602.56,-56.8,Night,15498.67,CRYPTO,0,1,0,1,2,1
TX0083349,U08592,M00213,2025-08-15T03:09:10.000+02:00,260.27,153.19,69.9,Night,,CRYPTO,0,1,0,1,2,1
TX0011101,U07385,M00588,2024-07-07T01:26:06.000+02:00,259.93,348.48,-25.41,Night,503.28,CRYPTO,0,1,0,1,2,1
TX0008503,U05579,M00555,2024-07-31T01:19:09.000+02:00,259.4,397.78,-34.79,Night,,CRYPTO,0,1,0,1,2,1
TX0067786,U10268,M00056,2024-10-07T04:16:17.000+02:00,259.34,373.56,-30.58,Night,,CRYPTO,0,1,0,1,2,1
TX0045324,U00464,M00236,2025-06-13T23:14:17.000+02:00,259.1,287.57,-9.9,Night,15383.02,CRYPTO,0,1,0,1,2,1
TX0054752,U08901,M00455,2024-05-19T00:53:52.000+02:00,259.08,82.89,212.55,Night,23663.85,CRYPTO,0,1,0,1,2,1
TX0067352,U06162,M00135,2025-05-14T23:27:55.000+02:00,258.78,222.41,16.35,Night,13667.08,CRYPTO,0,1,0,1,2,1
TX0023633,U02247,M00133,2024-04-05T23:52:45.000+02:00,258.16,551.75,-53.21,Night,2167.5,CRYPTO,0,1,0,1,2,1
TX0099756,U06140,M00346,2024-06-28T00:59:51.000+02:00,257.49,169.06,52.31,Night,1864.07,CRYPTO,0,1,0,1,2,1
TX0082613,U11849,M00248,2024-05-13T04:51:20.000+02:00,256.81,422.55,-39.22,Night,8299.75,CRYPTO,0,1,0,1,2,1
TX0105907,U05723,M00533,2025-02-16T00:46:07.000+01:00,256.34,854.15,-69.99,Night,13054.78,CRYPTO,0,1,0,1,2,1
TX0065760,U10693,M00100,2025-07-03T05:19:01.000+02:00,255.83,197.89,29.28,Night,180380.98,CRYPTO,0,1,0,1,2,1
TX0129248,U10335,M00099,2025-03-08T22:33:49.000+01:00,254.59,345.01,-26.21,Night,56912.32,CRYPTO,0,1,0,1,2,1
TX0130748,U96342,M00580,2025-10-08T23:41:36.000+02:00,254.53,254.53,0.0,Night,,CRYPTO,0,1,0,1,2,1
TX0042817,U11787,M00277,2025-02-04T22:22:59.000+01:00,254.18,788.4,-67.76,Night,100029.7,CRYPTO,0,1,0,1,2,1
TX0003615,U10889,M00384,2025-04-28T23:46:21.000+02:00,253.42,540.84,-53.14,Night,72254.22,CRYPTO,0,1,0,1,2,1
TX0130845,U05531,M00586,2024-09-12T03:46:17.000+02:00,252.85,314.5,-19.6,Night,16983.75,CRYPTO,0,1,0,1,2,1
TX0051472,U03443,M00573,2025-04-15T02:08:42.000+02:00,252.42,591.33,-57.31,Night,5758.52,CRYPTO,0,1,0,1,2,1
TX0006564,U07362,M00192,2024-06-08T23:31:19.000+02:00,252.11,681.73,-63.02,Night,89636.12,CRYPTO,0,1,0,1,2,1
TX0078318,U08454,M00452,2025-07-29T22:36:05.000+02:00,249.72,1055.81,-76.35,Night,480.08,CRYPTO,0,1,0,1,2,1
TX0075184,U04704,M00035,2024-10-22T23:56:27.000+02:00,249.54,526.82,-52.63,Night,130.25,CRYPTO,0,1,0,1,2,1
TX0083359,U02296,M00124,2025-12-21T22:50:07.000+01:00,248.27,101.9,143.64,Night,1223.85,CRYPTO,0,1,0,1,2,1
TX0029078,U06859,M00452,2024-07-04T13:47:24.000+02:00,247.76,172.86,43.33,Afternoon,3.8,CRYPTO,0,0,1,1,2,1
TX0132498,U09425,M00514,2025-02-11T02:09:40.000+01:00,246.14,231.02,6.55,Night,12180.38,CRYPTO,0,1,0,1,2,1
TX0022938,U10749,M00561,2025-08-16T03:35:33.000+02:00,245.86,600.38,-59.05,Night,18337.05,CRYPTO,0,1,0,1,2,1
TX0022840,U07814,M00416,2025-07-26T23:23:40.000+02:00,244.94,211.07,16.05,Night,9240.57,CRYPTO,0,1,0,1,2,1
TX0128090,U05855,M00508,2025-06-08T06:39:49.000+02:00,244.18,203.5,19.99,Morning,1.32,CRYPTO,0,0,1,1,2,1
TX0087354,U10004,M00046,2025-05-04T23:16:33.000+02:00,242.5,133.17,82.1,Night,75785.2,CRYPTO,0,1,0,1,2,1
TX0054638,U91534,M00023,2025-04-27T03:29:35.000+02:00,241.17,241.17,0.0,Night,,CRYPTO,0,1,0,1,2,1
TX0014576,U05578,M00399,2024-08-08T07:57:51.000+02:00,240.44,546.1,-55.97,Morning,3.38,CRYPTO,0,0,1,1,2,1
TX0013997,U00787,M00218,2025-09-24T11:05:00.000+02:00,240.11,441.64,-45.63,Morning,3.38,CRYPTO,0,0,1,1,2,1
TX0079169,U06919,M00089,2025-05-07T03:15:07.000+02:00,240.0,212.19,13.11,Night,2613.52,CRYPTO,0,1,0,1,2,1
TX0010840,U00818,M00069,2024-09-07T05:13:57.000+02:00,239.03,320.75,-25.48,Night,7011.85,CRYPTO,0,1,0,1,2,1
TX0098778,U10159,M00163,2025-02-08T22:25:19.000+01:00,238.82,64.49,270.3,Night,570.92,CRYPTO,0,1,0,1,2,1
TX0062414,U10517,M00406,2024-09-14T23:32:27.000+02:00,238.04,420.47,-43.39,Night,384.02,CRYPTO,0,1,0,1,2,1
TX0135303,U01724,M00580,2025-11-10T04:57:28.000+01:00,237.61,372.5,-36.21,Night,3.0,PAYPAL,0,1,1,0,2,1
TX0080185,U02848,M00186,2024-12-30T23:33:31.000+01:00,237.16,137.95,71.91,Night,583.02,CRYPTO,0,1,0,1,2,1
TX0089633,U05830,M00368,2024-09-07T00:02:11.000+02:00,235.97,226.1,4.36,Night,1863.17,CRYPTO,0,1,0,1,2,1
TX0052206,U09769,M00196,2025-04-11T03:33:02.000+02:00,235.9,252.1,-6.43,Night,12151.78,CRYPTO,0,1,0,1,2,1
TX0086931,U09075,M00066,2025-05-26T01:47:13.000+02:00,235.55,241.84,-2.6,Night,26714.58,CRYPTO,0,1,0,1,2,1
TX0054603,U11064,M00056,2024-03-05T01:12:39.000+01:00,235.07,125.07,87.96,Night,3375.95,CRYPTO,0,1,0,1,2,1
TX0108001,U05487,M00034,2025-08-19T22:29:59.000+02:00,234.83,634.48,-62.99,Night,255.83,CRYPTO,0,1,0,1,2,1
TX0051557,U01391,M00310,2024-12-22T22:12:06.000+01:00,234.37,149.63,56.63,Night,665.53,CRYPTO,0,1,0,1,2,1
TX0054096,U04470,M00457,2025-07-01T23:03:39.000+02:00,234.28,157.93,48.35,Night,12478.25,CRYPTO,0,1,0,1,2,1
TX0073207,U07633,M00381,2025-07-14T02:04:49.000+02:00,234.12,295.6,-20.8,Night,9014.9,CRYPTO,0,1,0,1,2,1
TX0131984,U05499,M00241,2024-02-23T23:42:08.000+01:00,233.88,170.45,37.21,Night,104.33,CRYPTO,0,1,0,1,2,1
TX0036236,U04997,M00486,2025-11-13T00:50:03.000+01:00,233.24,191.31,21.91,Night,7427.35,CRYPTO,0,1,0,1,2,1
TX0013688,U01800,M00175,2024-09-24T01:41:29.000+02:00,233.23,879.83,-73.49,Night,22440.4,CRYPTO,0,1,0,1,2,1
TX0012258,U01171,M00458,2024-10-09T01:51:58.000+02:00,232.88,170.65,36.47,Night,1.37,BANK_TRANSFER,0,1,1,0,2,1
TX0014434,U02591,M00500,2024-01-25T03:55:09.000+01:00,232.4,380.24,-38.88,Night,3.12,CRYPTO,0,1,1,1,3,1
TX0049610,U05672,M00031,2025-01-07T22:42:12.000+01:00,232.12,550.97,-57.87,Night,769.55,CRYPTO,0,1,0,1,2,1
TX0128453,U01993,M00571,2024-09-06T22:45:27.000+02:00,230.86,142.57,61.93,Night,15922.95,CRYPTO,0,1,0,1,2,1
TX0043258,U07185,M00220,2025-02-17T22:07:02.000+01:00,230.76,108.39,112.91,Night,13270.15,CRYPTO,0,1,0,1,2,1
TX0016788,U03429,M00003,2024-08-05T22:27:49.000+02:00,230.49,171.05,34.75,Night,3.75,CARD,0,1,1,0,2,1
TX0099156,U09596,M00028,2024-11-01T22:04:37.000+01:00,229.81,626.16,-63.3,Night,,CRYPTO,0,1,0,1,2,1
TX0060278,U10124,M00157,2025-11-06T01:42:11.000+01:00,229.2,326.77,-29.86,Night,,CRYPTO,0,1,0,1,2,1
TX0070237,U04620,M00564,2025-09-17T23:09:50.000+02:00,228.61,549.64,-58.41,Night,13166.38,CRYPTO,0,1,0,1,2,1
TX0095671,U01876,M00238,2025-07-21T00:14:36.000+02:00,228.05,231.61,-1.54,Night,348.25,CRYPTO,0,1,0,1,2,1
TX0046183,U04210,M00307,2025-01-28T23:43:16.000+01:00,227.94,603.22,-62.21,Night,10325.28,CRYPTO,0,1,0,1,2,1
TX0120832,U01871,M00350,2025-05-04T22:46:25.000+02:00,227.0,338.49,-32.94,Night,1887.68,CRYPTO,0,1,0,1,2,1
TX0067089,U05596,M00074,2025-05-02T22:46:05.000+02:00,226.91,228.74,-0.8,Night,92298.08,CRYPTO,0,1,0,1,2,1
TX0046834,U01123,M00580,2024-04-17T23:37:11.000+02:00,226.45,243.98,-7.18,Night,605.75,CRYPTO,0,1,0,1,2,1
TX0128382,U02496,M00399,2024-12-29T05:25:32.000+01:00,225.6,165.62,36.22,Night,3.48,CASH,0,1,1,0,2,1
TX0053772,U01488,M00475,2025-05-15T01:00:00.000+02:00,225.15,215.5,4.48,Night,0.98,CRYPTO,0,1,1,1,3,1
TX0134794,U08470,M00045,2025-01-26T22:08:16.000+01:00,224.42,186.6,20.27,Night,643.17,CRYPTO,0,1,0,1,2,1
TX0082051,U07216,M00535,2025-08-24T03:27:47.000+02:00,224.01,357.48,-37.34,Night,18411.83,CRYPTO,0,1,0,1,2,1
TX0041319,U02885,M00253,2025-03-15T04:03:50.000+01:00,223.94,183.72,21.89,Night,18549.97,CRYPTO,0,1,0,1,2,1
TX0059405,U11701,M00048,2025-11-20T22:46:12.000+01:00,223.65,235.77,-5.14,Night,305.08,CRYPTO,0,1,0,1,2,1
TX0107425,U04098,M00048,2024-12-02T01:53:27.000+01:00,222.78,430.73,-48.28,Night,,CRYPTO,0,1,0,1,2,1
TX0078365,U04285,M00451,2025-02-23T22:44:44.000+01:00,219.6,955.13,-77.01,Night,3687.1,CRYPTO,0,1,0,1,2,1
TX0109856,U01838,M00214,2024-05-12T01:07:00.000+02:00,219.22,117.02,87.34,Night,6516.05,CRYPTO,0,1,0,1,2,1
TX0033322,U04435,M00595,2024-06-02T22:39:36.000+02:00,218.54,177.81,22.91,Night,,CRYPTO,0,1,0,1,2,1
TX0086260,U09267,M00102,2025-01-09T22:53:09.000+01:00,218.39,380.19,-42.56,Night,12317.88,CRYPTO,0,1,0,1,2,1
TX0113826,U10960,M00373,2025-05-24T03:10:34.000+02:00,218.21,234.89,-7.1,Night,7849.87,CRYPTO,0,1,0,1,2,1
TX0127032,U07676,M00350,2025-07-10T22:44:32.000+02:00,218.03,129.73,68.07,Night,,CRYPTO,0,1,0,1,2,1
TX0037416,U11770,M00209,2025-11-06T03:16:48.000+01:00,217.7,158.82,37.07,Night,58792.03,CRYPTO,0,1,0,1,2,1
TX0106335,U00075,M00234,2025-11-04T22:36:58.000+01:00,217.48,347.87,-37.48,Night,2.67,PAYPAL,0,1,1,0,2,1
TX0041844,U11636,M00585,2024-07-20T03:25:59.000+02:00,217.23,591.7,-63.29,Night,664.7,CRYPTO,0,1,0,1,2,1
TX0021521,U02799,M00141,2025-09-02T02:10:21.000+02:00,217.23,411.15,-47.16,Night,2194.35,CRYPTO,0,1,0,1,2,1
TX0014555,U04667,M00556,2025-03-02T00:31:45.000+01:00,217.19,552.1,-60.66,Night,11894.88,CRYPTO,0,1,0,1,2,1
TX0001422,U07385,M00199,2024-09-28T05:05:00.000+02:00,217.01,348.48,-37.73,Night,4.8,BANK_TRANSFER,0,1,1,0,2,1
TX0025764,U05347,M00061,2025-02-05T01:26:32.000+01:00,216.53,231.37,-6.41,Night,1671.08,CRYPTO,0,1,0,1,2,1
TX0087860,U07190,M00269,2025-02-05T23:20:30.000+01:00,216.47,154.01,40.56,Night,1661.08,CRYPTO,0,1,0,1,2,1
TX0068419,U06251,M00337,2024-05-06T05:57:26.000+02:00,216.24,515.73,-58.07,Night,4040.83,CRYPTO,0,1,0,1,2,1
TX0069005,U06649,M00091,2025-08-16T10:15:39.000+02:00,216.21,221.8,-2.52,Morning,0.95,CRYPTO,0,0,1,1,2,1
TX0119005,U11582,M00465,2025-05-03T23:30:37.000+02:00,215.01,295.34,-27.2,Night,16733.65,CRYPTO,0,1,0,1,2,1
TX0026116,U07591,M00377,2024-07-29T01:30:36.000+02:00,214.95,134.48,59.84,Night,343.18,CRYPTO,0,1,0,1,2,1
TX0121721,U02508,M00212,2025-05-25T23:34:47.000+02:00,214.67,164.65,30.38,Night,14834.83,CRYPTO,0,1,0,1,2,1
TX0047222,U05433,M00470,2024-08-30T10:59:02.000+02:00,214.44,283.83,-24.45,Morning,3.73,CRYPTO,0,0,1,1,2,1
TX0101687,U10056,M00071,2025-03-14T05:21:33.000+01:00,213.12,362.01,-41.13,Night,4999.53,CRYPTO,0,1,0,1,2,1
TX0068744,U09354,M00166,2025-05-19T22:18:37.000+02:00,213.06,668.99,-68.15,Night,9390.85,CRYPTO,0,1,0,1,2,1
TX0110649,U11024,M00295,2024-08-03T05:57:17.000+02:00,212.71,443.49,-52.04,Night,32382.07,CRYPTO,0,1,0,1,2,1
TX0108339,U00616,M00095,2025-08-22T04:20:21.000+02:00,212.45,266.84,-20.38,Night,2229.8,CRYPTO,0,1,0,1,2,1
TX0127922,U10570,M00171,2025-01-19T22:39:05.000+01:00,212.3,134.74,57.56,Night,7902.47,CRYPTO,0,1,0,1,2,1
TX0038587,U10179,M00043,2024-08-18T02:30:43.000+02:00,212.22,448.42,-52.67,Night,51.3,CRYPTO,0,1,0,1,2,1
TX0123488,U07879,M00577,2025-08-02T03:01:23.000+02:00,211.42,552.46,-61.73,Night,,CRYPTO,0,1,0,1,2,1
TX0122188,U10750,M00175,2025-10-06T22:10:28.000+02:00,210.71,447.97,-52.96,Night,85005.47,CRYPTO,0,1,0,1,2,1
TX0053378,U09291,M00382,2025-03-14T23:40:38.000+01:00,209.0,726.88,-71.25,Night,4675.7,CRYPTO,0,1,0,1,2,1
TX0023393,U10771,M00453,2024-09-15T00:25:32.000+02:00,208.94,203.04,2.9,Night,206171.15,CRYPTO,0,1,0,1,2,1
TX0127004,U10163,M00124,2024-08-16T22:57:42.000+02:00,208.49,348.35,-40.15,Night,2987.95,CRYPTO,0,1,0,1,2,1
TX0089528,U00295,M00522,2025-08-04T18:21:36.000+02:00,207.61,193.1,7.52,Evening,4.1,CRYPTO,0,0,1,1,2,1
TX0036546,U09972,M00406,2025-04-16T22:53:28.000+02:00,207.22,534.06,-61.2,Night,16604.48,CRYPTO,0,1,0,1,2,1
TX0074792,U02173,M00464,2024-07-18T00:26:44.000+02:00,206.97,321.38,-35.6,Night,10467.48,CRYPTO,0,1,0,1,2,1
TX0084076,U02897,M00203,2025-07-13T05:32:13.000+02:00,206.88,384.09,-46.14,Night,286182.95,CRYPTO,0,1,0,1,2,1
TX0040434,U03826,M00154,2025-10-28T01:12:29.000+01:00,206.83,199.93,3.45,Night,807.6,CRYPTO,0,1,0,1,2,1
TX0088638,U02756,M00512,2024-02-07T14:34:48.000+01:00,206.68,90.96,127.23,Afternoon,2.35,CRYPTO,0,0,1,1,2,1
TX0057231,U03005,M00066,2024-12-18T04:11:46.000+01:00,206.32,660.18,-68.75,Night,39255.27,CRYPTO,0,1,0,1,2,1
TX0119629,U06071,M00148,2024-05-10T15:10:10.000+02:00,206.14,470.71,-56.21,Afternoon,1.85,CRYPTO,0,0,1,1,2,1
TX0090051,U01947,M00393,2025-03-12T04:19:40.000+01:00,205.5,445.12,-53.83,Night,12585.78,CRYPTO,0,1,0,1,2,1
TX0040054,U06836,M00030,2024-06-26T02:29:01.000+02:00,204.61,197.59,3.56,Night,6692.8,CRYPTO,0,1,0,1,2,1
TX0050022,U06577,M00569,2024-11-14T04:12:14.000+01:00,204.29,233.41,-12.48,Night,1163.92,CRYPTO,0,1,0,1,2,1
TX0053167,U10137,M00162,2024-12-17T03:56:31.000+01:00,203.82,400.66,-49.13,Night,27083.02,CRYPTO,0,1,0,1,2,1
TX0046225,U03374,M00364,2024-06-17T01:28:00.000+02:00,203.62,366.26,-44.41,Night,10487.87,CRYPTO,0,1,0,1,2,1
TX0076174,U01319,M00420,2025-03-19T01:47:20.000+01:00,203.19,459.14,-55.75,Night,8113.45,CRYPTO,0,1,0,1,2,1
TX0057701,U05046,M00493,2025-03-12T02:29:14.000+01:00,203.1,386.71,-47.48,Night,56797.22,CRYPTO,0,1,0,1,2,1
TX0107064,U03651,M00350,2025-04-16T23:35:47.000+02:00,202.45,1012.14,-80.0,Night,4547.52,CRYPTO,0,1,0,1,2,1
TX0075977,U10963,M00154,2025-07-28T02:28:27.000+02:00,202.42,241.74,-16.26,Night,345.43,CRYPTO,0,1,0,1,2,1
TX0123747,U02508,M00162,2025-06-05T22:20:39.000+02:00,202.33,164.65,22.89,Night,14053.72,CRYPTO,0,1,0,1,2,1
TX0035505,U04239,M00384,2024-04-17T23:55:36.000+02:00,200.96,521.0,-61.43,Night,5085.03,CRYPTO,0,1,0,1,2,1
TX0136834,U03151,M00091,2025-09-22T02:54:55.000+02:00,199.99,113.06,76.89,Night,1.03,CARD,0,1,1,0,2,1
TX0127902,U05325,M00520,2025-01-07T04:56:06.000+01:00,199.63,358.74,-44.35,Night,101631.27,CRYPTO,0,1,0,1,2,1
TX0048810,U09685,M00212,2024-12-15T03:22:35.000+01:00,199.27,226.54,-12.04,Night,2120.42,CRYPTO,0,1,0,1,2,1
TX0059901,U10054,M00534,2025-10-12T05:22:14.000+02:00,198.46,246.49,-19.49,Night,2154.4,CRYPTO,0,1,0,1,2,1
TX0036764,U04925,M00264,2024-09-03T22:25:23.000+02:00,198.0,730.58,-72.9,Night,49793.13,CRYPTO,0,1,0,1,2,1
TX0067635,U01729,M00240,2025-07-04T22:51:36.000+02:00,197.54,240.19,-17.76,Night,272361.02,CRYPTO,0,1,0,1,2,1
TX0036462,U03847,M00350,2025-03-15T22:02:14.000+01:00,197.17,163.44,20.63,Night,212261.7,CRYPTO,0,1,0,1,2,1
TX0084300,U06139,M00135,2024-03-27T05:27:53.000+01:00,196.98,176.75,11.44,Night,569.05,CRYPTO,0,1,0,1,2,1
TX0117801,U04108,M00541,2025-06-22T03:47:08.000+02:00,196.42,303.76,-35.34,Night,2399.93,CRYPTO,0,1,0,1,2,1
TX0120865,U02694,M00471,2025-08-11T04:27:57.000+02:00,195.69,760.17,-74.26,Night,1176.27,CRYPTO,0,1,0,1,2,1
TX0124860,U03011,M00095,2024-08-15T22:58:59.000+02:00,195.63,325.56,-39.91,Night,2984.12,CRYPTO,0,1,0,1,2,1
TX0122625,U02508,M00361,2025-12-13T02:42:00.000+01:00,194.92,164.65,18.39,Night,7713.93,CRYPTO,0,1,0,1,2,1
TX0030617,U01025,M00129,2024-05-30T00:43:42.000+02:00,194.37,99.22,95.9,Night,14571.0,CRYPTO,0,1,0,1,2,1
TX0119696,U06443,M00589,2024-11-26T01:16:29.000+01:00,194.32,348.09,-44.18,Night,13257.7,CRYPTO,0,1,0,1,2,1
TX0090348,U07015,M00124,2024-09-05T01:21:52.000+02:00,194.01,291.45,-33.43,Night,,CRYPTO,0,1,0,1,2,1
TX0104823,U06057,M00437,2024-09-15T00:49:35.000+02:00,193.83,531.57,-63.54,Night,3.72,PAYPAL,0,1,1,0,2,1
TX0007687,U11608,M00359,2025-02-20T22:01:32.000+01:00,193.77,296.7,-34.69,Night,2980.58,CRYPTO,0,1,0,1,2,1
TX0050046,U06858,M00513,2024-08-24T22:39:30.000+02:00,193.65,307.05,-36.93,Night,24918.93,CRYPTO,0,1,0,1,2,1
TX0100959,U04891,M00411,2025-05-28T02:44:30.000+02:00,193.44,802.61,-75.9,Night,15381.2,CRYPTO,0,1,0,1,2,1
TX0102310,U06141,M00034,2025-07-01T22:14:41.000+02:00,193.22,183.84,5.1,Night,,CRYPTO,0,1,0,1,2,1
TX0008929,U02885,M00020,2025-09-04T23:51:36.000+02:00,193.02,183.72,5.06,Night,183415.3,CRYPTO,0,1,0,1,2,1
TX0015810,U11811,M00162,2025-07-19T00:45:00.000+02:00,192.63,122.05,57.83,Night,10665.07,CRYPTO,0,1,0,1,2,1
TX0028672,U00216,M00323,2025-05-21T02:25:03.000+02:00,192.15,1003.27,-80.85,Night,11034.5,CRYPTO,0,1,0,1,2,1
TX0032210,U10309,M00031,2025-09-23T03:17:04.000+02:00,190.61,604.98,-68.49,Night,4.62,PAYPAL,0,1,1,0,2,1
TX0054905,U10752,M00240,2025-01-27T23:22:32.000+01:00,189.27,155.58,21.65,Night,102425.13,CRYPTO,0,1,0,1,2,1
TX0049365,U06736,M00595,2025-06-27T04:47:10.000+02:00,189.16,132.73,42.52,Night,163.32,CRYPTO,0,1,0,1,2,1
TX0049641,U10008,M00469,2024-06-30T22:45:12.000+02:00,188.57,424.49,-55.58,Night,13391.77,CRYPTO,0,1,0,1,2,1
TX0077102,U08282,M00079,2025-10-28T05:51:14.000+01:00,188.45,426.64,-55.83,Night,7950.83,CRYPTO,0,1,0,1,2,1
TX0079097,U11492,M00503,2024-05-09T01:20:31.000+02:00,188.09,268.88,-30.05,Night,636.97,CRYPTO,0,1,0,1,2,1
TX0113605,U02173,M00505,2024-07-10T00:16:09.000+02:00,186.43,321.38,-41.99,Night,768.68,CRYPTO,0,1,0,1,2,1
TX0079912,U03452,M00246,2025-03-08T04:01:15.000+01:00,185.23,111.8,65.69,Night,6714.15,CRYPTO,0,1,0,1,2,1
TX0096164,U07296,M00125,2025-04-18T22:20:28.000+02:00,184.66,170.53,8.28,Night,115817.28,CRYPTO,0,1,0,1,2,1
TX0000682,U09420,M00026,2025-11-03T22:10:31.000+01:00,183.29,668.54,-72.58,Night,276.47,CRYPTO,0,1,0,1,2,1
TX0109668,U07946,M00019,2025-05-10T22:36:17.000+02:00,182.9,159.34,14.78,Night,6125.23,CRYPTO,0,1,0,1,2,1
TX0131156,U09696,M00061,2025-04-09T05:39:28.000+02:00,182.72,138.48,31.95,Night,3.98,CRYPTO,0,1,1,1,3,1
TX0047069,U02537,M00598,2024-04-04T00:53:16.000+02:00,181.28,380.95,-52.41,Night,,CRYPTO,0,1,0,1,2,1
TX0037303,U04667,M00545,2025-11-12T02:56:45.000+01:00,180.43,552.1,-67.32,Night,523.62,CRYPTO,0,1,0,1,2,1
TX0052533,U08899,M00305,2025-04-17T00:54:39.000+02:00,179.88,544.01,-66.93,Night,212.07,CRYPTO,0,1,0,1,2,1
TX0016216,U05806,M00459,2024-09-03T02:32:16.000+02:00,179.55,780.13,-76.98,Night,171709.15,CRYPTO,0,1,0,1,2,1
TX0136910,U07787,M00350,2024-11-19T01:44:23.000+01:00,179.52,305.63,-41.26,Night,116048.53,CRYPTO,0,1,0,1,2,1
TX0089958,U05148,M00474,2025-09-08T22:46:21.000+02:00,179.37,245.16,-26.84,Night,2.0,CARD,0,1,1,0,2,1
TX0001775,U06369,M00172,2024-01-21T22:39:37.000+01:00,179.23,161.5,10.98,Night,9562.9,CRYPTO,0,1,0,1,2,1
TX0019863,U05636,M00146,2024-07-02T23:24:29.000+02:00,178.95,318.69,-43.85,Night,95881.08,CRYPTO,0,1,0,1,2,1
TX0067297,U04320,M00236,2025-11-22T04:45:36.000+01:00,178.56,380.99,-53.13,Night,20869.87,CRYPTO,0,1,0,1,2,1
TX0076510,U02284,M00493,2024-03-21T22:15:37.000+01:00,177.73,497.42,-64.27,Night,3166.95,CRYPTO,0,1,0,1,2,1
TX0136234,U05515,M00146,2024-07-12T22:00:53.000+02:00,177.63,178.96,-0.75,Night,108036.65,CRYPTO,0,1,0,1,2,1
TX0050111,U03011,M00046,2024-04-30T22:03:28.000+02:00,177.18,325.56,-45.58,Night,12242.7,CRYPTO,0,1,0,1,2,1
TX0025763,U07814,M00259,2025-06-27T23:29:02.000+02:00,176.26,211.07,-16.49,Night,27550.0,CRYPTO,0,1,0,1,2,1
TX0008797,U01194,M00446,2025-12-17T22:37:10.000+01:00,176.1,289.2,-39.11,Night,12121.47,CRYPTO,0,1,0,1,2,1
TX0061677,U04870,M00026,2024-06-20T03:57:03.000+02:00,175.53,143.47,22.34,Night,11915.47,CRYPTO,0,1,0,1,2,1
TX0029704,U00522,M00007,2024-04-18T01:34:17.000+02:00,174.65,71.08,145.7,Night,21959.08,CRYPTO,0,1,0,1,2,1
TX0005896,U07390,M00516,2025-03-31T00:35:02.000+02:00,174.34,177.2,-1.61,Night,23223.03,CRYPTO,0,1,0,1,2,1
TX0075093,U01383,M00495,2024-06-12T04:39:25.000+02:00,173.49,448.2,-61.29,Night,2407.77,CRYPTO,0,1,0,1,2,1
TX0134076,U11102,M00047,2024-05-15T22:10:22.000+02:00,172.95,384.8,-55.05,Night,44.37,CRYPTO,0,1,0,1,2,1
TX0134746,U03657,M00497,2025-01-22T03:33:43.000+01:00,172.64,227.85,-24.23,Night,6428.75,CRYPTO,0,1,0,1,2,1
TX0038623,U10300,M00103,2025-07-10T05:43:33.000+02:00,172.55,599.06,-71.2,Night,12243.13,CRYPTO,0,1,0,1,2,1
TX0102704,U00576,M00328,2024-04-17T01:36:39.000+02:00,171.27,150.53,13.78,Night,,CRYPTO,0,1,0,1,2,1
TX0056307,U05134,M00030,2024-12-29T10:39:57.000+01:00,170.71,433.3,-60.6,Morning,1.0,CRYPTO,0,0,1,1,2,1
TX0046944,U05862,M00205,2024-08-13T02:21:03.000+02:00,170.49,586.89,-70.95,Night,14634.2,CRYPTO,0,1,0,1,2,1
TX0053680,U01451,M00150,2024-12-08T03:21:08.000+01:00,170.48,432.2,-60.56,Night,5433.08,CRYPTO,0,1,0,1,2,1
TX0076840,U11624,M00399,2025-09-16T22:32:08.000+02:00,169.92,563.09,-69.82,Night,1498.8,CRYPTO,0,1,0,1,2,1
TX0066979,U06866,M00220,2025-10-09T00:04:42.000+02:00,169.39,262.09,-35.37,Night,3270.65,CRYPTO,0,1,0,1,2,1
TX0034952,U10170,M00232,2024-07-08T00:31:34.000+02:00,169.36,72.66,133.09,Night,,CRYPTO,0,1,0,1,2,1
TX0012670,U11859,M00259,2025-04-07T02:38:57.000+02:00,169.1,352.56,-52.04,Night,150218.48,CRYPTO,0,1,0,1,2,1
TX0035852,U08579,M00187,2025-03-27T22:59:18.000+01:00,169.08,403.7,-58.12,Night,1625.87,CRYPTO,0,1,0,1,2,1
TX0129334,U05211,M00399,2025-03-26T00:09:12.000+01:00,167.73,297.48,-43.62,Night,2263.4,CRYPTO,0,1,0,1,2,1
TX0018831,U11428,M00474,2024-01-15T22:10:25.000+01:00,167.01,163.63,2.07,Night,20319.8,CRYPTO,0,1,0,1,2,1
TX0128167,U03800,M00280,2024-08-23T04:24:19.000+02:00,166.82,864.98,-80.71,Night,15556.45,CRYPTO,0,1,0,1,2,1
TX0013558,U04772,M00522,2024-10-16T23:49:05.000+02:00,166.5,1363.0,-87.78,Night,1366.63,CRYPTO,0,1,0,1,2,1
TX0005330,U11761,M00123,2024-01-07T04:21:56.000+01:00,166.36,117.2,41.95,Night,634.93,CRYPTO,0,1,0,1,2,1
TX0000624,U00243,M00167,2025-01-28T22:26:05.000+01:00,166.24,610.67,-72.78,Night,23843.7,CRYPTO,0,1,0,1,2,1
TX0002519,U08251,M00551,2025-06-27T16:42:52.000+02:00,165.85,214.27,-22.6,Afternoon,4.2,CRYPTO,0,0,1,1,2,1
TX0023053,U02006,M00550,2025-10-19T03:45:22.000+02:00,164.16,137.47,19.42,Night,19647.03,CRYPTO,0,1,0,1,2,1
TX0095636,U06608,M00142,2025-09-25T03:02:14.000+02:00,162.7,175.75,-7.42,Night,613.32,CRYPTO,0,1,0,1,2,1
TX0072333,U10102,M00305,2024-02-12T03:03:27.000+01:00,162.19,115.55,40.37,Night,15144.75,CRYPTO,0,1,0,1,2,1
TX0118855,U11883,M00497,2024-02-25T23:42:11.000+01:00,162.09,346.08,-53.16,Night,3162.67,CRYPTO,0,1,0,1,2,1
TX0036895,U00650,M00414,2024-04-23T23:13:41.000+02:00,162.02,213.37,-24.07,Night,89541.37,CRYPTO,0,1,0,1,2,1
TX0063277,U07904,M00362,2025-06-08T05:36:40.000+02:00,161.71,338.96,-52.29,Night,104386.5,CRYPTO,0,1,0,1,2,1
TX0026624,U06838,M00025,2025-10-25T05:17:07.000+02:00,161.23,283.27,-43.08,Night,7810.98,CRYPTO,0,1,0,1,2,1
TX0016530,U01975,M00010,2025-01-19T02:03:22.000+01:00,160.7,117.48,36.79,Night,338818.62,CRYPTO,0,1,0,1,2,1
TX0024927,U01487,M00481,2025-09-01T22:26:51.000+02:00,160.66,707.91,-77.31,Night,6285.48,CRYPTO,0,1,0,1,2,1
TX0090933,U01835,M00024,2024-11-11T03:21:04.000+01:00,160.59,230.9,-30.45,Night,4982.85,CRYPTO,0,1,0,1,2,1
TX0051352,U04479,M00219,2025-04-19T23:17:31.000+02:00,160.52,409.51,-60.8,Night,906.03,CRYPTO,0,1,0,1,2,1
TX0027562,U07462,M00330,2025-03-27T03:46:35.000+01:00,160.22,54.94,191.64,Night,3084.38,CRYPTO,0,1,0,1,2,1
TX0081164,U00380,M00259,2024-07-29T05:46:06.000+02:00,159.99,348.67,-54.11,Night,700.27,CRYPTO,0,1,0,1,2,1
TX0030276,U09931,M00522,2025-03-09T23:20:45.000+01:00,159.43,307.08,-48.08,Night,3820.52,CRYPTO,0,1,0,1,2,1
TX0105262,U00279,M00254,2024-04-14T01:21:19.000+02:00,159.21,100.31,58.72,Night,2213.67,CRYPTO,0,1,0,1,2,1
TX0093799,U97410,M00315,2025-04-26T00:27:32.000+02:00,159.08,159.08,0.0,Night,,CRYPTO,0,1,0,1,2,1
TX0094986,U03155,M00086,2024-06-25T00:36:06.000+02:00,158.49,623.66,-74.59,Night,23536.6,CRYPTO,0,1,0,1,2,1
TX0115970,U00734,M00039,2025-11-15T03:55:59.000+01:00,158.23,406.48,-61.07,Night,3417.15,CRYPTO,0,1,0,1,2,1
TX0066916,U03955,M00133,2024-06-27T23:04:28.000+02:00,156.94,684.35,-77.07,Night,21977.67,CRYPTO,0,1,0,1,2,1
TX0011786,U09685,M00205,2024-08-21T03:25:37.000+02:00,156.86,226.54,-30.76,Night,5268.03,CRYPTO,0,1,0,1,2,1
TX0089032,U04477,M00224,2025-02-16T22:08:43.000+01:00,156.48,594.25,-73.67,Night,10338.52,CRYPTO,0,1,0,1,2,1
TX0010656,U11931,M00257,2024-06-20T00:19:49.000+02:00,156.22,176.26,-11.37,Night,11923.42,CRYPTO,0,1,0,1,2,1
TX0095629,U04417,M00283,2024-04-09T22:34:34.000+02:00,156.21,464.11,-66.34,Night,2026.55,CRYPTO,0,1,0,1,2,1
TX0117472,U08386,M00237,2024-07-16T22:40:08.000+02:00,155.89,104.69,48.9,Night,19022.87,CRYPTO,0,1,0,1,2,1
TX0111348,U04623,M00154,2024-06-13T22:54:48.000+02:00,155.8,493.51,-68.43,Night,4767.47,CRYPTO,0,1,0,1,2,1
TX0073367,U08165,M00222,2024-03-26T22:27:47.000+01:00,155.7,256.06,-39.2,Night,925.87,CRYPTO,0,1,0,1,2,1
TX0086310,U01614,M00117,2025-05-16T01:54:44.000+02:00,155.37,1101.06,-85.89,Night,25056.33,CRYPTO,0,1,0,1,2,1
TX0094569,U03226,M00241,2025-06-12T03:59:33.000+02:00,155.11,221.02,-29.82,Night,62525.22,CRYPTO,0,1,0,1,2,1
TX0060075,U01771,M00134,2025-06-06T22:30:04.000+02:00,154.87,419.21,-63.06,Night,353.12,CRYPTO,0,1,0,1,2,1
TX0070871,U01760,M00276,2025-06-29T15:59:06.000+02:00,154.62,306.68,-49.58,Afternoon,2.5,CRYPTO,0,0,1,1,2,1
TX0129822,U07639,M00480,2024-12-13T04:17:49.000+01:00,154.58,131.88,17.22,Night,23540.77,CRYPTO,0,1,0,1,2,1
TX0109088,U05708,M00477,2024-08-21T22:57:53.000+02:00,154.26,104.05,48.25,Night,,CRYPTO,0,1,0,1,2,1
TX0038555,U10308,M00040,2024-04-28T22:43:58.000+02:00,154.11,350.5,-56.03,Night,8812.3,CRYPTO,0,1,0,1,2,1
TX0095114,U02803,M00547,2025-09-13T01:36:27.000+02:00,153.94,795.86,-80.66,Night,1.92,CRYPTO,0,1,1,1,3,1
TX0034646,U08279,M00434,2025-07-10T11:36:45.000+02:00,153.93,347.98,-55.76,Morning,2.95,CRYPTO,0,0,1,1,2,1
TX0054475,U00502,M00364,2025-09-14T15:47:33.000+02:00,153.85,586.88,-73.79,Afternoon,4.82,CRYPTO,0,0,1,1,2,1
TX0065564,U05143,M00410,2024-09-03T01:06:24.000+02:00,153.65,151.96,1.11,Night,,CRYPTO,0,1,0,1,2,1
TX0098064,U06706,M00376,2024-01-26T22:50:53.000+01:00,153.48,175.47,-12.53,Night,14509.3,CRYPTO,0,1,0,1,2,1
TX0014244,U04728,M00173,2025-05-11T22:40:32.000+02:00,153.34,95.87,59.95,Night,467.98,CRYPTO,0,1,0,1,2,1
TX0111682,U03112,M00212,2024-11-21T04:19:16.000+01:00,152.99,177.31,-13.71,Night,996.33,CRYPTO,0,1,0,1,2,1
TX0063340,U04689,M00437,2025-07-22T22:42:30.000+02:00,152.99,170.15,-10.08,Night,6430.3,CRYPTO,0,1,0,1,2,1
TX0047053,U09446,M00239,2025-02-02T22:20:18.000+01:00,152.6,730.64,-79.11,Night,358528.43,CRYPTO,0,1,0,1,2,1
TX0110072,U02000,M00522,2025-07-11T04:12:23.000+02:00,152.44,209.96,-27.39,Night,8275.67,CRYPTO,0,1,0,1,2,1
TX0107792,U02057,M00333,2025-04-07T23:18:02.000+02:00,152.35,454.94,-66.51,Night,62025.1,CRYPTO,0,1,0,1,2,1
TX0098501,U07682,M00105,2024-01-01T22:38:47.000+01:00,152.03,594.3,-74.42,Night,,CRYPTO,0,1,0,1,2,1
TX0114744,U02625,M00186,2025-09-12T02:45:21.000+02:00,151.95,168.42,-9.78,Night,457.3,CRYPTO,0,1,0,1,2,1
TX0069451,U03435,M00474,2024-04-10T01:23:04.000+02:00,151.65,231.33,-34.44,Night,92350.05,CRYPTO,0,1,0,1,2,1
TX0021482,U07022,M00600,2024-01-19T01:41:00.000+01:00,151.06,589.07,-74.36,Night,3663.47,CRYPTO,0,1,0,1,2,1
TX0002683,U10800,M00533,2025-04-13T22:15:17.000+02:00,151.01,344.79,-56.2,Night,8239.88,CRYPTO,0,1,0,1,2,1
TX0056161,U04236,M00105,2025-02-12T01:47:33.000+01:00,150.85,226.62,-33.43,Night,3149.3,CRYPTO,0,1,0,1,2,1
TX0036734,U03919,M00470,2024-06-14T01:26:04.000+02:00,150.55,64.75,132.52,Night,807.55,CRYPTO,0,1,0,1,2,1
TX0036205,U04981,M00036,2024-03-17T03:31:10.000+01:00,150.12,223.49,-32.83,Night,,CRYPTO,0,1,0,1,2,1
TX0018781,U04753,M00326,2024-10-11T04:51:53.000+02:00,149.93,86.05,74.23,Night,4812.53,CRYPTO,0,1,0,1,2,1
TX0118627,U02358,M00026,2024-07-15T23:45:27.000+02:00,149.79,168.94,-11.33,Night,17770.7,CRYPTO,0,1,0,1,2,1
TX0129690,U07763,M00412,2024-02-13T00:28:55.000+01:00,149.62,155.79,-3.96,Night,982.85,CRYPTO,0,1,0,1,2,1
TX0006372,U00056,M00324,2024-11-05T23:07:53.000+01:00,149.35,179.26,-16.68,Night,339.57,CRYPTO,0,1,0,1,2,1
TX0027150,U10410,M00413,2025-07-10T01:46:13.000+02:00,149.33,767.92,-80.55,Night,10605.88,CRYPTO,0,1,0,1,2,1
TX0125322,U10476,M00026,2024-02-04T03:22:00.000+01:00,149.0,568.88,-73.81,Night,7087.47,CRYPTO,0,1,0,1,2,1
TX0037382,U04544,M00106,2024-08-08T17:18:03.000+02:00,148.52,991.79,-85.03,Afternoon,3.97,CRYPTO,0,0,1,1,2,1
TX0025336,U02859,M00305,2024-05-11T04:00:30.000+02:00,148.38,183.78,-19.26,Night,2047.23,CRYPTO,0,1,0,1,2,1
TX0027627,U09330,M00091,2024-09-06T05:44:32.000+02:00,148.31,106.53,39.22,Night,166618.97,CRYPTO,0,1,0,1,2,1
TX0117560,U05411,M00500,2024-12-22T04:24:13.000+01:00,148.17,331.91,-55.36,Night,499.58,CRYPTO,0,1,0,1,2,1
TX0039898,U03431,M00454,2024-04-17T22:05:07.000+02:00,147.97,333.66,-55.65,Night,222.55,CRYPTO,0,1,0,1,2,1
TX0043608,U03226,M00027,2025-04-26T03:46:45.000+02:00,147.68,221.02,-33.18,Night,12789.93,CRYPTO,0,1,0,1,2,1
TX0003028,U02216,M00110,2024-11-20T03:06:01.000+01:00,147.45,443.57,-66.76,Night,15314.43,CRYPTO,0,1,0,1,2,1
TX0062810,U11215,M00568,2024-12-02T22:53:46.000+01:00,147.38,492.44,-70.07,Night,,CRYPTO,0,1,0,1,2,1
TX0104019,U04473,M00290,2024-06-11T04:34:36.000+02:00,146.89,217.17,-32.36,Night,6690.67,CRYPTO,0,1,0,1,2,1
TX0103536,U11347,M00456,2025-01-23T22:30:11.000+01:00,146.75,259.58,-43.47,Night,53.42,CRYPTO,0,1,0,1,2,1
TX0131962,U07017,M00541,2025-10-03T23:32:34.000+02:00,146.66,477.73,-69.3,Night,443.45,CRYPTO,0,1,0,1,2,1
TX0040878,U03496,M00176,2025-02-01T01:37:34.000+01:00,146.62,405.81,-63.87,Night,99816.75,CRYPTO,0,1,0,1,2,1
TX0069841,U02664,M00416,2025-03-28T01:11:11.000+01:00,146.29,381.51,-61.65,Night,14964.1,CRYPTO,0,1,0,1,2,1
TX0016871,U03860,M00408,2024-08-06T22:05:52.000+02:00,146.13,336.87,-56.62,Night,,CRYPTO,0,1,0,1,2,1
TX0136050,U05636,M00275,2024-02-18T22:38:53.000+01:00,145.98,318.69,-54.19,Night,209.17,CRYPTO,0,1,0,1,2,1
TX0074296,U11876,M00349,2025-09-20T04:35:25.000+02:00,145.0,98.07,47.85,Night,25678.23,CRYPTO,0,1,0,1,2,1
TX0012681,U03529,M00372,2025-10-04T22:01:45.000+02:00,144.98,237.75,-39.02,Night,2186.67,CRYPTO,0,1,0,1,2,1
TX0108614,U05196,M00135,2024-07-01T04:59:03.000+02:00,144.42,578.57,-75.04,Night,45436.15,CRYPTO,0,1,0,1,2,1
TX0123702,U08355,M00515,2024-12-08T03:28:55.000+01:00,144.31,292.06,-50.59,Night,3198.52,CRYPTO,0,1,0,1,2,1
TX0089190,U07785,M00433,2024-12-15T22:40:53.000+01:00,143.3,846.54,-83.07,Night,10903.07,CRYPTO,0,1,0,1,2,1
TX0131661,U04175,M00257,2024-07-08T01:21:04.000+02:00,143.23,443.38,-67.7,Night,66528.82,CRYPTO,0,1,0,1,2,1
TX0089801,U04203,M00590,2025-09-26T05:41:25.000+02:00,142.92,227.44,-37.16,Night,2618.3,CRYPTO,0,1,0,1,2,1
TX0102275,U11982,M00164,2025-03-12T23:52:50.000+01:00,142.53,105.58,35.0,Night,,CRYPTO,0,1,0,1,2,1
TX0110833,U07772,M00384,2025-11-27T22:24:39.000+01:00,142.5,238.4,-40.23,Night,7553.98,CRYPTO,0,1,0,1,2,1
TX0083461,U05495,M00200,2024-11-30T01:21:32.000+01:00,142.23,241.62,-41.13,Night,13125.37,CRYPTO,0,1,0,1,2,1
TX0044894,U05316,M00202,2025-06-13T22:38:30.000+02:00,142.13,301.64,-52.88,Night,16339.42,CRYPTO,0,1,0,1,2,1
TX0012958,U03392,M00047,2024-08-27T03:59:09.000+02:00,142.09,149.55,-4.99,Night,2605.62,CRYPTO,0,1,0,1,2,1
TX0134847,U05421,M00301,2024-09-01T02:48:55.000+02:00,141.85,236.44,-40.01,Night,166728.6,CRYPTO,0,1,0,1,2,1
TX0078495,U04546,M00402,2024-03-28T01:56:17.000+01:00,141.58,138.32,2.36,Night,3065.7,CRYPTO,0,1,0,1,2,1
TX0019178,U02847,M00537,2025-03-28T23:02:19.000+01:00,140.55,210.55,-33.25,Night,6603.6,CRYPTO,0,1,0,1,2,1
TX0020124,U05158,M00349,2025-12-24T03:52:47.000+01:00,140.1,369.8,-62.11,Night,2420.57,CRYPTO,0,1,0,1,2,1
TX0119371,U05872,M00513,2024-04-16T22:44:15.000+02:00,139.95,217.96,-35.79,Night,,CRYPTO,0,1,0,1,2,1
TX0122069,U02026,M00132,2025-09-23T03:22:59.000+02:00,139.8,125.17,11.69,Night,8421.02,CRYPTO,0,1,0,1,2,1
TX0024847,U03681,M00051,2025-01-28T22:44:23.000+01:00,139.67,220.25,-36.58,Night,2220.43,CRYPTO,0,1,0,1,2,1
TX0073209,U00721,M00396,2024-07-11T02:39:35.000+02:00,139.28,320.18,-56.5,Night,26755.03,CRYPTO,0,1,0,1,2,1
TX0020162,U02706,M00439,2024-08-28T22:10:42.000+02:00,138.83,271.44,-48.85,Night,26073.03,CRYPTO,0,1,0,1,2,1
TX0024375,U08206,M00283,2024-02-14T05:58:57.000+01:00,138.72,292.14,-52.52,Night,17119.43,CRYPTO,0,1,0,1,2,1
TX0074026,U02820,M00051,2025-03-20T01:30:38.000+01:00,137.93,303.52,-54.56,Night,660.87,CRYPTO,0,1,0,1,2,1
TX0106460,U02664,M00100,2024-02-07T04:05:07.000+01:00,137.81,381.51,-63.88,Night,7587.28,CRYPTO,0,1,0,1,2,1
TX0129761,U03561,M00257,2024-05-19T23:26:22.000+02:00,136.63,186.67,-26.81,Night,6084.78,CRYPTO,0,1,0,1,2,1
TX0046255,U00552,M00065,2025-05-23T05:49:20.000+02:00,136.04,474.37,-71.32,Night,5737.5,CRYPTO,0,1,0,1,2,1
TX0048385,U02840,M00371,2025-12-02T05:16:59.000+01:00,135.87,298.25,-54.44,Night,6890.28,CRYPTO,0,1,0,1,2,1
TX0019768,U05034,M00135,2025-08-25T17:53:05.000+02:00,135.63,335.21,-59.54,Afternoon,3.88,CRYPTO,0,0,1,1,2,1
TX0103872,U04183,M00469,2024-03-19T03:38:44.000+01:00,135.46,337.88,-59.91,Night,5025.88,CRYPTO,0,1,0,1,2,1
TX0007181,U03254,M00085,2024-05-20T23:08:12.000+02:00,135.29,349.82,-61.33,Night,6465.45,CRYPTO,0,1,0,1,2,1
TX0134691,U10682,M00124,2024-03-23T04:52:00.000+01:00,135.23,67.91,99.12,Night,,CRYPTO,0,1,0,1,2,1
TX0118358,U04925,M00153,2024-04-04T01:08:15.000+02:00,134.87,730.58,-81.54,Night,367.63,CRYPTO,0,1,0,1,2,1
TX0008253,U01092,M00145,2025-06-03T22:31:21.000+02:00,134.66,359.01,-62.49,Night,2987.75,CRYPTO,0,1,0,1,2,1
TX0004123,U00384,M00254,2024-06-09T23:16:17.000+02:00,133.83,226.73,-40.97,Night,809.97,CRYPTO,0,1,0,1,2,1
TX0006950,U06103,M00222,2025-02-26T01:23:51.000+01:00,133.8,170.05,-21.32,Night,619.12,CRYPTO,0,1,0,1,2,1
TX0103039,U04162,M00152,2025-04-25T22:04:11.000+02:00,133.61,147.84,-9.63,Night,1927.53,CRYPTO,0,1,0,1,2,1
TX0081681,U05687,M00403,2024-03-12T02:59:02.000+01:00,133.53,359.15,-62.82,Night,6084.38,CRYPTO,0,1,0,1,2,1
TX0073182,U02232,M00227,2025-06-27T23:59:09.000+02:00,132.25,551.97,-76.04,Night,5876.9,CRYPTO,0,1,0,1,2,1
TX0054245,U05222,M00067,2024-12-19T00:37:19.000+01:00,132.05,176.34,-25.12,Night,80087.18,CRYPTO,0,1,0,1,2,1
TX0041047,U02934,M00174,2025-11-14T01:21:25.000+01:00,131.94,268.98,-50.95,Night,1.42,CARD,0,1,1,0,2,1
TX0011032,U00357,M00026,2025-07-21T00:16:45.000+02:00,131.93,277.51,-52.46,Night,22345.97,CRYPTO,0,1,0,1,2,1
TX0080850,U02173,M00023,2024-08-01T00:17:31.000+02:00,131.44,321.38,-59.1,Night,6491.27,CRYPTO,0,1,0,1,2,1
TX0131101,U01679,M00263,2025-10-26T05:03:17.000+01:00,131.0,152.94,-14.35,Night,9206.57,CRYPTO,0,1,0,1,2,1
TX0048119,U05302,M00140,2024-07-09T00:36:34.000+02:00,130.42,566.99,-77.0,Night,15271.95,CRYPTO,0,1,0,1,2,1
TX0123320,U09906,M00226,2024-12-07T04:27:24.000+01:00,130.42,985.48,-86.77,Night,2453.02,CRYPTO,0,1,0,1,2,1
TX0136981,U10610,M00322,2024-10-23T23:14:11.000+02:00,130.11,351.13,-62.95,Night,264.0,CRYPTO,0,1,0,1,2,1
TX0036163,U08511,M00208,2024-11-14T04:34:05.000+01:00,130.1,129.66,0.34,Night,1209.72,CRYPTO,0,1,0,1,2,1
TX0043494,U07094,M00271,2025-10-19T23:08:28.000+02:00,129.9,115.17,12.79,Night,,CRYPTO,0,1,0,1,2,1
TX0043577,U10517,M00067,2024-09-27T05:43:28.000+02:00,129.85,420.47,-69.12,Night,4945.97,CRYPTO,0,1,0,1,2,1
TX0049540,U03070,M00008,2024-11-14T01:24:09.000+01:00,129.8,641.38,-79.76,Night,5253.87,CRYPTO,0,1,0,1,2,1
TX0075100,U00478,M00241,2025-03-05T22:06:24.000+01:00,129.7,650.16,-80.05,Night,466.33,CRYPTO,0,1,0,1,2,1
TX0051513,U09024,M00530,2024-12-22T23:17:57.000+01:00,129.65,785.47,-83.49,Night,13417.08,CRYPTO,0,1,0,1,2,1
TX0046235,U09667,M00226,2024-03-08T23:36:19.000+01:00,129.35,769.69,-83.19,Night,691.17,CRYPTO,0,1,0,1,2,1
TX0012399,U09590,M00469,2025-12-12T02:39:59.000+01:00,129.35,528.42,-75.52,Night,460207.87,CRYPTO,0,1,0,1,2,1
TX0014290,U08402,M00434,2025-05-26T05:37:06.000+02:00,129.21,409.79,-68.47,Night,4099.98,CRYPTO,0,1,0,1,2,1
TX0079790,U01171,M00458,2024-10-09T01:50:36.000+02:00,128.57,170.65,-24.66,Night,1915.55,CRYPTO,0,1,0,1,2,1
TX0030553,U02000,M00227,2025-06-28T22:15:11.000+02:00,128.12,209.96,-38.98,Night,9403.98,CRYPTO,0,1,0,1,2,1
TX0062227,U02134,M00050,2025-11-16T01:13:40.000+01:00,127.37,181.81,-29.94,Night,14848.03,CRYPTO,0,1,0,1,2,1
TX0047020,U08402,M00576,2024-06-12T04:46:18.000+02:00,127.23,409.79,-68.95,Night,5115.77,CRYPTO,0,1,0,1,2,1
TX0014338,U11064,M00152,2024-11-16T02:50:53.000+01:00,127.1,125.07,1.63,Night,7256.48,CRYPTO,0,1,0,1,2,1
TX0115219,U02179,M00285,2024-08-23T22:16:17.000+02:00,126.06,240.21,-47.52,Night,1489.03,CRYPTO,0,1,0,1,2,1
TX0134531,U07842,M00527,2025-06-06T00:43:22.000+02:00,125.94,201.3,-37.44,Night,6475.83,CRYPTO,0,1,0,1,2,1
TX0070614,U00886,M00263,2025-07-28T13:23:44.000+02:00,125.92,366.18,-65.61,Afternoon,1.45,CRYPTO,0,0,1,1,2,1
TX0032618,U09265,M00567,2024-11-25T00:10:01.000+01:00,125.21,124.69,0.42,Night,2029.17,CRYPTO,0,1,0,1,2,1
TX0099760,U03374,M00552,2024-06-30T04:38:50.000+02:00,124.86,366.26,-65.91,Night,10896.32,CRYPTO,0,1,0,1,2,1
TX0058693,U09265,M00567,2024-11-25T00:11:24.000+01:00,124.58,124.69,-0.09,Night,1.38,CRYPTO,0,1,1,1,3,1
TX0058947,U04922,M00583,2025-01-02T00:02:21.000+01:00,124.24,362.68,-65.74,Night,13938.33,CRYPTO,0,1,0,1,2,1
TX0002428,U00568,M00399,2024-02-26T23:46:12.000+01:00,123.86,273.74,-54.75,Night,6494.85,CRYPTO,0,1,0,1,2,1
TX0121109,U03291,M00565,2024-11-30T02:14:47.000+01:00,123.73,258.81,-52.19,Night,27859.88,CRYPTO,0,1,0,1,2,1
TX0051808,U09800,M00067,2025-04-05T03:26:45.000+02:00,123.68,425.79,-70.95,Night,55121.43,CRYPTO,0,1,0,1,2,1
TX0125217,U11552,M00352,2025-03-03T23:27:14.000+01:00,123.64,914.73,-86.48,Night,3906.3,CRYPTO,0,1,0,1,2,1
TX0002313,U00144,M00430,2025-05-16T03:47:51.000+02:00,123.1,274.01,-55.07,Night,110651.62,CRYPTO,0,1,0,1,2,1
TX0054034,U02688,M00523,2024-06-25T01:19:56.000+02:00,122.84,474.64,-74.12,Night,2316.13,CRYPTO,0,1,0,1,2,1
TX0041504,U00097,M00530,2025-07-22T01:44:45.000+02:00,122.82,744.8,-83.51,Night,13922.93,CRYPTO,0,1,0,1,2,1
TX0008583,U07285,M00574,2024-12-14T00:24:36.000+01:00,122.5,157.26,-22.1,Night,6920.92,CRYPTO,0,1,0,1,2,1
TX0051663,U08654,M94007,2025-04-18T22:44:55.000+02:00,122.49,385.23,-68.2,Night,6284.87,CRYPTO,0,1,0,1,2,1
TX0031209,U01387,M00383,2024-10-20T02:44:37.000+02:00,122.43,124.87,-1.96,Night,14005.65,CRYPTO,0,1,0,1,2,1
TX0029059,U07039,M00574,2025-07-21T00:19:23.000+02:00,122.41,314.76,-61.11,Night,11801.25,CRYPTO,0,1,0,1,2,1
TX0102450,U03790,M00589,2025-10-18T00:40:04.000+02:00,121.5,225.18,-46.04,Night,19544.37,CRYPTO,0,1,0,1,2,1
TX0123767,U07197,M00263,2025-05-21T05:02:31.000+02:00,121.11,283.72,-57.31,Night,205.38,CRYPTO,0,1,0,1,2,1
TX0136870,U05964,M00431,2025-02-02T02:29:26.000+01:00,120.21,271.18,-55.67,Night,97195.6,CRYPTO,0,1,0,1,2,1
TX0012854,U03216,M00270,2025-01-11T11:47:47.000+01:00,120.0,241.22,-50.25,Morning,1.13,CRYPTO,0,0,1,1,2,1
TX0085687,U10553,M00105,2025-11-25T15:54:39.000+01:00,119.87,1363.4,-91.21,Afternoon,3.42,CRYPTO,0,0,1,1,2,1
TX0015595,U06036,M00257,2025-10-19T02:37:04.000+02:00,119.22,148.58,-19.76,Night,15029.48,CRYPTO,0,1,0,1,2,1
TX0057017,U07033,M00205,2025-12-01T22:06:49.000+01:00,118.53,236.47,-49.88,Night,2.53,CASH,0,1,1,0,2,1
TX0098107,U10269,M00123,2024-05-18T23:11:48.000+02:00,118.33,175.67,-32.64,Night,1715.92,CRYPTO,0,1,0,1,2,1
TX0114906,U05401,M00081,2025-12-28T00:08:06.000+01:00,117.96,460.29,-74.37,Night,5582.15,CRYPTO,0,1,0,1,2,1
TX0010373,U06104,M00250,2025-07-05T02:21:23.000+02:00,117.05,143.22,-18.27,Night,12031.28,CRYPTO,0,1,0,1,2,1
TX0117883,U04212,M00323,2024-10-22T02:49:13.000+02:00,116.41,81.32,43.16,Night,7544.43,CRYPTO,0,1,0,1,2,1
TX0007721,U07904,M00171,2025-03-03T22:37:09.000+01:00,115.66,338.96,-65.88,Night,233602.37,CRYPTO,0,1,0,1,2,1
TX0104243,U10586,M00487,2025-03-03T22:47:37.000+01:00,115.63,56.95,103.02,Night,4901.27,CRYPTO,0,1,0,1,2,1
TX0081673,U00089,M00391,2025-04-06T04:46:51.000+02:00,114.85,124.88,-8.03,Night,,CRYPTO,0,1,0,1,2,1
TX0075876,U07483,M00391,2025-04-02T00:51:12.000+02:00,114.59,115.87,-1.1,Night,918.93,CRYPTO,0,1,0,1,2,1
TX0078475,U11335,M00306,2025-10-21T22:29:40.000+02:00,114.14,221.39,-48.44,Night,1952.8,CRYPTO,0,1,0,1,2,1
TX0006718,U06826,M00172,2024-07-17T04:35:54.000+02:00,114.0,268.28,-57.51,Night,458.08,CRYPTO,0,1,0,1,2,1
TX0003728,U02638,M00306,2025-08-29T22:39:58.000+02:00,113.55,120.84,-6.03,Night,14932.07,CRYPTO,0,1,0,1,2,1
TX0071746,U03561,M00074,2024-09-29T02:17:25.000+02:00,113.24,186.67,-39.34,Night,11076.47,CRYPTO,0,1,0,1,2,1
TX0108862,U07190,M00169,2025-11-20T04:05:35.000+01:00,113.07,154.01,-26.58,Night,2024.2,CRYPTO,0,1,0,1,2,1
TX0025163,U07830,M00023,2024-10-09T03:52:33.000+02:00,112.31,474.64,-76.34,Night,5245.73,CRYPTO,0,1,0,1,2,1
TX0131270,U06341,M00039,2025-10-07T22:31:09.000+02:00,112.15,455.35,-75.37,Night,281508.47,CRYPTO,0,1,0,1,2,1
TX0041356,U07363,M00343,2024-08-25T23:58:01.000+02:00,111.5,114.5,-2.62,Night,123.62,CRYPTO,0,1,0,1,2,1
TX0030409,U07636,M00528,2024-06-05T03:50:46.000+02:00,110.97,122.76,-9.6,Night,2423.03,CRYPTO,0,1,0,1,2,1
TX0029595,U08933,M00334,2024-04-06T22:36:53.000+02:00,110.82,311.47,-64.42,Night,873.7,CRYPTO,0,1,0,1,2,1
TX0056498,U06104,M00334,2025-05-26T22:53:37.000+02:00,110.26,143.22,-23.01,Night,2103.32,CRYPTO,0,1,0,1,2,1
TX0031752,U09990,M00492,2025-08-21T03:01:55.000+02:00,109.69,550.41,-80.07,Night,6502.67,CRYPTO,0,1,0,1,2,1
TX0005762,U04236,M00585,2024-05-18T03:50:37.000+02:00,109.5,226.62,-51.68,Night,4608.5,CRYPTO,0,1,0,1,2,1
TX0042189,U03041,M00060,2024-09-20T04:35:30.000+02:00,109.21,685.78,-84.08,Night,5023.43,CRYPTO,0,1,0,1,2,1
TX0069255,U02402,M00342,2024-10-17T04:12:49.000+02:00,109.12,212.77,-48.72,Night,23227.97,CRYPTO,0,1,0,1,2,1
TX0062590,U09814,M00527,2025-10-15T22:02:48.000+02:00,109.12,138.71,-21.33,Night,7925.9,CRYPTO,0,1,0,1,2,1
TX0133996,U01022,M00382,2024-06-30T22:09:05.000+02:00,108.95,818.43,-86.69,Night,3301.65,CRYPTO,0,1,0,1,2,1
TX0086409,U05115,M00285,2024-09-06T23:55:21.000+02:00,108.83,364.79,-70.17,Night,10461.17,CRYPTO,0,1,0,1,2,1
TX0026390,U05274,M00090,2025-11-10T01:24:12.000+01:00,108.72,222.1,-51.05,Night,3268.33,CRYPTO,0,1,0,1,2,1
TX0130173,U10143,M00374,2025-02-28T22:05:55.000+01:00,107.98,532.53,-79.72,Night,6619.42,CRYPTO,0,1,0,1,2,1
TX0014973,U11606,M00017,2025-05-02T05:59:50.000+02:00,107.92,190.92,-43.47,Night,155190.32,CRYPTO,0,1,0,1,2,1
TX0068788,U01182,M00324,2025-06-11T22:50:11.000+02:00,107.55,168.69,-36.25,Night,3243.15,CRYPTO,0,1,0,1,2,1
TX0108808,U05749,M00445,2024-12-14T05:17:35.000+01:00,107.29,219.68,-51.16,Night,8541.63,CRYPTO,0,1,0,1,2,1
TX0051283,U10309,M00031,2025-09-23T03:12:27.000+02:00,107.2,604.98,-82.28,Night,8161.98,CRYPTO,0,1,0,1,2,1
TX0085640,U09710,M00311,2025-12-10T22:13:06.000+01:00,107.11,370.88,-71.12,Night,13742.9,CRYPTO,0,1,0,1,2,1
TX0054611,U07682,M00429,2024-04-02T05:48:18.000+02:00,106.91,594.3,-82.01,Night,11815.47,CRYPTO,0,1,0,1,2,1
TX0032344,U09086,M00350,2025-03-17T22:59:57.000+01:00,106.85,242.2,-55.88,Night,4556.72,CRYPTO,0,1,0,1,2,1
TX0003330,U01842,M00096,2024-09-30T00:48:04.000+02:00,105.46,447.59,-76.44,Night,8171.62,CRYPTO,0,1,0,1,2,1
TX0104248,U10300,M00271,2025-07-17T23:42:56.000+02:00,105.4,599.06,-82.41,Night,11159.38,CRYPTO,0,1,0,1,2,1
TX0096286,U09617,M00218,2024-07-10T00:03:34.000+02:00,105.2,91.34,15.17,Night,10885.35,CRYPTO,0,1,0,1,2,1
TX0036799,U02709,M00230,2024-10-16T23:58:36.000+02:00,105.19,367.38,-71.37,Night,1866.32,CRYPTO,0,1,0,1,2,1
TX0036830,U03280,M00219,2024-05-06T02:36:56.000+02:00,105.16,363.27,-71.05,Night,4215.12,CRYPTO,0,1,0,1,2,1
TX0050438,U09019,M00436,2025-12-19T22:32:07.000+01:00,104.8,611.12,-82.85,Night,,CRYPTO,0,1,0,1,2,1
TX0035881,U06139,M00010,2024-03-05T05:55:45.000+01:00,104.78,176.75,-40.72,Night,2135.8,CRYPTO,0,1,0,1,2,1
TX0045410,U06519,M00488,2025-08-01T02:05:02.000+02:00,104.76,602.05,-82.6,Night,113271.47,CRYPTO,0,1,0,1,2,1
TX0111559,U07520,M00103,2024-09-20T05:33:38.000+02:00,103.92,193.54,-46.3,Night,209645.95,CRYPTO,0,1,0,1,2,1
TX0058470,U01677,M00184,2025-11-13T00:02:53.000+01:00,103.59,255.55,-59.46,Night,13949.13,CRYPTO,0,1,0,1,2,1
TX0027959,U07659,M00102,2024-07-23T23:31:23.000+02:00,103.51,500.78,-79.33,Night,11775.62,CRYPTO,0,1,0,1,2,1
TX0028358,U08242,M00546,2024-01-10T02:21:47.000+01:00,103.41,184.82,-44.05,Night,8117.9,CRYPTO,0,1,0,1,2,1
TX0014590,U07129,M00567,2024-07-21T12:23:06.000+02:00,102.96,162.92,-36.8,Afternoon,2.45,CRYPTO,0,0,1,1,2,1
TX0129520,U00354,M00154,2025-09-20T00:37:48.000+02:00,102.0,239.1,-57.34,Night,10899.33,CRYPTO,0,1,0,1,2,1
TX0135362,U07591,M00135,2025-09-05T22:32:12.000+02:00,101.5,134.48,-24.52,Night,5940.8,CRYPTO,0,1,0,1,2,1
TX0035038,U03559,M00457,2025-03-13T23:06:17.000+01:00,100.72,662.06,-84.79,Night,125526.43,CRYPTO,0,1,0,1,2,1
TX0062061,U08420,M00228,2024-04-05T08:48:38.000+02:00,100.52,115.73,-13.14,Morning,2.77,CRYPTO,0,0,1,1,2,1
TX0094373,U10609,M00005,2024-08-15T02:31:13.000+02:00,100.13,211.66,-52.69,Night,33079.88,CRYPTO,0,1,0,1,2,1
TX0104013,U00206,M00598,2024-07-05T22:59:02.000+02:00,99.88,1122.64,-91.1,Night,,CRYPTO,0,1,0,1,2,1
TX0011946,U03817,M00488,2024-02-29T22:18:18.000+01:00,99.6,186.57,-46.61,Night,4479.35,CRYPTO,0,1,0,1,2,1
TX0099188,U05503,M00115,2024-07-15T05:17:21.000+02:00,99.27,319.78,-68.96,Night,26831.58,CRYPTO,0,1,0,1,2,1
TX0087081,U11471,M00187,2025-08-22T03:37:11.000+02:00,98.83,237.7,-58.42,Night,2005.97,CRYPTO,0,1,0,1,2,1
TX0084616,U00742,M00179,2025-07-29T22:04:22.000+02:00,98.65,102.05,-3.33,Night,16528.22,CRYPTO,0,1,0,1,2,1
TX0122654,U03758,M00174,2025-01-26T23:45:21.000+01:00,97.9,622.75,-84.28,Night,4297.68,CRYPTO,0,1,0,1,2,1
TX0047098,U07690,M00187,2024-10-17T05:22:24.000+02:00,97.85,119.1,-17.84,Night,6605.05,CRYPTO,0,1,0,1,2,1
TX0002696,U08680,M00067,2024-06-20T04:07:02.000+02:00,97.62,119.25,-18.14,Night,6885.17,CRYPTO,0,1,0,1,2,1
TX0111564,U04210,M00082,2024-11-20T00:51:47.000+01:00,97.51,603.22,-83.84,Night,3671.02,CRYPTO,0,1,0,1,2,1
TX0059169,U05967,M00268,2024-05-30T05:13:42.000+02:00,97.02,160.95,-39.72,Night,3751.75,CRYPTO,0,1,0,1,2,1
TX0121971,U10993,M00097,2025-07-10T14:56:00.000+02:00,96.69,274.41,-64.76,Afternoon,3.68,CRYPTO,0,0,1,1,2,1
TX0037820,U06813,M00152,2024-05-03T00:03:14.000+02:00,96.48,228.45,-57.77,Night,,CRYPTO,0,1,0,1,2,1
TX0131097,U02963,M00414,2025-03-17T00:19:17.000+01:00,96.22,811.63,-88.14,Night,1912.52,CRYPTO,0,1,0,1,2,1
TX0020366,U00311,M00070,2024-10-23T19:35:47.000+02:00,96.18,198.32,-51.5,Evening,3.9,CRYPTO,0,0,1,1,2,1
TX0060952,U00318,M00047,2025-04-05T22:29:28.000+02:00,95.96,178.69,-46.3,Night,1788.72,CRYPTO,0,1,0,1,2,1
TX0048992,U09665,M00025,2024-02-01T00:06:38.000+01:00,95.37,364.23,-73.82,Night,931.58,CRYPTO,0,1,0,1,2,1
TX0083660,U05940,M00108,2025-09-05T23:30:02.000+02:00,95.3,272.44,-65.02,Night,56930.28,CRYPTO,0,1,0,1,2,1
TX0116078,U06057,M00437,2024-09-15T00:45:52.000+02:00,95.23,531.57,-82.09,Night,614.73,CRYPTO,0,1,0,1,2,1
TX0102344,U03715,M00238,2025-05-04T03:55:49.000+02:00,95.17,145.03,-34.38,Night,2462.98,CRYPTO,0,1,0,1,2,1
TX0021104,U04426,M00364,2025-08-02T04:00:15.000+02:00,94.7,373.16,-74.62,Night,,CRYPTO,0,1,0,1,2,1
TX0113089,U11763,M00538,2025-10-03T04:17:55.000+02:00,94.48,60.73,55.58,Night,,CRYPTO,0,1,0,1,2,1
TX0100108,U05036,M00342,2025-03-11T04:40:49.000+01:00,94.27,318.92,-70.44,Night,2289.7,CRYPTO,0,1,0,1,2,1
TX0022710,U06622,M00210,2024-01-22T03:09:37.000+01:00,93.93,240.22,-60.9,Night,15470.0,CRYPTO,0,1,0,1,2,1
TX0061766,U01383,M00046,2024-07-14T22:37:07.000+02:00,93.91,448.2,-79.05,Night,2337.2,CRYPTO,0,1,0,1,2,1
TX0118692,U03348,M00299,2025-07-30T04:20:40.000+02:00,93.85,201.95,-53.53,Night,138788.97,CRYPTO,0,1,0,1,2,1
TX0055165,U03840,M00152,2024-06-01T22:12:27.000+02:00,93.68,187.4,-50.01,Night,50701.02,CRYPTO,0,1,0,1,2,1
TX0090138,U10128,M00111,2025-05-01T22:35:44.000+02:00,93.61,217.82,-57.02,Night,,CRYPTO,0,1,0,1,2,1
TX0059741,U06103,M00085,2025-03-17T23:44:22.000+01:00,93.49,170.05,-45.02,Night,4711.38,CRYPTO,0,1,0,1,2,1
TX0113013,U09665,M00313,2024-02-03T22:47:01.000+01:00,93.13,364.23,-74.43,Night,2122.4,CRYPTO,0,1,0,1,2,1
TX0019602,U08330,M00012,2025-03-14T04:11:02.000+01:00,92.81,832.24,-88.85,Night,1933.28,CRYPTO,0,1,0,1,2,1
TX0029787,U08360,M00123,2025-11-10T01:32:08.000+01:00,92.79,764.73,-87.87,Night,540050.33,CRYPTO,0,1,0,1,2,1
TX0050875,U04842,M00281,2025-12-08T03:25:24.000+01:00,92.49,1127.98,-91.8,Night,9114.18,CRYPTO,0,1,0,1,2,1
TX0038212,U01762,M00030,2025-02-26T03:28:23.000+01:00,92.09,438.94,-79.02,Night,1017.53,CRYPTO,0,1,0,1,2,1
TX0024205,U03250,M00172,2024-10-29T01:04:30.000+01:00,92.04,282.67,-67.44,Night,695.17,CRYPTO,0,1,0,1,2,1
TX0057693,U05531,M00221,2024-08-21T03:30:48.000+02:00,91.91,314.5,-70.78,Night,2236.97,CRYPTO,0,1,0,1,2,1
TX0089307,U02090,M00055,2025-12-06T02:13:19.000+01:00,91.78,238.52,-61.52,Night,98260.2,CRYPTO,0,1,0,1,2,1
TX0115796,U03033,M00496,2025-04-17T15:15:23.000+02:00,91.72,232.25,-60.51,Afternoon,4.67,CRYPTO,0,0,1,1,2,1
TX0048222,U10949,M00263,2024-10-09T23:18:19.000+02:00,91.0,316.37,-71.24,Night,109747.25,CRYPTO,0,1,0,1,2,1
TX0002598,U07394,M00276,2024-04-12T22:04:48.000+02:00,90.84,342.05,-73.44,Night,8944.3,CRYPTO,0,1,0,1,2,1
TX0055800,U07484,M00257,2025-10-29T22:49:26.000+01:00,90.68,74.9,21.07,Night,226338.65,CRYPTO,0,1,0,1,2,1
TX0048473,U07277,M00012,2024-07-04T22:00:14.000+02:00,90.57,387.0,-76.6,Night,,CRYPTO,0,1,0,1,2,1
TX0122261,U10102,M00324,2025-05-11T23:56:12.000+02:00,90.39,115.55,-21.77,Night,511502.13,CRYPTO,0,1,0,1,2,1
TX0125323,U10124,M00477,2025-11-10T05:19:01.000+01:00,90.3,326.77,-72.37,Night,969.23,CRYPTO,0,1,0,1,2,1
TX0076825,U04925,M00428,2024-04-26T22:25:32.000+02:00,90.2,730.58,-87.65,Night,840.22,CRYPTO,0,1,0,1,2,1
TX0115760,U10774,M00016,2025-08-13T22:44:45.000+02:00,90.03,1076.19,-91.63,Night,3213.83,CRYPTO,0,1,0,1,2,1
TX0031840,U03006,M00227,2024-11-13T01:48:09.000+01:00,89.94,541.42,-83.39,Night,10765.55,CRYPTO,0,1,0,1,2,1
TX0075448,U10697,M00321,2024-09-03T23:47:54.000+02:00,89.58,153.61,-41.68,Night,228514.53,CRYPTO,0,1,0,1,2,1
TX0052763,U09709,M00212,2024-11-17T04:36:32.000+01:00,89.56,223.35,-59.9,Night,7872.0,CRYPTO,0,1,0,1,2,1
TX0045275,U09542,M00399,2025-07-15T22:35:50.000+02:00,89.43,203.72,-56.1,Night,417623.57,CRYPTO,0,1,0,1,2,1
TX0019207,U09610,M00234,2025-02-23T23:45:45.000+01:00,89.43,288.49,-69.0,Night,3.35,PAYPAL,0,1,1,0,2,1
TX0044165,U05614,M00097,2025-05-06T00:17:34.000+02:00,89.39,332.38,-73.11,Night,2029.63,CRYPTO,0,1,0,1,2,1
TX0076562,U01964,M00434,2024-10-04T22:14:46.000+02:00,89.17,338.99,-73.7,Night,227815.37,CRYPTO,0,1,0,1,2,1
TX0117632,U07448,M00184,2024-09-14T15:13:43.000+02:00,89.13,103.99,-14.29,Afternoon,3.98,CRYPTO,0,0,1,1,2,1
TX0100418,U01758,M00560,2025-01-02T02:02:05.000+01:00,89.09,325.56,-72.63,Night,7910.4,CRYPTO,0,1,0,1,2,1
TX0071166,U07385,M00199,2024-09-28T05:00:12.000+02:00,88.96,348.48,-74.47,Night,15444.98,CRYPTO,0,1,0,1,2,1
TX0038895,U09099,M00338,2025-03-17T01:25:18.000+01:00,88.77,245.12,-63.79,Night,545.37,CRYPTO,0,1,0,1,2,1
TX0103293,U08981,M00218,2025-03-31T23:25:10.000+02:00,88.61,113.94,-22.23,Night,7675.87,CRYPTO,0,1,0,1,2,1
TX0135097,U11608,M00421,2025-01-03T03:56:31.000+01:00,88.35,296.7,-70.22,Night,6681.3,CRYPTO,0,1,0,1,2,1
TX0090832,U08145,M00477,2025-05-27T05:58:25.000+02:00,88.33,128.18,-31.09,Night,22505.52,CRYPTO,0,1,0,1,2,1
TX0095238,U05283,M00293,2024-07-27T03:35:39.000+02:00,88.32,73.42,20.3,Night,21837.02,CRYPTO,0,1,0,1,2,1
TX0005576,U01599,M00286,2025-02-05T05:22:13.000+01:00,88.28,224.43,-60.66,Night,3.58,BANK_TRANSFER,0,1,1,0,2,1
TX0103352,U07530,M00450,2024-08-24T07:42:25.000+02:00,88.14,277.3,-68.21,Morning,4.78,CRYPTO,0,0,1,1,2,1
TX0048174,U02584,M00120,2024-08-24T23:30:51.000+02:00,88.09,191.55,-54.01,Night,13439.27,CRYPTO,0,1,0,1,2,1
TX0047263,U09870,M00061,2024-01-28T18:48:42.000+01:00,87.97,168.69,-47.85,Evening,1.77,CRYPTO,0,0,1,1,2,1
TX0089298,U06115,M00058,2025-06-04T01:41:24.000+02:00,87.9,187.19,-53.04,Night,144.82,CRYPTO,0,1,0,1,2,1
TX0091264,U01171,M00346,2024-05-03T00:50:39.000+02:00,87.85,170.65,-48.52,Night,,CRYPTO,0,1,0,1,2,1
TX0066697,U04270,M00195,2024-04-12T02:15:11.000+02:00,87.78,2227.51,-96.06,Night,14220.67,CRYPTO,0,1,0,1,2,1
TX0126397,U04732,M00012,2025-12-25T23:38:04.000+01:00,87.58,201.0,-56.43,Night,14539.68,CRYPTO,0,1,0,1,2,1
TX0069903,U07512,M00195,2024-04-09T05:46:11.000+02:00,86.96,599.28,-85.49,Night,,CRYPTO,0,1,0,1,2,1
TX0079834,U07259,M00025,2025-11-16T23:46:23.000+01:00,86.93,925.22,-90.6,Night,1806.82,CRYPTO,0,1,0,1,2,1
TX0042867,U05411,M00561,2025-04-08T22:37:45.000+02:00,86.06,331.91,-74.07,Night,10306.82,CRYPTO,0,1,0,1,2,1
TX0036905,U09730,M00090,2024-01-20T23:03:39.000+01:00,85.85,275.62,-68.85,Night,4.33,PAYPAL,0,1,1,0,2,1
TX0104645,U05964,M00293,2025-02-23T03:22:41.000+01:00,85.73,271.18,-68.39,Night,1078.07,CRYPTO,0,1,0,1,2,1
TX0073488,U03654,M00358,2024-07-14T22:34:30.000+02:00,85.49,147.23,-41.93,Night,6946.95,CRYPTO,0,1,0,1,2,1
TX0067867,U01987,M00399,2024-09-11T05:51:19.000+02:00,85.33,316.7,-73.06,Night,13583.8,CRYPTO,0,1,0,1,2,1
TX0116337,U07785,M00086,2025-08-11T22:22:32.000+02:00,84.85,846.54,-89.98,Night,323296.9,CRYPTO,0,1,0,1,2,1
TX0047699,U08214,M00141,2025-02-23T23:35:39.000+01:00,84.77,104.76,-19.09,Night,370.98,CRYPTO,0,1,0,1,2,1
TX0067381,U00307,M00492,2025-04-21T23:53:04.000+02:00,84.64,189.52,-55.34,Night,9574.38,CRYPTO,0,1,0,1,2,1
TX0023661,U02426,M00148,2024-05-13T02:29:34.000+02:00,84.61,268.39,-68.47,Night,9731.87,CRYPTO,0,1,0,1,2,1
TX0016489,U11395,M00404,2025-06-29T03:59:04.000+02:00,84.48,378.02,-77.65,Night,6678.58,CRYPTO,0,1,0,1,2,1
TX0117970,U05866,M00469,2024-06-05T01:03:26.000+02:00,84.18,288.54,-70.83,Night,,CRYPTO,0,1,0,1,2,1
TX0084594,U09700,M00503,2025-08-02T02:59:51.000+02:00,83.58,72.34,15.53,Night,,CRYPTO,0,1,0,1,2,1
TX0039555,U06358,M00283,2025-09-15T02:01:51.000+02:00,83.54,120.77,-30.83,Night,12451.95,CRYPTO,0,1,0,1,2,1
TX0002444,U01194,M00563,2025-08-20T02:16:57.000+02:00,83.15,289.2,-71.25,Night,1784.9,CRYPTO,0,1,0,1,2,1
TX0036959,U08596,M00534,2024-05-18T01:55:29.000+02:00,82.62,686.4,-87.96,Night,23202.43,CRYPTO,0,1,0,1,2,1
TX0075493,U06510,M00136,2024-04-04T02:32:39.000+02:00,82.45,335.27,-75.41,Night,6196.17,CRYPTO,0,1,0,1,2,1
TX0053831,U10163,M00237,2024-09-30T23:10:55.000+02:00,82.29,348.35,-76.38,Night,295.43,CRYPTO,0,1,0,1,2,1
TX0076251,U07206,M00595,2025-08-25T00:48:54.000+02:00,82.25,141.45,-41.85,Night,686.42,CRYPTO,0,1,0,1,2,1
TX0113148,U00039,M00402,2024-10-14T19:56:45.000+02:00,82.22,326.5,-74.82,Evening,3.85,CRYPTO,0,0,1,1,2,1
TX0029664,U07385,M00249,2024-08-17T23:47:31.000+02:00,82.0,348.48,-76.47,Night,19084.72,CRYPTO,0,1,0,1,2,1
TX0097794,U11217,M00173,2025-04-02T05:07:18.000+02:00,81.86,72.48,12.95,Night,3.63,CARD,0,1,1,0,2,1
TX0068661,U01194,M00477,2025-10-06T02:46:34.000+02:00,81.46,289.2,-71.83,Night,3473.75,CRYPTO,0,1,0,1,2,1
TX0130716,U01939,M00037,2025-02-25T02:54:49.000+01:00,81.11,166.61,-51.32,Night,23604.32,CRYPTO,0,1,0,1,2,1
TX0108751,U07676,M00249,2025-09-02T02:58:51.000+02:00,80.62,129.73,-37.85,Night,5506.13,CRYPTO,0,1,0,1,2,1
TX0071105,U00724,M00405,2025-06-22T00:33:09.000+02:00,80.59,357.34,-77.45,Night,248398.8,CRYPTO,0,1,0,1,2,1
TX0024496,U09830,M00228,2025-09-30T22:13:15.000+02:00,80.56,410.58,-80.38,Night,4464.5,CRYPTO,0,1,0,1,2,1
TX0025294,U03027,M00063,2025-03-06T04:35:45.000+01:00,80.5,247.73,-67.5,Night,93316.77,CRYPTO,0,1,0,1,2,1
TX0108345,U05005,M00023,2024-08-17T22:04:07.000+02:00,80.25,283.3,-71.67,Night,3522.23,CRYPTO,0,1,0,1,2,1
TX0009884,U03532,M00074,2024-09-14T03:42:22.000+02:00,80.06,783.4,-89.78,Night,5028.68,CRYPTO,0,1,0,1,2,1
TX0000734,U08348,M00570,2025-03-16T03:22:05.000+01:00,79.67,94.0,-15.25,Night,203996.42,CRYPTO,0,1,0,1,2,1
TX0004096,U03223,M00381,2024-08-22T22:39:49.000+02:00,79.65,228.99,-65.22,Night,165.5,CRYPTO,0,1,0,1,2,1
TX0089688,U10163,M00043,2025-03-06T22:34:31.000+01:00,79.38,348.35,-77.21,Night,7662.72,CRYPTO,0,1,0,1,2,1
TX0047589,U08234,M00105,2025-03-10T22:51:05.000+01:00,78.91,684.26,-88.47,Night,2270.43,CRYPTO,0,1,0,1,2,1
TX0124665,U10548,M00245,2025-11-29T22:35:40.000+01:00,78.67,123.51,-36.31,Night,596807.43,CRYPTO,0,1,0,1,2,1
TX0004291,U10749,M00447,2025-08-30T03:30:14.000+02:00,78.44,600.38,-86.93,Night,1155.97,CRYPTO,0,1,0,1,2,1
TX0053096,U09700,M00077,2025-08-28T03:38:33.000+02:00,77.86,72.34,7.63,Night,36698.4,CRYPTO,0,1,0,1,2,1
TX0005880,U09488,M00449,2024-09-07T22:32:35.000+02:00,77.78,261.06,-70.21,Night,148356.05,CRYPTO,0,1,0,1,2,1
TX0117839,U07182,M00052,2025-07-31T01:36:02.000+02:00,77.76,97.02,-19.85,Night,,CRYPTO,0,1,0,1,2,1
TX0050418,U01165,M00240,2024-03-17T05:40:12.000+01:00,77.75,162.39,-52.12,Night,22590.85,CRYPTO,0,1,0,1,2,1
TX0070353,U10014,M00232,2025-11-03T22:52:06.000+01:00,77.73,36.52,112.83,Night,3512.13,CRYPTO,0,1,0,1,2,1
TX0048454,U06730,M00141,2024-12-30T00:28:59.000+01:00,77.65,150.42,-48.38,Night,8957.12,CRYPTO,0,1,0,1,2,1
TX0135036,U09154,M00421,2025-01-02T23:19:05.000+01:00,77.25,459.88,-83.2,Night,2162.03,CRYPTO,0,1,0,1,2,1
TX0053489,U03651,M00178,2024-06-29T03:50:30.000+02:00,77.07,1012.14,-92.39,Night,1719.23,CRYPTO,0,1,0,1,2,1
TX0035740,U04470,M00496,2025-06-10T23:32:40.000+02:00,77.03,157.93,-51.22,Night,6335.75,CRYPTO,0,1,0,1,2,1
TX0085184,U07000,M00348,2024-10-20T03:52:49.000+02:00,76.96,158.86,-51.55,Night,12709.9,CRYPTO,0,1,0,1,2,1
TX0110326,U02621,M00499,2025-03-14T22:39:55.000+01:00,76.47,312.06,-75.49,Night,3683.35,CRYPTO,0,1,0,1,2,1
TX0094162,U11341,M00234,2024-08-21T22:41:28.000+02:00,76.02,116.15,-34.55,Night,294.42,CRYPTO,0,1,0,1,2,1
TX0019437,U11743,M00067,2025-04-03T03:08:14.000+02:00,75.9,442.15,-82.83,Night,47834.4,CRYPTO,0,1,0,1,2,1
TX0057481,U01068,M00393,2024-04-14T23:58:05.000+02:00,75.55,322.31,-76.56,Night,11631.18,CRYPTO,0,1,0,1,2,1
TX0058847,U04598,M00202,2025-09-12T01:36:47.000+02:00,75.41,630.16,-88.03,Night,109841.18,CRYPTO,0,1,0,1,2,1
TX0061640,U10199,M00312,2025-07-09T04:07:02.000+02:00,75.38,583.26,-87.08,Night,,CRYPTO,0,1,0,1,2,1
TX0087478,U02234,M00185,2024-06-27T03:42:42.000+02:00,75.33,501.16,-84.97,Night,7995.3,CRYPTO,0,1,0,1,2,1
TX0002869,U06057,M00051,2024-04-02T22:24:34.000+02:00,75.03,531.57,-85.89,Night,,CRYPTO,0,1,0,1,2,1
TX0003734,U09972,M00248,2024-10-20T01:18:03.000+02:00,74.99,534.06,-85.96,Night,933.4,CRYPTO,0,1,0,1,2,1
TX0016433,U01971,M00186,2024-12-13T05:25:22.000+01:00,74.7,255.02,-70.71,Night,3883.43,CRYPTO,0,1,0,1,2,1
TX0014725,U03120,M00296,2025-08-20T22:09:55.000+02:00,74.7,386.23,-80.66,Night,1390.08,CRYPTO,0,1,0,1,2,1
TX0031418,U11143,M00093,2024-01-05T23:32:06.000+01:00,74.54,103.17,-27.75,Night,,CRYPTO,0,1,0,1,2,1
TX0110140,U02942,M00060,2025-03-15T05:08:49.000+01:00,74.33,182.97,-59.38,Night,16281.97,CRYPTO,0,1,0,1,2,1
TX0045236,U03651,M00331,2024-06-27T23:11:16.000+02:00,74.28,1012.14,-92.66,Night,12109.02,CRYPTO,0,1,0,1,2,1
TX0039951,U00354,M00234,2024-11-19T04:22:43.000+01:00,74.09,239.1,-69.01,Night,22380.25,CRYPTO,0,1,0,1,2,1
TX0000131,U05749,M00381,2025-05-01T23:32:24.000+02:00,74.01,219.68,-66.31,Night,174578.78,CRYPTO,0,1,0,1,2,1
TX0002312,U08726,M00450,2024-07-22T23:17:48.000+02:00,73.93,304.76,-75.74,Night,21089.12,CRYPTO,0,1,0,1,2,1
TX0023829,U04640,M00477,2024-10-17T01:01:22.000+02:00,73.83,561.06,-86.84,Night,21958.22,CRYPTO,0,1,0,1,2,1
TX0119740,U10296,M00486,2024-08-16T20:57:13.000+02:00,73.45,318.24,-76.92,Evening,3.35,CRYPTO,0,0,1,1,2,1
TX0035282,U08402,M00211,2024-06-21T23:50:08.000+02:00,73.21,409.79,-82.13,Night,8924.98,CRYPTO,0,1,0,1,2,1
TX0062225,U09514,M00523,2025-12-01T05:08:02.000+01:00,73.0,377.32,-80.65,Night,2097.32,CRYPTO,0,1,0,1,2,1
TX0058203,U07834,M00149,2025-06-23T03:24:33.000+02:00,72.86,87.73,-16.95,Night,14788.6,CRYPTO,0,1,0,1,2,1
TX0004024,U00490,M00343,2024-04-18T22:29:41.000+02:00,72.66,237.08,-69.35,Night,3334.77,CRYPTO,0,1,0,1,2,1
TX0106973,U09466,M00210,2025-07-30T22:49:47.000+02:00,72.34,53.32,35.67,Night,873.87,CRYPTO,0,1,0,1,2,1
TX0030505,U06252,M00173,2025-02-26T02:35:46.000+01:00,71.94,40.89,75.94,Night,16548.43,CRYPTO,0,1,0,1,2,1
TX0118913,U04056,M00393,2024-04-02T23:38:23.000+02:00,71.93,411.36,-82.51,Night,,CRYPTO,0,1,0,1,2,1
TX0134857,U03850,M00485,2024-09-23T23:50:47.000+02:00,71.89,66.75,7.71,Night,22108.37,CRYPTO,0,1,0,1,2,1
TX0083101,U03129,M00595,2024-08-27T23:41:32.000+02:00,71.8,279.25,-74.29,Night,16264.02,CRYPTO,0,1,0,1,2,1
TX0052404,U01171,M00524,2025-03-17T23:32:45.000+01:00,71.07,170.65,-58.35,Night,560.05,CRYPTO,0,1,0,1,2,1
TX0010596,U08418,M00494,2024-11-01T05:04:16.000+01:00,70.53,255.08,-72.35,Night,88839.7,CRYPTO,0,1,0,1,2,1
TX0137591,U08979,M00551,2025-11-11T00:16:39.000+01:00,70.31,237.95,-70.45,Night,11011.92,CRYPTO,0,1,0,1,2,1
TX0098390,U04226,M00439,2025-05-14T05:05:07.000+02:00,70.29,293.49,-76.05,Night,2032.47,CRYPTO,0,1,0,1,2,1
TX0047760,U07785,M00482,2025-08-12T03:46:28.000+02:00,69.94,846.54,-91.74,Night,323.93,CRYPTO,0,1,0,1,2,1
TX0094742,U01490,M00033,2025-02-12T22:53:01.000+01:00,69.68,136.7,-49.03,Night,390833.32,CRYPTO,0,1,0,1,2,1
TX0115055,U04108,M00578,2025-07-04T05:13:18.000+02:00,69.5,303.76,-77.12,Night,1663.95,CRYPTO,0,1,0,1,2,1
TX0123447,U04665,M00538,2024-06-06T22:18:56.000+02:00,69.05,461.11,-85.03,Night,,CRYPTO,0,1,0,1,2,1
TX0067710,U00480,M00371,2024-12-09T23:56:13.000+01:00,69.01,326.73,-78.88,Night,13421.25,CRYPTO,0,1,0,1,2,1
TX0028809,U00530,M00296,2025-04-24T23:38:04.000+02:00,68.95,102.7,-32.86,Night,7713.63,CRYPTO,0,1,0,1,2,1
TX0100760,U11537,M00445,2025-02-01T01:49:43.000+01:00,68.94,61.64,11.84,Night,,CRYPTO,0,1,0,1,2,1
TX0131736,U09331,M00074,2024-09-03T23:16:52.000+02:00,68.78,260.83,-73.63,Night,12241.9,CRYPTO,0,1,0,1,2,1
TX0091338,U09200,M00214,2024-07-08T04:55:20.000+02:00,68.7,98.5,-30.26,Night,2072.6,CRYPTO,0,1,0,1,2,1
TX0126767,U05169,M00455,2025-08-20T22:39:47.000+02:00,68.62,813.89,-91.57,Night,1421.23,CRYPTO,0,1,0,1,2,1
TX0084255,U02096,M00104,2025-01-30T23:57:36.000+01:00,67.92,562.65,-87.93,Night,313.02,CRYPTO,0,1,0,1,2,1
TX0086128,U03392,M00281,2024-05-17T22:40:15.000+02:00,67.83,149.55,-54.64,Night,940.03,CRYPTO,0,1,0,1,2,1
TX0113811,U00956,M00440,2024-09-02T23:09:59.000+02:00,67.72,1432.4,-95.27,Night,50678.87,CRYPTO,0,1,0,1,2,1
TX0070124,U09533,M00577,2024-11-09T00:33:13.000+01:00,67.48,228.46,-70.46,Night,2347.6,CRYPTO,0,1,0,1,2,1
TX0041733,U01632,M00376,2024-12-03T23:09:41.000+01:00,67.33,210.59,-68.03,Night,1246.9,CRYPTO,0,1,0,1,2,1
TX0051226,U02772,M00215,2025-04-27T04:14:40.000+02:00,67.17,265.64,-74.71,Night,12546.32,CRYPTO,0,1,0,1,2,1
TX0113245,U06452,M00447,2024-07-12T03:35:15.000+02:00,67.04,429.15,-84.38,Night,2535.1,CRYPTO,0,1,0,1,2,1
TX0123433,U00556,M00269,2024-02-23T01:03:03.000+01:00,66.9,240.42,-72.17,Night,7812.08,CRYPTO,0,1,0,1,2,1
TX0119294,U03510,M00026,2025-08-30T18:05:50.000+02:00,66.79,777.41,-91.41,Evening,2.85,CRYPTO,0,0,1,1,2,1
TX0028838,U09807,M00145,2024-06-10T03:16:06.000+02:00,66.78,69.16,-3.45,Night,118402.33,CRYPTO,0,1,0,1,2,1
TX0028594,U05452,M00142,2025-03-02T22:21:30.000+01:00,66.51,277.97,-76.07,Night,90110.92,CRYPTO,0,1,0,1,2,1
TX0111114,U01191,M00159,2024-05-05T23:05:42.000+02:00,66.35,153.95,-56.9,Night,104225.27,CRYPTO,0,1,0,1,2,1
TX0077799,U05629,M00483,2025-02-10T22:47:21.000+01:00,66.34,287.47,-76.92,Night,6033.9,CRYPTO,0,1,0,1,2,1
TX0111050,U07958,M00449,2024-12-03T01:54:21.000+01:00,66.25,119.19,-44.41,Night,14135.13,CRYPTO,0,1,0,1,2,1
TX0011922,U05698,M00330,2024-08-23T05:53:24.000+02:00,66.17,107.89,-38.67,Night,3632.58,CRYPTO,0,1,0,1,2,1
TX0012660,U10071,M00401,2024-08-31T04:11:59.000+02:00,65.85,180.28,-63.47,Night,5180.23,CRYPTO,0,1,0,1,2,1
TX0018470,U08355,M00380,2024-12-05T22:10:24.000+01:00,65.84,292.06,-77.46,Night,4337.02,CRYPTO,0,1,0,1,2,1
TX0083267,U01341,M00208,2025-01-22T22:02:24.000+01:00,65.67,136.8,-52.0,Night,13202.73,CRYPTO,0,1,0,1,2,1
TX0114442,U01826,M00514,2024-10-13T23:07:14.000+02:00,65.65,249.79,-73.72,Night,844.78,CRYPTO,0,1,0,1,2,1
TX0001481,U02242,M00179,2025-01-15T22:06:07.000+01:00,65.46,288.84,-77.34,Night,3016.28,CRYPTO,0,1,0,1,2,1
TX0035013,U01051,M00211,2024-04-13T01:38:25.000+02:00,65.3,324.06,-79.85,Night,4958.68,CRYPTO,0,1,0,1,2,1
TX0081965,U03682,M00445,2025-05-03T00:39:15.000+02:00,65.29,332.61,-80.37,Night,1809.17,CRYPTO,0,1,0,1,2,1
TX0030571,U01735,M00270,2024-07-27T22:36:29.000+02:00,65.28,193.38,-66.24,Night,6005.95,CRYPTO,0,1,0,1,2,1
TX0088375,U03250,M00518,2025-02-19T00:23:28.000+01:00,64.59,282.67,-77.15,Night,8186.75,CRYPTO,0,1,0,1,2,1
TX0069185,U04705,M00381,2024-12-27T23:50:42.000+01:00,64.44,275.17,-76.58,Night,23247.7,CRYPTO,0,1,0,1,2,1
TX0013943,U02807,M00193,2024-06-27T01:21:28.000+02:00,64.2,139.51,-53.98,Night,15730.27,CRYPTO,0,1,0,1,2,1
TX0134773,U00440,M00211,2024-09-25T05:36:24.000+02:00,63.22,268.57,-76.46,Night,4164.32,CRYPTO,0,1,0,1,2,1
TX0067392,U00043,M00061,2025-05-19T02:16:02.000+02:00,63.16,110.52,-42.85,Night,2621.4,CRYPTO,0,1,0,1,2,1
TX0069136,U01171,M00117,2024-06-14T00:16:19.000+02:00,62.96,170.65,-63.11,Night,6298.22,CRYPTO,0,1,0,1,2,1
TX0012697,U02264,M00498,2024-12-12T05:01:35.000+01:00,62.84,148.7,-57.74,Night,,CRYPTO,0,1,0,1,2,1
TX0093958,U06471,M00105,2025-02-26T23:10:41.000+01:00,62.72,368.36,-82.97,Night,11781.62,CRYPTO,0,1,0,1,2,1
TX0104429,U08938,M00222,2024-10-20T04:50:42.000+02:00,62.72,295.45,-78.77,Night,24200.67,CRYPTO,0,1,0,1,2,1
TX0002942,U09547,M00576,2024-06-14T02:53:42.000+02:00,62.71,119.93,-47.71,Night,4833.72,CRYPTO,0,1,0,1,2,1
TX0078750,U01735,M00487,2024-09-12T00:23:26.000+02:00,62.57,193.38,-67.64,Night,61158.45,CRYPTO,0,1,0,1,2,1
TX0126262,U11811,M00169,2024-03-25T00:34:06.000+01:00,62.22,122.05,-49.02,Night,2343.05,CRYPTO,0,1,0,1,2,1
TX0124494,U02317,M00437,2025-10-14T22:52:09.000+02:00,62.21,385.68,-83.87,Night,4473.07,CRYPTO,0,1,0,1,2,1
TX0102044,U04253,M00141,2025-02-26T23:25:17.000+01:00,62.08,240.28,-74.16,Night,756.63,CRYPTO,0,1,0,1,2,1
TX0027714,U09826,M00029,2025-04-18T04:59:32.000+02:00,61.7,74.03,-16.65,Night,16205.48,CRYPTO,0,1,0,1,2,1
TX0006502,U08323,M00358,2024-08-21T05:13:24.000+02:00,61.2,212.71,-71.23,Night,14936.13,CRYPTO,0,1,0,1,2,1
TX0007693,U00550,M00563,2025-10-16T01:21:57.000+02:00,61.18,147.11,-58.41,Night,13214.77,CRYPTO,0,1,0,1,2,1
TX0063005,U04578,M00185,2025-12-18T22:26:16.000+01:00,61.15,797.98,-92.34,Night,7379.28,CRYPTO,0,1,0,1,2,1
TX0132069,U11561,M00388,2024-09-23T23:30:58.000+02:00,61.13,237.2,-74.23,Night,10522.83,CRYPTO,0,1,0,1,2,1
TX0048198,U09265,M00512,2024-12-27T03:27:04.000+01:00,60.97,124.69,-51.1,Night,1339.3,CRYPTO,0,1,0,1,2,1
TX0029864,U10391,M00424,2025-01-18T02:53:18.000+01:00,60.73,552.16,-89.0,Night,17035.8,CRYPTO,0,1,0,1,2,1
TX0025293,U08069,M00053,2025-03-11T22:13:24.000+01:00,60.63,108.41,-44.07,Night,10495.48,CRYPTO,0,1,0,1,2,1
TX0056115,U02346,M00045,2025-01-07T23:46:49.000+01:00,60.58,614.56,-90.14,Night,32169.4,CRYPTO,0,1,0,1,2,1
TX0009571,U03654,M00445,2024-07-10T02:47:33.000+02:00,60.51,147.23,-58.9,Night,2330.6,CRYPTO,0,1,0,1,2,1
TX0109502,U08013,M00128,2024-10-15T00:29:16.000+02:00,60.36,360.8,-83.27,Night,153.77,CRYPTO,0,1,0,1,2,1
TX0004991,U11859,M00450,2024-06-15T04:21:40.000+02:00,60.33,352.56,-82.89,Night,15385.35,CRYPTO,0,1,0,1,2,1
TX0038467,U07609,M00576,2025-06-07T22:13:07.000+02:00,60.22,138.15,-56.41,Night,48299.73,CRYPTO,0,1,0,1,2,1
TX0059597,U11701,M00318,2025-11-12T22:39:09.000+01:00,59.56,235.77,-74.74,Night,160681.98,CRYPTO,0,1,0,1,2,1
TX0012690,U05531,M00376,2025-02-06T01:26:12.000+01:00,59.34,314.5,-81.13,Night,16860.7,CRYPTO,0,1,0,1,2,1
TX0104662,U03119,M00418,2024-04-20T23:54:41.000+02:00,59.32,415.05,-85.71,Night,4017.45,CRYPTO,0,1,0,1,2,1
TX0125483,U06248,M00169,2025-04-06T22:51:01.000+02:00,59.31,96.13,-38.3,Night,232250.25,CRYPTO,0,1,0,1,2,1
TX0117217,U07382,M00577,2025-02-05T00:41:21.000+01:00,59.29,314.56,-81.15,Night,340939.57,CRYPTO,0,1,0,1,2,1
TX0111586,U08528,M00551,2025-12-26T23:21:29.000+01:00,58.95,868.3,-93.21,Night,16113.82,CRYPTO,0,1,0,1,2,1
TX0096391,U08355,M00263,2025-04-27T03:06:27.000+02:00,58.65,292.06,-79.92,Night,10924.5,CRYPTO,0,1,0,1,2,1
TX0094141,U08046,M00403,2025-07-30T01:57:44.000+02:00,58.63,164.54,-64.37,Night,2215.22,CRYPTO,0,1,0,1,2,1
TX0128643,U04014,M00338,2025-11-30T05:58:57.000+01:00,58.17,159.66,-63.57,Night,22690.78,CRYPTO,0,1,0,1,2,1
TX0016754,U04210,M00198,2024-10-12T22:19:41.000+02:00,58.06,603.22,-90.37,Night,1949.75,CRYPTO,0,1,0,1,2,1
TX0046828,U11811,M00445,2024-08-10T02:00:03.000+02:00,57.96,122.05,-52.51,Night,2245.77,CRYPTO,0,1,0,1,2,1
TX0104560,U00751,M00048,2025-05-30T22:44:03.000+02:00,57.94,154.57,-62.52,Night,30250.33,CRYPTO,0,1,0,1,2,1
TX0070200,U11425,M00358,2024-05-19T02:09:06.000+02:00,57.91,167.63,-65.45,Night,5244.83,CRYPTO,0,1,0,1,2,1
TX0118251,U00752,M00173,2025-08-27T02:42:02.000+02:00,57.83,297.49,-80.56,Night,3525.98,CRYPTO,0,1,0,1,2,1
TX0109585,U11341,M00145,2024-11-06T04:18:04.000+01:00,57.47,116.15,-50.52,Night,708.4,CRYPTO,0,1,0,1,2,1
TX0014384,U11125,M00487,2024-10-12T04:30:11.000+02:00,57.32,496.55,-88.46,Night,6760.07,CRYPTO,0,1,0,1,2,1
TX0048908,U00774,M00490,2025-05-05T22:44:55.000+02:00,57.14,258.29,-77.88,Night,230740.02,CRYPTO,0,1,0,1,2,1
TX0133644,U05790,M00564,2024-12-06T22:14:15.000+01:00,57.05,625.67,-90.88,Night,184741.7,CRYPTO,0,1,0,1,2,1
TX0023898,U09547,M00319,2025-06-27T03:28:30.000+02:00,56.91,119.93,-52.55,Night,7020.08,CRYPTO,0,1,0,1,2,1
TX0084579,U07855,M00402,2025-05-02T04:06:31.000+02:00,56.75,90.02,-36.96,Night,60072.98,CRYPTO,0,1,0,1,2,1
TX0053944,U03616,M00045,2024-09-08T22:19:21.000+02:00,56.25,958.49,-94.13,Night,,CRYPTO,0,1,0,1,2,1
TX0034587,U04786,M00142,2025-03-06T01:58:07.000+01:00,56.15,117.4,-52.17,Night,401.67,CRYPTO,0,1,0,1,2,1
TX0126838,U00556,M00422,2024-02-28T22:00:56.000+01:00,56.0,240.42,-76.71,Night,8457.88,CRYPTO,0,1,0,1,2,1
TX0137536,U01993,M00275,2024-12-03T23:43:02.000+01:00,55.97,142.57,-60.74,Night,61512.5,CRYPTO,0,1,0,1,2,1
TX0007429,U01144,M00169,2025-04-05T23:10:27.000+02:00,55.49,265.22,-79.08,Night,270171.03,CRYPTO,0,1,0,1,2,1
TX0095128,U09053,M00019,2024-07-20T04:42:39.000+02:00,55.47,423.18,-86.89,Night,15246.95,CRYPTO,0,1,0,1,2,1
TX0095805,U11282,M00107,2025-04-26T01:57:07.000+02:00,55.37,530.57,-89.56,Night,23229.48,CRYPTO,0,1,0,1,2,1
TX0059763,U09293,M00171,2025-07-13T22:24:00.000+02:00,55.3,292.66,-81.1,Night,269.53,CRYPTO,0,1,0,1,2,1
TX0066295,U08027,M00481,2024-09-08T04:25:03.000+02:00,55.22,489.06,-88.71,Night,6210.5,CRYPTO,0,1,0,1,2,1
TX0110633,U06452,M00358,2024-03-20T23:21:50.000+01:00,55.19,429.15,-87.14,Night,3438.93,CRYPTO,0,1,0,1,2,1
TX0080272,U06257,M00490,2024-08-27T23:19:23.000+02:00,54.92,240.97,-77.21,Night,93034.83,CRYPTO,0,1,0,1,2,1
TX0010696,U03588,M00030,2024-12-24T22:30:14.000+01:00,54.54,224.25,-75.68,Night,775.43,CRYPTO,0,1,0,1,2,1
TX0097458,U00637,M00348,2025-07-04T00:48:23.000+02:00,54.41,450.7,-87.93,Night,1796.93,CRYPTO,0,1,0,1,2,1
TX0111167,U10052,M00006,2025-03-06T22:57:21.000+01:00,54.17,431.89,-87.46,Night,6543.7,CRYPTO,0,1,0,1,2,1
TX0095875,U09354,M00577,2024-03-10T22:52:33.000+01:00,54.08,668.99,-91.92,Night,559.57,CRYPTO,0,1,0,1,2,1
TX0036724,U03817,M00311,2024-02-08T22:12:20.000+01:00,54.07,186.57,-71.02,Night,10316.98,CRYPTO,0,1,0,1,2,1
TX0089914,U11335,M00135,2025-05-21T00:26:16.000+02:00,54.07,221.39,-75.58,Night,7453.58,CRYPTO,0,1,0,1,2,1
TX0114101,U03302,M00281,2025-08-17T23:28:27.000+02:00,53.59,438.22,-87.77,Night,694.6,CRYPTO,0,1,0,1,2,1
TX0092441,U07764,M00349,2025-09-03T22:34:02.000+02:00,53.57,407.98,-86.87,Night,10184.73,CRYPTO,0,1,0,1,2,1
TX0006721,U06897,M00086,2024-04-03T23:56:42.000+02:00,53.56,362.24,-85.21,Night,,CRYPTO,0,1,0,1,2,1
TX0129622,U04236,M00516,2024-06-06T22:22:53.000+02:00,53.47,226.62,-76.41,Night,948.93,CRYPTO,0,1,0,1,2,1
TX0000494,U06710,M00005,2025-04-07T05:39:49.000+02:00,52.77,183.04,-71.17,Night,1804.22,CRYPTO,0,1,0,1,2,1
TX0049331,U06261,M00153,2024-09-22T01:14:05.000+02:00,52.74,141.88,-62.83,Night,9762.32,CRYPTO,0,1,0,1,2,1
TX0026141,U09402,M00141,2025-03-30T22:32:41.000+02:00,52.34,954.83,-94.52,Night,3442.72,CRYPTO,0,1,0,1,2,1
TX0122316,U05205,M00218,2025-12-18T04:20:55.000+01:00,52.14,515.99,-89.9,Night,22585.23,CRYPTO,0,1,0,1,2,1
TX0044317,U06049,M00250,2025-11-03T04:36:08.000+01:00,52.03,357.65,-85.45,Night,187011.9,CRYPTO,0,1,0,1,2,1
TX0095541,U00751,M00254,2025-05-09T22:33:43.000+02:00,52.01,154.57,-66.35,Night,337277.73,CRYPTO,0,1,0,1,2,1
TX0110011,U11133,M00022,2025-02-15T22:57:02.000+01:00,51.91,29.59,75.43,Night,11721.47,CRYPTO,0,1,0,1,2,1
TX0130542,U01735,M00066,2024-04-22T23:46:46.000+02:00,51.84,193.38,-73.19,Night,2276.52,CRYPTO,0,1,0,1,2,1
TX0096652,U06365,M00399,2024-04-18T05:20:46.000+02:00,51.83,509.86,-89.83,Night,22538.27,CRYPTO,0,1,0,1,2,1
TX0108224,U10754,M00511,2025-07-07T01:46:02.000+02:00,51.62,155.31,-66.76,Night,539.02,CRYPTO,0,1,0,1,2,1
TX0069911,U10310,M00450,2025-09-10T02:14:03.000+02:00,51.53,206.27,-75.02,Night,8950.83,CRYPTO,0,1,0,1,2,1
TX0031030,U08627,M00001,2025-08-15T22:37:25.000+02:00,51.43,185.24,-72.24,Night,120164.02,CRYPTO,0,1,0,1,2,1
TX0043911,U06686,M00074,2025-03-30T03:37:50.000+02:00,51.26,298.02,-82.8,Night,269962.55,CRYPTO,0,1,0,1,2,1
TX0089347,U01191,M00113,2024-02-16T01:11:56.000+01:00,51.01,153.95,-66.87,Night,4836.63,CRYPTO,0,1,0,1,2,1
TX0126161,U05401,M00177,2025-11-18T22:25:25.000+01:00,51.01,460.29,-88.92,Night,11635.2,CRYPTO,0,1,0,1,2,1
TX0118616,U01870,M00391,2024-09-12T22:59:09.000+02:00,50.93,233.71,-78.21,Night,208510.62,CRYPTO,0,1,0,1,2,1
TX0125602,U04169,M00193,2025-12-15T23:18:02.000+01:00,50.8,914.59,-94.45,Night,12103.52,CRYPTO,0,1,0,1,2,1
TX0096183,U11341,M00321,2025-07-09T22:46:15.000+02:00,50.29,116.15,-56.7,Night,1784.72,CRYPTO,0,1,0,1,2,1
TX0131039,U08788,M00548,2025-05-13T02:17:29.000+02:00,50.1,353.25,-85.82,Night,7682.75,CRYPTO,0,1,0,1,2,1
TX0013040,U05528,M00511,2025-06-07T22:27:20.000+02:00,50.0,798.17,-93.74,Night,2216.83,CRYPTO,0,1,0,1,2,1
TX0053223,U01105,M00169,2024-09-17T05:52:57.000+02:00,49.93,1076.01,-95.36,Night,9416.93,CRYPTO,0,1,0,1,2,1
TX0092631,U09555,M00001,2025-02-24T23:43:15.000+01:00,49.91,234.1,-78.68,Night,13624.1,CRYPTO,0,1,0,1,2,1
TX0097024,U09444,M00403,2024-01-22T22:20:01.000+01:00,49.83,295.11,-83.11,Night,12304.4,CRYPTO,0,1,0,1,2,1
TX0082528,U08012,M00250,2025-09-25T23:41:09.000+02:00,49.72,228.78,-78.27,Night,7830.5,CRYPTO,0,1,0,1,2,1
TX0100851,U10705,M00595,2025-03-17T01:25:07.000+01:00,49.46,196.42,-74.82,Night,4748.93,CRYPTO,0,1,0,1,2,1
TX0134198,U01965,M00532,2024-10-11T04:19:49.000+02:00,49.37,513.99,-90.39,Night,3511.57,CRYPTO,0,1,0,1,2,1
TX0035270,U01068,M00098,2024-04-20T04:38:20.000+02:00,49.19,322.31,-84.74,Night,7480.25,CRYPTO,0,1,0,1,2,1
TX0007992,U11521,M00386,2025-07-21T00:43:25.000+02:00,49.03,774.36,-93.67,Night,1007.82,CRYPTO,0,1,0,1,2,1
TX0099351,U02919,M00159,2025-06-26T22:00:04.000+02:00,48.69,289.15,-83.16,Night,12095.88,CRYPTO,0,1,0,1,2,1
TX0129705,U11613,M00409,2024-04-20T05:42:33.000+02:00,48.51,57.79,-16.05,Night,24137.1,CRYPTO,0,1,0,1,2,1
TX0117182,U00792,M00007,2024-04-17T22:23:14.000+02:00,48.36,182.54,-73.51,Night,12485.57,CRYPTO,0,1,0,1,2,1
TX0117134,U06351,M00124,2025-07-01T04:16:52.000+02:00,48.14,290.3,-83.42,Night,94391.18,CRYPTO,0,1,0,1,2,1
TX0042127,U05074,M00514,2025-10-04T23:57:40.000+02:00,48.09,249.38,-80.72,Night,12212.0,CRYPTO,0,1,0,1,2,1
TX0071608,U08901,M00045,2024-04-27T23:13:26.000+02:00,48.06,82.89,-42.02,Night,174.82,CRYPTO,0,1,0,1,2,1
TX0066909,U09707,M00209,2024-12-10T23:02:18.000+01:00,47.86,95.82,-50.05,Night,61032.73,CRYPTO,0,1,0,1,2,1
TX0030831,U07224,M00022,2025-02-17T01:57:06.000+01:00,47.74,529.1,-90.98,Night,6531.38,CRYPTO,0,1,0,1,2,1
TX0122412,U06152,M00134,2024-04-06T02:53:39.000+02:00,47.74,222.06,-78.5,Night,2386.42,CRYPTO,0,1,0,1,2,1
TX0120708,U07296,M00576,2025-11-12T05:03:11.000+01:00,47.69,170.53,-72.03,Night,11823.82,CRYPTO,0,1,0,1,2,1
TX0077362,U03031,M00511,2025-06-23T22:23:56.000+02:00,47.65,1318.97,-96.39,Night,8856.35,CRYPTO,0,1,0,1,2,1
TX0056576,U10124,M00457,2025-11-16T01:18:49.000+01:00,47.49,326.77,-85.47,Night,8399.8,CRYPTO,0,1,0,1,2,1
TX0129499,U00480,M00176,2024-06-20T20:12:29.000+02:00,46.74,326.73,-85.69,Evening,3.32,CRYPTO,0,0,1,1,2,1
TX0089134,U00639,M00491,2025-04-13T09:10:12.000+02:00,46.71,112.73,-58.56,Morning,1.73,CRYPTO,0,0,1,1,2,1
TX0065338,U01717,M00337,2024-06-26T19:35:58.000+02:00,46.61,356.7,-86.93,Evening,1.77,CRYPTO,0,0,1,1,2,1
TX0028651,U05964,M00431,2024-11-06T22:56:11.000+01:00,46.52,271.18,-82.85,Night,4835.9,CRYPTO,0,1,0,1,2,1
TX0063566,U06139,M00213,2025-03-26T22:31:45.000+01:00,46.24,176.75,-73.84,Night,7995.5,CRYPTO,0,1,0,1,2,1
TX0043618,U09101,M00215,2024-07-05T22:28:56.000+02:00,46.19,230.09,-79.92,Night,11639.03,CRYPTO,0,1,0,1,2,1
TX0016386,U11886,M00348,2024-05-31T22:33:57.000+02:00,46.03,583.57,-92.11,Night,20558.27,CRYPTO,0,1,0,1,2,1
TX0093111,U03496,M00600,2025-03-30T22:31:29.000+02:00,45.95,405.81,-88.68,Night,10021.5,CRYPTO,0,1,0,1,2,1
TX0129764,U02799,M00260,2025-09-30T22:04:20.000+02:00,45.44,411.15,-88.95,Night,1040.28,CRYPTO,0,1,0,1,2,1
TX0016485,U03669,M00550,2025-01-09T01:03:26.000+01:00,45.44,692.98,-93.44,Night,3186.12,CRYPTO,0,1,0,1,2,1
TX0036332,U02902,M00340,2025-07-21T22:22:46.000+02:00,45.35,90.14,-49.69,Night,,CRYPTO,0,1,0,1,2,1
TX0086384,U03877,M00334,2024-11-18T20:23:02.000+01:00,45.33,110.26,-58.89,Evening,2.37,CRYPTO,0,0,1,1,2,1
TX0089033,U03021,M00045,2025-10-13T22:32:44.000+02:00,45.29,103.56,-56.27,Night,6408.62,CRYPTO,0,1,0,1,2,1
TX0058783,U11588,M00506,2024-10-11T23:28:05.000+02:00,45.13,491.65,-90.82,Night,19022.98,CRYPTO,0,1,0,1,2,1
TX0057805,U08654,M00144,2025-02-21T22:28:35.000+01:00,44.88,385.23,-88.35,Night,2105.28,CRYPTO,0,1,0,1,2,1
TX0016840,U08938,M00056,2024-05-31T04:58:52.000+02:00,44.81,295.45,-84.83,Night,1903.45,CRYPTO,0,1,0,1,2,1
TX0132135,U08948,M00238,2024-10-31T01:08:11.000+01:00,44.72,426.55,-89.52,Night,52526.6,CRYPTO,0,1,0,1,2,1
TX0092998,U05721,M00090,2025-12-18T02:29:56.000+01:00,44.42,184.17,-75.88,Night,477.1,CRYPTO,0,1,0,1,2,1
TX0095791,U00335,M00107,2025-07-26T22:56:00.000+02:00,44.25,171.11,-74.14,Night,1405.33,CRYPTO,0,1,0,1,2,1
TX0010264,U05109,M00089,2025-07-26T04:44:15.000+02:00,44.23,422.46,-89.53,Night,8035.33,CRYPTO,0,1,0,1,2,1
TX0076145,U11859,M00164,2025-04-13T02:26:54.000+02:00,44.22,352.56,-87.46,Night,8004.02,CRYPTO,0,1,0,1,2,1
TX0128787,U11687,M00061,2025-07-18T22:59:19.000+02:00,44.2,219.85,-79.9,Night,7476.05,CRYPTO,0,1,0,1,2,1
TX0042331,U11257,M00069,2025-05-13T22:33:28.000+02:00,43.96,274.79,-84.0,Night,3089.92,CRYPTO,0,1,0,1,2,1
TX0085629,U06585,M00238,2024-02-12T05:47:43.000+01:00,43.92,481.44,-90.88,Night,2423.97,CRYPTO,0,1,0,1,2,1
TX0025339,U01679,M00241,2025-01-26T22:29:02.000+01:00,43.83,152.94,-71.34,Night,29209.7,CRYPTO,0,1,0,1,2,1
TX0012576,U01311,M00538,2025-09-07T22:31:08.000+02:00,43.52,104.75,-58.45,Night,642.27,CRYPTO,0,1,0,1,2,1
TX0131302,U06138,M00447,2024-02-16T22:47:30.000+01:00,43.32,37.25,16.28,Night,0.92,CRYPTO,0,1,1,1,3,1
TX0030444,U05723,M00040,2025-02-06T23:11:20.000+01:00,43.29,854.15,-94.93,Night,3736.15,CRYPTO,0,1,0,1,2,1
TX0080251,U04898,M00142,2025-04-26T03:09:33.000+02:00,43.12,125.17,-65.55,Night,17079.35,CRYPTO,0,1,0,1,2,1
TX0013532,U06452,M00052,2024-07-27T22:07:33.000+02:00,42.99,429.15,-89.98,Night,13349.22,CRYPTO,0,1,0,1,2,1
TX0015618,U03705,M00577,2024-05-27T16:56:03.000+02:00,42.51,73.28,-41.99,Afternoon,2.5,CRYPTO,0,0,1,1,2,1
TX0012830,U10046,M00318,2025-05-18T22:35:53.000+02:00,42.1,213.78,-80.31,Night,16286.85,CRYPTO,0,1,0,1,2,1
TX0003065,U07682,M00427,2024-04-11T03:48:39.000+02:00,42.04,594.3,-92.93,Night,12840.35,CRYPTO,0,1,0,1,2,1
TX0009292,U03496,M00142,2025-03-23T22:29:59.000+01:00,42.0,405.81,-89.65,Night,2203.9,CRYPTO,0,1,0,1,2,1
TX0111451,U07946,M00509,2024-12-27T23:02:00.000+01:00,41.99,159.34,-73.65,Night,22165.65,CRYPTO,0,1,0,1,2,1
TX0029505,U11490,M00427,2024-05-28T03:07:08.000+02:00,41.97,512.22,-91.81,Night,9554.0,CRYPTO,0,1,0,1,2,1
TX0057248,U00229,M00397,2025-12-14T22:16:51.000+01:00,41.95,324.72,-87.08,Night,422.95,CRYPTO,0,1,0,1,2,1
TX0102084,U03934,M00293,2025-07-05T05:08:00.000+02:00,41.89,224.37,-81.33,Night,475715.98,CRYPTO,0,1,0,1,2,1
TX0060363,U04106,M00207,2025-03-26T22:44:41.000+01:00,41.7,213.36,-80.46,Night,1.58,PAYPAL,0,1,1,0,2,1
TX0046995,U02322,M00286,2024-08-07T22:07:37.000+02:00,41.44,91.72,-54.82,Night,,CRYPTO,0,1,0,1,2,1
TX0065050,U07079,M00524,2025-01-31T03:32:35.000+01:00,40.73,109.53,-62.81,Night,3460.18,CRYPTO,0,1,0,1,2,1
TX0021945,U03119,M00358,2024-02-16T02:59:51.000+01:00,40.59,415.05,-90.22,Night,493.63,CRYPTO,0,1,0,1,2,1
TX0062804,U08650,M00470,2024-03-13T05:33:22.000+01:00,40.2,169.63,-76.3,Night,7851.63,CRYPTO,0,1,0,1,2,1
TX0110870,U09769,M00552,2025-06-30T00:29:12.000+02:00,39.8,252.1,-84.21,Night,17644.92,CRYPTO,0,1,0,1,2,1
TX0124092,U02630,M00368,2025-05-16T22:28:14.000+02:00,39.77,918.2,-95.67,Night,8944.73,CRYPTO,0,1,0,1,2,1
TX0075384,U01236,M00061,2024-05-05T23:26:10.000+02:00,39.74,175.15,-77.31,Night,438.73,CRYPTO,0,1,0,1,2,1
TX0011949,U01965,M00346,2024-08-04T01:35:48.000+02:00,39.71,513.99,-92.27,Night,,CRYPTO,0,1,0,1,2,1
TX0104186,U04640,M00153,2024-02-15T23:16:11.000+01:00,39.69,561.06,-92.93,Night,3059.28,CRYPTO,0,1,0,1,2,1
TX0107749,U11729,M00120,2025-06-12T03:57:02.000+02:00,39.61,158.98,-75.09,Night,6873.05,CRYPTO,0,1,0,1,2,1
TX0086272,U06036,M00218,2025-06-19T22:45:15.000+02:00,39.56,148.58,-73.37,Night,7423.55,CRYPTO,0,1,0,1,2,1
TX0000387,U00830,M00430,2024-07-18T00:07:20.000+02:00,39.2,130.49,-69.96,Night,3850.32,CRYPTO,0,1,0,1,2,1
TX0006581,U04997,M00506,2024-12-24T02:20:00.000+01:00,39.18,191.31,-79.52,Night,6494.75,CRYPTO,0,1,0,1,2,1
TX0114172,U04426,M00036,2025-10-17T22:37:36.000+02:00,39.03,373.16,-89.54,Night,7899.25,CRYPTO,0,1,0,1,2,1
TX0004948,U07283,M00334,2024-08-22T22:11:04.000+02:00,38.98,694.77,-94.39,Night,3114.65,CRYPTO,0,1,0,1,2,1
TX0063952,U11341,M00296,2025-07-20T23:26:31.000+02:00,38.95,116.15,-66.47,Night,11496.42,CRYPTO,0,1,0,1,2,1
TX0016569,U02127,M00538,2024-10-29T05:28:26.000+01:00,38.82,1003.0,-96.13,Night,29478.52,CRYPTO,0,1,0,1,2,1
TX0100798,U06261,M00511,2024-08-26T02:03:54.000+02:00,38.6,141.88,-72.79,Night,4.03,CARD,0,1,1,0,2,1
TX0020168,U04556,M00506,2024-06-24T02:16:44.000+02:00,38.26,573.45,-93.33,Night,13484.45,CRYPTO,0,1,0,1,2,1
TX0083135,U08317,M00506,2024-06-08T22:07:03.000+02:00,38.25,1215.81,-96.85,Night,723.93,CRYPTO,0,1,0,1,2,1
TX0132349,U02534,M00348,2025-02-19T05:37:47.000+01:00,38.15,233.31,-83.65,Night,12596.42,CRYPTO,0,1,0,1,2,1
TX0127786,U02402,M00153,2024-10-29T04:46:32.000+01:00,38.12,212.77,-82.08,Night,2043.77,CRYPTO,0,1,0,1,2,1
TX0115282,U01046,M00002,2024-04-26T22:09:13.000+02:00,37.66,29.38,28.17,Night,,CRYPTO,0,1,0,1,2,1
TX0120841,U02068,M00259,2024-09-08T22:23:57.000+02:00,37.42,516.71,-92.76,Night,3542.25,CRYPTO,0,1,0,1,2,1
TX0085251,U10527,M00045,2025-06-16T22:55:05.000+02:00,37.34,605.22,-93.83,Night,1451.72,CRYPTO,0,1,0,1,2,1
TX0136403,U04619,M00424,2024-12-31T04:19:34.000+01:00,37.26,406.01,-90.82,Night,1581.03,CRYPTO,0,1,0,1,2,1
TX0137235,U02032,M00311,2024-08-17T22:00:23.000+02:00,36.0,193.18,-81.36,Night,9133.63,CRYPTO,0,1,0,1,2,1
TX0113468,U06152,M00147,2024-05-20T01:42:03.000+02:00,35.97,222.06,-83.8,Night,351.67,CRYPTO,0,1,0,1,2,1
TX0049493,U03402,M00278,2025-07-28T22:56:04.000+02:00,35.74,198.8,-82.02,Night,20533.02,CRYPTO,0,1,0,1,2,1
TX0005600,U09183,M00051,2025-09-28T23:52:47.000+02:00,35.58,158.45,-77.55,Night,2145.38,CRYPTO,0,1,0,1,2,1
TX0121640,U06139,M00363,2024-02-28T05:26:18.000+01:00,35.42,176.75,-79.96,Night,7750.27,CRYPTO,0,1,0,1,2,1
TX0051382,U07039,M00046,2024-11-19T05:35:58.000+01:00,35.39,314.76,-88.76,Night,13712.83,CRYPTO,0,1,0,1,2,1
TX0081495,U04976,M00437,2024-06-19T03:46:45.000+02:00,34.95,141.27,-75.26,Night,4778.68,CRYPTO,0,1,0,1,2,1
TX0029266,U11136,M00120,2024-07-24T22:25:53.000+02:00,34.59,316.93,-89.09,Night,349.42,CRYPTO,0,1,0,1,2,1
TX0034320,U03749,M00548,2025-04-23T23:21:56.000+02:00,34.02,217.99,-84.39,Night,,CRYPTO,0,1,0,1,2,1
TX0054658,U07349,M00176,2025-02-08T22:14:48.000+01:00,33.87,455.97,-92.57,Night,128939.5,CRYPTO,0,1,0,1,2,1
TX0065149,U11154,M00025,2025-11-13T04:30:57.000+01:00,33.86,265.04,-87.22,Night,3299.47,CRYPTO,0,1,0,1,2,1
TX0132364,U03807,M00198,2025-04-28T00:03:28.000+02:00,33.6,612.53,-94.51,Night,4734.28,CRYPTO,0,1,0,1,2,1
TX0124932,U06103,M00543,2025-11-03T04:45:50.000+01:00,33.34,170.05,-80.39,Night,14214.7,CRYPTO,0,1,0,1,2,1
TX0085999,U08144,M00280,2025-05-29T23:38:43.000+02:00,32.96,120.05,-72.54,Night,4883.52,CRYPTO,0,1,0,1,2,1
TX0095136,U09750,M00028,2025-07-04T05:29:42.000+02:00,32.71,443.86,-92.63,Night,58295.35,CRYPTO,0,1,0,1,2,1
TX0030310,U01977,M00489,2025-01-24T22:39:06.000+01:00,32.71,130.28,-74.89,Night,22392.13,CRYPTO,0,1,0,1,2,1
TX0034717,U06572,M00045,2024-10-06T22:33:44.000+02:00,32.68,59.74,-45.3,Night,7590.08,CRYPTO,0,1,0,1,2,1
TX0094072,U04426,M00082,2025-10-29T23:29:49.000+01:00,32.14,373.16,-91.39,Night,13381.25,CRYPTO,0,1,0,1,2,1
TX0125390,U11094,M00210,2025-07-06T00:52:05.000+02:00,31.86,205.03,-84.46,Night,3118.03,CRYPTO,0,1,0,1,2,1
TX0003195,U04470,M00257,2025-09-16T03:36:25.000+02:00,31.73,157.93,-79.91,Night,7481.92,CRYPTO,0,1,0,1,2,1
TX0119412,U07296,M00490,2024-11-14T02:23:13.000+01:00,31.46,170.53,-81.55,Night,9561.35,CRYPTO,0,1,0,1,2,1
TX0116653,U01910,M00516,2025-09-18T23:48:42.000+02:00,31.35,68.41,-54.17,Night,288.85,CRYPTO,0,1,0,1,2,1
TX0002822,U09117,M00045,2025-03-09T23:30:53.000+01:00,30.93,872.86,-96.46,Night,9196.8,CRYPTO,0,1,0,1,2,1
TX0060425,U08108,M00369,2025-12-30T23:01:17.000+01:00,30.79,141.5,-78.24,Night,5265.33,CRYPTO,0,1,0,1,2,1
TX0089897,U11341,M00355,2025-07-12T23:50:06.000+02:00,30.77,116.15,-73.51,Night,4383.85,CRYPTO,0,1,0,1,2,1
TX0109992,U09262,M00372,2024-05-31T13:46:46.000+02:00,30.49,186.36,-83.64,Afternoon,3.62,CRYPTO,0,0,1,1,2,1
TX0020146,U03224,M00421,2025-07-15T17:16:35.000+02:00,30.08,763.15,-96.06,Afternoon,2.25,CRYPTO,0,0,1,1,2,1
TX0046820,U00753,M00097,2024-03-12T01:16:34.000+01:00,30.08,226.55,-86.72,Night,12367.67,CRYPTO,0,1,0,1,2,1
TX0125927,U00375,M00210,2024-10-05T02:41:17.000+02:00,30.02,228.45,-86.86,Night,,CRYPTO,0,1,0,1,2,1
TX0015714,U04265,M00173,2024-11-23T01:54:10.000+01:00,29.78,241.17,-87.65,Night,,CRYPTO,0,1,0,1,2,1
TX0123455,U11666,M00504,2025-07-24T22:36:52.000+02:00,29.73,208.22,-85.72,Night,35897.9,CRYPTO,0,1,0,1,2,1
TX0021588,U07426,M00006,2024-12-15T03:05:14.000+01:00,29.63,327.24,-90.95,Night,6672.82,CRYPTO,0,1,0,1,2,1
TX0074486,U09805,M00377,2024-07-03T22:13:57.000+02:00,29.54,605.96,-95.13,Night,47432.68,CRYPTO,0,1,0,1,2,1
TX0109835,U11133,M00147,2024-10-07T22:49:36.000+02:00,29.51,29.59,-0.27,Night,,CRYPTO,0,1,0,1,2,1
TX0029218,U05964,M00443,2024-11-11T05:50:26.000+01:00,29.47,271.18,-89.13,Night,6174.25,CRYPTO,0,1,0,1,2,1
TX0125929,U04753,M00025,2024-12-02T00:52:38.000+01:00,29.42,86.05,-65.81,Night,44861.5,CRYPTO,0,1,0,1,2,1
TX0047022,U04667,M00404,2025-02-10T22:56:14.000+01:00,29.26,552.1,-94.7,Night,1790.03,CRYPTO,0,1,0,1,2,1
TX0134961,U08596,M00276,2024-05-01T23:13:03.000+02:00,29.17,686.4,-95.75,Night,464.62,CRYPTO,0,1,0,1,2,1
TX0031198,U09787,M00443,2025-08-14T22:59:24.000+02:00,29.0,576.36,-94.97,Night,4635.47,CRYPTO,0,1,0,1,2,1
TX0010462,U01277,M00222,2024-10-04T01:08:39.000+02:00,28.97,321.33,-90.98,Night,2643.78,CRYPTO,0,1,0,1,2,1
TX0075808,U06139,M00599,2024-09-20T03:48:52.000+02:00,28.95,176.75,-83.62,Night,370.0,CRYPTO,0,1,0,1,2,1
TX0011307,U03616,M00234,2025-03-21T22:59:52.000+01:00,28.62,958.49,-97.01,Night,15226.2,CRYPTO,0,1,0,1,2,1
TX0135889,U02623,M00396,2025-09-02T22:24:00.000+02:00,28.44,283.4,-89.96,Night,135282.58,CRYPTO,0,1,0,1,2,1
TX0093301,U00066,M00372,2024-01-10T02:31:46.000+01:00,28.18,361.07,-92.2,Night,2.98,PAYPAL,0,1,1,0,2,1
TX0115879,U11883,M00153,2024-03-05T01:03:35.000+01:00,27.82,346.08,-91.96,Night,401.12,CRYPTO,0,1,0,1,2,1
TX0009644,U02733,M00414,2024-05-02T02:27:45.000+02:00,27.69,226.88,-87.8,Night,3.52,,0,1,1,0,2,1
TX0111470,U09840,M00107,2025-07-24T00:17:48.000+02:00,27.27,61.1,-55.36,Night,1819.3,CRYPTO,0,1,0,1,2,1
TX0038966,U02895,M00293,2025-01-15T05:04:52.000+01:00,27.22,153.24,-82.24,Night,426.78,CRYPTO,0,1,0,1,2,1
TX0101034,U01338,M00025,2025-03-17T02:22:18.000+01:00,27.1,270.83,-89.99,Night,8576.72,CRYPTO,0,1,0,1,2,1
TX0120724,U07215,M00314,2024-12-05T22:02:15.000+01:00,26.81,192.3,-86.06,Night,834.08,CRYPTO,0,1,0,1,2,1
TX0118043,U07602,M00512,2024-02-22T01:48:09.000+01:00,26.8,93.5,-71.34,Night,25331.72,CRYPTO,0,1,0,1,2,1
TX0055430,U09099,M00406,2025-04-27T01:31:01.000+02:00,26.78,245.12,-89.07,Night,2082.57,CRYPTO,0,1,0,1,2,1
TX0006916,U10504,M00172,2025-06-27T05:12:59.000+02:00,26.69,404.53,-93.4,Night,2167.75,CRYPTO,0,1,0,1,2,1
TX0000482,U02663,M00129,2024-12-02T19:17:01.000+01:00,26.5,296.33,-91.06,Evening,2.35,CRYPTO,0,0,1,1,2,1
TX0006351,U09265,M00386,2025-03-28T04:59:24.000+01:00,26.07,124.69,-79.09,Night,3766.28,CRYPTO,0,1,0,1,2,1
TX0079572,U03826,M00126,2025-09-16T03:39:19.000+02:00,25.96,199.93,-87.02,Night,3443.63,CRYPTO,0,1,0,1,2,1
TX0090677,U07984,M00232,2025-03-21T19:29:47.000+01:00,25.6,77.01,-66.76,Evening,2.08,CRYPTO,0,0,1,1,2,1
TX0124607,U10524,M00150,2025-02-02T23:21:10.000+01:00,25.48,233.1,-89.07,Night,49407.22,CRYPTO,0,1,0,1,2,1
TX0060261,U01950,M00342,2025-11-03T23:02:39.000+01:00,25.43,235.94,-89.22,Night,181819.28,CRYPTO,0,1,0,1,2,1
TX0129277,U00307,M00107,2025-04-06T05:56:45.000+02:00,25.2,189.52,-86.7,Night,839.97,CRYPTO,0,1,0,1,2,1
TX0079593,U02892,M00259,2024-08-27T02:26:17.000+02:00,25.05,158.17,-84.16,Night,850.35,CRYPTO,0,1,0,1,2,1
TX0135828,U00570,M00232,2024-02-20T22:54:01.000+01:00,24.99,521.17,-95.21,Night,6268.72,CRYPTO,0,1,0,1,2,1
TX0010185,U05788,M00220,2024-12-16T02:29:55.000+01:00,24.86,508.68,-95.11,Night,6255.13,CRYPTO,0,1,0,1,2,1
TX0081172,U07628,M00042,2025-11-03T23:23:27.000+01:00,24.53,239.46,-89.76,Night,1700.62,CRYPTO,0,1,0,1,2,1
TX0056036,U01068,M00023,2024-07-15T23:32:39.000+02:00,24.44,322.31,-92.42,Night,3191.72,CRYPTO,0,1,0,1,2,1
TX0130697,U05554,M00029,2025-10-08T07:31:41.000+02:00,24.39,156.86,-84.45,Morning,2.12,CRYPTO,0,0,1,1,2,1
TX0088928,U07303,M00012,2024-10-30T19:01:52.000+01:00,24.27,175.68,-86.18,Evening,3.08,CRYPTO,0,0,1,1,2,1
TX0001114,U09537,M00515,2025-07-13T01:57:01.000+02:00,24.26,48.57,-50.05,Night,186.63,CRYPTO,0,1,0,1,2,1
TX0031586,U03331,M00382,2025-02-14T02:55:31.000+01:00,24.12,299.49,-91.95,Night,1935.48,CRYPTO,0,1,0,1,2,1
TX0137049,U04723,M00324,2025-04-30T03:46:38.000+02:00,23.45,38.81,-39.58,Night,29621.37,CRYPTO,0,1,0,1,2,1
TX0012146,U01382,M00300,2024-10-23T05:14:29.000+02:00,22.76,395.93,-94.25,Night,9176.85,CRYPTO,0,1,0,1,2,1
TX0004702,U00829,M00372,2025-02-15T22:51:30.000+01:00,22.56,489.22,-95.39,Night,7696.9,CRYPTO,0,1,0,1,2,1
TX0099891,U04041,M00288,2025-10-14T02:30:27.000+02:00,22.43,524.45,-95.72,Night,12008.37,CRYPTO,0,1,0,1,2,1
TX0001313,U08933,M00547,2024-06-20T01:44:52.000+02:00,21.92,311.47,-92.96,Night,3516.8,CRYPTO,0,1,0,1,2,1
TX0053600,U03441,M00240,2025-03-30T22:43:10.000+02:00,21.68,393.18,-94.49,Night,4234.83,CRYPTO,0,1,0,1,2,1
TX0048167,U03265,M00129,2024-07-30T22:03:17.000+02:00,21.61,403.14,-94.64,Night,2826.78,CRYPTO,0,1,0,1,2,1
TX0002378,U08782,M00368,2024-05-16T01:42:14.000+02:00,21.49,539.9,-96.02,Night,88229.27,CRYPTO,0,1,0,1,2,1
TX0053423,U09678,M00486,2024-09-29T02:43:54.000+02:00,21.26,414.62,-94.87,Night,467.52,CRYPTO,0,1,0,1,2,1
TX0014920,U03940,M00193,2025-04-13T22:30:59.000+02:00,21.18,351.67,-93.98,Night,16264.48,CRYPTO,0,1,0,1,2,1
TX0111822,U11967,M00371,2024-03-26T01:25:53.000+01:00,20.81,576.69,-96.39,Night,821.28,CRYPTO,0,1,0,1,2,1
TX0025182,U05722,M00045,2025-03-14T04:56:43.000+01:00,20.47,180.06,-88.63,Night,18202.27,CRYPTO,0,1,0,1,2,1
TX0050971,U06891,M00215,2024-01-13T02:38:30.000+01:00,20.18,345.99,-94.17,Night,16346.03,CRYPTO,0,1,0,1,2,1
TX0022406,U05401,M00147,2025-07-06T04:11:44.000+02:00,19.82,460.29,-95.69,Night,,CRYPTO,0,1,0,1,2,1
TX0100789,U08654,M00198,2025-04-04T23:34:41.000+02:00,19.62,385.23,-94.91,Night,481.13,CRYPTO,0,1,0,1,2,1
TX0065192,U03384,M00057,2024-06-30T22:14:50.000+02:00,19.55,1415.03,-98.62,Night,12391.6,CRYPTO,0,1,0,1,2,1
TX0100836,U08061,M00474,2025-09-20T03:11:52.000+02:00,19.43,155.19,-87.48,Night,12284.52,CRYPTO,0,1,0,1,2,1
TX0045647,U04690,M00512,2024-07-28T22:14:28.000+02:00,19.4,394.98,-95.09,Night,7977.33,CRYPTO,0,1,0,1,2,1
TX0033587,U05821,M00518,2024-10-11T23:19:51.000+02:00,19.17,118.21,-83.78,Night,13549.38,CRYPTO,0,1,0,1,2,1
TX0013047,U09115,M00332,2025-01-15T22:29:14.000+01:00,18.96,417.13,-95.45,Night,3994.07,CRYPTO,0,1,0,1,2,1
TX0114837,U01622,M00074,2024-12-20T03:16:08.000+01:00,18.69,384.37,-95.14,Night,579.42,CRYPTO,0,1,0,1,2,1
TX0123546,U07674,M00023,2025-08-29T04:06:16.000+02:00,18.63,169.97,-89.04,Night,15252.38,CRYPTO,0,1,0,1,2,1
TX0123153,U05274,M00322,2025-12-03T23:26:08.000+01:00,18.49,222.1,-91.68,Night,6752.37,CRYPTO,0,1,0,1,2,1
TX0054311,U11891,M00153,2024-12-05T22:53:01.000+01:00,18.48,410.52,-95.5,Night,109816.92,CRYPTO,0,1,0,1,2,1
TX0030195,U05744,M00391,2024-11-29T19:40:42.000+01:00,18.47,20.41,-9.49,Evening,3.85,CRYPTO,0,0,1,1,2,1
TX0000862,U05964,M00344,2024-07-30T23:07:53.000+02:00,18.39,271.18,-93.22,Night,2069.15,CRYPTO,0,1,0,1,2,1
TX0033456,U06826,M00270,2024-05-02T22:17:08.000+02:00,18.39,268.28,-93.15,Night,,CRYPTO,0,1,0,1,2,1
TX0029051,U04165,M00147,2025-05-16T04:32:52.000+02:00,18.29,145.64,-87.44,Night,2.42,CASH,0,1,1,0,2,1
TX0004276,U02676,M00491,2025-07-12T02:23:05.000+02:00,18.18,448.22,-95.94,Night,2.17,BANK_TRANSFER,0,1,1,0,2,1
TX0064017,U06036,M00397,2025-07-28T04:47:02.000+02:00,18.15,148.58,-87.78,Night,3484.32,CRYPTO,0,1,0,1,2,1
TX0117820,U04635,M00324,2024-04-12T22:18:52.000+02:00,17.77,461.63,-96.15,Night,4805.88,CRYPTO,0,1,0,1,2,1
TX0048364,U10914,M00401,2024-09-03T02:49:07.000+02:00,17.68,117.35,-84.93,Night,90.63,CRYPTO,0,1,0,1,2,1
TX0057469,U02709,M00300,2024-12-15T04:43:56.000+01:00,17.57,367.38,-95.22,Night,615.28,CRYPTO,0,1,0,1,2,1
TX0087631,U07135,M00180,2024-10-22T05:16:11.000+02:00,17.4,440.07,-96.05,Night,19346.38,CRYPTO,0,1,0,1,2,1
TX0032687,U10418,M00301,2025-10-04T01:33:26.000+02:00,17.34,82.44,-78.97,Night,631.47,CRYPTO,0,1,0,1,2,1
TX0094566,U01144,M00300,2024-09-05T22:24:31.000+02:00,17.32,265.22,-93.47,Night,274486.32,CRYPTO,0,1,0,1,2,1
TX0054018,U06623,M00141,2025-04-16T05:30:35.000+02:00,17.04,251.06,-93.21,Night,9466.97,CRYPTO,0,1,0,1,2,1
TX0132002,U00463,M00115,2025-05-16T22:23:37.000+02:00,17.02,316.41,-94.62,Night,,CRYPTO,0,1,0,1,2,1
TX0020778,U09504,M00429,2025-06-25T02:18:07.000+02:00,16.99,738.47,-97.7,Night,13499.68,CRYPTO,0,1,0,1,2,1
TX0079491,U02110,M00154,2024-10-20T04:02:42.000+02:00,16.97,153.55,-88.95,Night,327624.5,CRYPTO,0,1,0,1,2,1
TX0010728,U11613,M00238,2024-04-24T05:14:26.000+02:00,16.94,57.79,-70.69,Night,2319.48,CRYPTO,0,1,0,1,2,1
TX0071050,U01288,M00002,2025-01-16T05:19:29.000+01:00,16.73,392.07,-95.73,Night,10875.85,CRYPTO,0,1,0,1,2,1
TX0032548,U01294,M00518,2025-04-24T02:37:59.000+02:00,16.6,472.97,-96.49,Night,3869.93,CRYPTO,0,1,0,1,2,1
TX0038016,U05171,M00093,2024-08-14T22:13:05.000+02:00,16.28,368.0,-95.58,Night,679.2,CRYPTO,0,1,0,1,2,1
TX0051903,U10029,M00394,2024-12-04T00:14:17.000+01:00,16.17,435.79,-96.29,Night,6401.5,CRYPTO,0,1,0,1,2,1
TX0117016,U08428,M00322,2024-06-26T23:04:30.000+02:00,16.12,145.42,-88.92,Night,5919.07,CRYPTO,0,1,0,1,2,1
TX0041864,U03840,M00391,2024-12-19T23:17:22.000+01:00,16.09,187.4,-91.41,Night,2955.47,CRYPTO,0,1,0,1,2,1
TX0089315,U06897,M00378,2024-07-17T01:36:07.000+02:00,15.6,362.24,-95.69,Night,68036.12,CRYPTO,0,1,0,1,2,1
TX0122744,U07190,M00037,2024-10-27T01:12:41.000+02:00,15.55,154.01,-89.9,Night,13976.25,CRYPTO,0,1,0,1,2,1
TX0051129,U01526,M00219,2024-06-30T05:10:37.000+02:00,15.37,265.28,-94.21,Night,66152.13,CRYPTO,0,1,0,1,2,1
TX0048584,U02652,M00600,2025-02-14T22:47:07.000+01:00,15.29,432.46,-96.46,Night,13359.57,CRYPTO,0,1,0,1,2,1
TX0069698,U08475,M00115,2024-07-19T04:15:57.000+02:00,15.1,324.34,-95.34,Night,11240.92,CRYPTO,0,1,0,1,2,1
TX0045622,U06233,M00325,2024-03-31T22:40:44.000+02:00,15.06,278.58,-94.59,Night,254.3,CRYPTO,0,1,0,1,2,1
TX0064031,U09265,M00257,2024-12-26T05:07:46.000+01:00,14.8,124.69,-88.13,Night,5339.75,CRYPTO,0,1,0,1,2,1
TX0064864,U00018,M00321,2024-10-21T21:45:35.000+02:00,14.68,144.55,-89.84,Evening,4.68,CRYPTO,0,0,1,1,2,1
TX0060204,U09154,M00003,2025-06-08T04:24:14.000+02:00,14.58,459.88,-96.83,Night,112989.83,CRYPTO,0,1,0,1,2,1
TX0118848,U09444,M00029,2024-05-27T22:25:15.000+02:00,14.48,295.11,-95.09,Night,4638.08,CRYPTO,0,1,0,1,2,1
TX0029231,U09544,M00198,2024-04-10T23:38:02.000+02:00,14.46,640.23,-97.74,Night,,CRYPTO,0,1,0,1,2,1
TX0018687,U00829,M00396,2024-12-05T00:03:09.000+01:00,14.43,489.22,-97.05,Night,3087.23,CRYPTO,0,1,0,1,2,1
TX0003563,U11613,M00515,2024-06-01T02:33:04.000+02:00,14.37,57.79,-75.13,Night,54428.12,CRYPTO,0,1,0,1,2,1
TX0072960,U00837,M00553,2025-02-01T01:40:06.000+01:00,14.17,282.96,-94.99,Night,,CRYPTO,0,1,0,1,2,1
TX0092598,U04236,M00376,2024-05-02T05:33:49.000+02:00,14.15,226.62,-93.76,Night,,CRYPTO,0,1,0,1,2,1
TX0084823,U11019,M00257,2025-08-01T22:09:15.000+02:00,13.81,163.83,-91.57,Night,91405.32,CRYPTO,0,1,0,1,2,1
TX0097290,U01171,M00447,2024-07-15T23:02:42.000+02:00,13.8,170.65,-91.91,Night,9989.55,CRYPTO,0,1,0,1,2,1
TX0065088,U02995,M00416,2025-12-10T03:00:35.000+01:00,13.7,316.97,-95.68,Night,2221.05,CRYPTO,0,1,0,1,2,1
TX0120746,U10109,M00126,2025-07-02T22:36:49.000+02:00,13.36,761.54,-98.25,Night,,CRYPTO,0,1,0,1,2,1
TX0090882,U07477,M00239,2025-08-12T02:17:40.000+02:00,13.24,304.27,-95.65,Night,10841.12,CRYPTO,0,1,0,1,2,1
TX0127325,U06751,M00516,2025-09-15T04:51:18.000+02:00,13.08,285.91,-95.43,Night,12273.35,CRYPTO,0,1,0,1,2,1
TX0022138,U09154,M00169,2025-03-20T22:55:18.000+01:00,13.02,459.88,-97.17,Night,10857.52,CRYPTO,0,1,0,1,2,1
TX0044683,U01632,M00376,2024-12-03T02:22:47.000+01:00,12.84,210.59,-93.9,Night,4801.72,CRYPTO,0,1,0,1,2,1
TX0096733,U08790,M00348,2025-02-04T22:09:19.000+01:00,12.8,274.74,-95.34,Night,102480.48,CRYPTO,0,1,0,1,2,1
TX0072402,U06043,M00061,2025-05-24T01:46:00.000+02:00,12.77,686.09,-98.14,Night,16861.72,CRYPTO,0,1,0,1,2,1
TX0068621,U03616,M00416,2025-01-22T22:38:08.000+01:00,12.55,958.49,-98.69,Night,7627.03,CRYPTO,0,1,0,1,2,1
TX0039514,U01245,M00323,2024-07-20T13:24:06.000+02:00,12.51,201.89,-93.8,Afternoon,2.72,CRYPTO,0,0,1,1,2,1
TX0034912,U11624,M00551,2025-09-21T22:55:20.000+02:00,12.42,563.09,-97.79,Night,1731.35,CRYPTO,0,1,0,1,2,1
TX0000733,U10527,M00238,2025-06-19T18:18:05.000+02:00,11.69,605.22,-98.07,Evening,3.43,CRYPTO,0,0,1,1,2,1
TX0018050,U11335,M00239,2025-10-22T23:37:35.000+02:00,11.2,221.39,-94.94,Night,87.72,CRYPTO,0,1,0,1,2,1
TX0116184,U01716,M00552,2024-03-14T22:28:44.000+01:00,11.13,128.38,-91.33,Night,4660.88,CRYPTO,0,1,0,1,2,1
TX0046052,U10004,M00320,2025-02-18T03:36:58.000+01:00,10.86,133.17,-91.84,Night,20704.25,CRYPTO,0,1,0,1,2,1
TX0049198,U10987,M00180,2024-07-13T00:40:19.000+02:00,10.4,207.13,-94.98,Night,4650.65,CRYPTO,0,1,0,1,2,1
TX0039279,U11094,M00490,2025-02-06T23:52:24.000+01:00,10.07,205.03,-95.09,Night,1578.43,CRYPTO,0,1,0,1,2,1
TX0033166,U07177,M00589,2025-11-15T08:05:11.000+01:00,9.4,325.49,-97.11,Morning,2.93,CRYPTO,0,0,1,1,2,1
TX0012987,U00289,M00308,2025-07-07T22:14:53.000+02:00,9.28,1117.25,-99.17,Night,7506.95,CRYPTO,0,1,0,1,2,1
TX0073904,U02089,M00477,2024-12-12T22:23:43.000+01:00,9.15,1027.98,-99.11,Night,16086.57,CRYPTO,0,1,0,1,2,1
TX0017808,U02094,M00234,2024-12-14T04:14:10.000+01:00,8.93,490.57,-98.18,Night,18316.6,CRYPTO,0,1,0,1,2,1
TX0111861,U01338,M00573,2025-02-26T18:55:54.000+01:00,8.91,270.83,-96.71,Evening,1.65,CRYPTO,0,0,1,1,2,1
TX0044016,U05705,M00234,2025-08-22T22:07:50.000+02:00,8.87,279.4,-96.83,Night,9989.28,CRYPTO,0,1,0,1,2,1
TX0017045,U00354,M00548,2025-04-02T23:30:37.000+02:00,8.59,239.1,-96.41,Night,1478.15,CRYPTO,0,1,0,1,2,1
TX0113748,U01965,M00037,2025-09-27T22:25:03.000+02:00,8.26,513.99,-98.39,Night,7386.07,CRYPTO,0,1,0,1,2,1
TX0113711,U01539,M00447,2025-05-24T03:45:56.000+02:00,8.13,287.96,-97.18,Night,27552.4,CRYPTO,0,1,0,1,2,1
TX0080918,U05572,M00107,2024-04-16T03:20:35.000+02:00,7.88,66.94,-88.23,Night,27805.38,CRYPTO,0,1,0,1,2,1
TX0075257,U09505,M00208,2025-09-29T03:11:50.000+02:00,7.83,119.58,-93.45,Night,2390.42,CRYPTO,0,1,0,1,2,1
TX0082851,U02207,M00511,2025-07-01T00:11:00.000+02:00,7.6,139.72,-94.56,Night,40452.77,CRYPTO,0,1,0,1,2,1
TX0085118,U01676,M00486,2025-11-03T02:30:39.000+01:00,7.59,306.02,-97.52,Night,97032.27,CRYPTO,0,1,0,1,2,1
TX0019262,U01713,M00129,2024-08-18T04:02:36.000+02:00,7.52,523.11,-98.56,Night,6406.85,CRYPTO,0,1,0,1,2,1
TX0083248,U05799,M00486,2024-01-25T04:27:56.000+01:00,7.03,178.69,-96.07,Night,19161.35,CRYPTO,0,1,0,1,2,1
TX0092978,U01487,M00305,2025-08-18T02:58:50.000+02:00,6.8,707.91,-99.04,Night,,CRYPTO,0,1,0,1,2,1
TX0036436,U10619,M00538,2025-11-06T23:39:08.000+01:00,6.63,284.72,-97.67,Night,7507.83,CRYPTO,0,1,0,1,2,1
TX0010888,U01534,M00215,2024-06-09T01:06:40.000+02:00,6.55,271.28,-97.59,Night,827.67,CRYPTO,0,1,0,1,2,1
TX0078351,U11811,M00272,2024-07-14T00:12:14.000+02:00,6.32,122.05,-94.82,Night,1018.68,CRYPTO,0,1,0,1,2,1
TX0058907,U10123,M00437,2024-12-19T00:47:58.000+01:00,6.27,154.13,-95.93,Night,6212.75,CRYPTO,0,1,0,1,2,1
TX0077297,U10856,M00169,2024-12-31T22:43:27.000+01:00,6.03,469.1,-98.71,Night,30458.72,CRYPTO,0,1,0,1,2,1
TX0084130,U10771,M00287,2024-10-29T22:30:04.000+01:00,5.82,203.04,-97.13,Night,24903.12,CRYPTO,0,1,0,1,2,1
TX0001935,U03826,M00287,2025-09-29T02:42:34.000+02:00,4.99,199.93,-97.5,Night,12010.02,CRYPTO,0,1,0,1,2,1
TX0107304,U10840,M00003,2024-02-07T22:29:26.000+01:00,4.49,492.09,-99.09,Night,9439.85,CRYPTO,0,1,0,1,2,1
TX0058384,U01261,M00567,2025-12-01T17:49:30.000+01:00,4.37,141.43,-96.91,Afternoon,3.07,CRYPTO,0,0,1,1,2,1
TX0080519,U03661,M00567,2025-07-23T22:22:57.000+02:00,3.98,1106.84,-99.64,Night,13623.07,CRYPTO,0,1,0,1,2,1
TX0046162,U02730,M00348,2024-09-04T23:21:32.000+02:00,3.36,123.76,-97.29,Night,24686.47,CRYPTO,0,1,0,1,2,1
TX0091302,U05109,M00567,2025-07-17T22:20:19.000+02:00,2.54,422.46,-99.4,Night,2580.97,CRYPTO,0,1,0,1,2,1
TX0057542,U10160,M00567,2025-11-13T01:14:40.000+01:00,2.26,96.26,-97.65,Night,7644.0,CRYPTO,0,1,0,1,2,1
TX0039090,U04092,M00052,2024-05-10T23:39:03.000+02:00,2.03,509.52,-99.6,Night,645.48,CRYPTO,0,1,0,1,2,1
